site,kind,url,title,sitemap_status,updated_at,age_days,clicks,impressions,ctr_percent,position,band,local_gaps,search_opportunity,primary_action,source_location
homeoffice,product,https://homeoffice.madabase.com/reviews/branch-ergonomic-chair,"Branch Ergonomic Chair Guide: Warranty, Fit & Returns",included,"September 11, 2026",27,0,493,0,7.5,page-one-zero-click,,implemented,Rewrite title and description around the exact buying objection; keep the body intent stable and test CTR.,content.ts:736
homeoffice,product,https://homeoffice.madabase.com/reviews/anker-675-usb-c-docking-station,"Anker 675 Guide: One-Monitor Dock and Stand, Not Dual Display",included,"August 6, 2026",63,0,251,0,9.61,page-one-zero-click,,implemented,Rewrite title and description around the exact buying objection; keep the body intent stable and test CTR.,content.ts:1019
baby,guide,https://baby.madabase.com/guides/ergobaby-omni-breeze-forward-facing-age-guide,Ergobaby Omni Breeze Forward Facing: Age & Fit Checks,included,"September 11, 2026",27,0,225,0,7.78,page-one-zero-click,,implemented,Rewrite title and description around the exact buying objection; keep the body intent stable and test CTR.,gsc-priority-expansion-content.ts:400
homeoffice,product,https://homeoffice.madabase.com/reviews/hon-ignition-2-0-chair,"HON Ignition 2.0 Guide: Warranty, Fit & Controls",included,"September 11, 2026",27,0,181,0,9.15,page-one-zero-click,,implemented,Rewrite title and description around the exact buying objection; keep the body intent stable and test CTR.,content.ts:778
homeoffice,product,https://homeoffice.madabase.com/reviews/caldigit-ts4-thunderbolt-dock,CalDigit TS4 Guide: Mac Dual-Monitor Compatibility & 98W,included,"August 13, 2026",56,0,179,0,9.53,page-one-zero-click,,implemented,Rewrite title and description around the exact buying objection; keep the body intent stable and test CTR.,homeoffice-dock-content.ts:224
homeoffice,guide,https://homeoffice.madabase.com/guides/portable-monitor-usb-c-dp-alt-mode-displaylink-guide,DP Alt Mode Driver vs DisplayLink: Portable Monitor Guide,included,"August 8, 2026",61,0,101,0,8.65,page-one-zero-click,,,Rewrite title and description around the exact buying objection; keep the body intent stable and test CTR.,second-round-august-2026-content.ts:444
baby,product,https://baby.madabase.com/reviews/momcozy-purehug-baby-carrier,Momcozy PureHug Guide: 3-Month Fit & Carry Limits,included,"July 31, 2026",69,0,87,0,9.71,page-one-zero-click,,implemented,Rewrite title and description around the exact buying objection; keep the body intent stable and test CTR.,commercial-expansion-content.ts:144
baby,product,https://baby.madabase.com/reviews/philips-avent-premium-fast-bottle-warmer-scf358,Philips Avent SCF358 Bottle Warmer Guide,included,"August 8, 2026",61,0,87,0,8.77,page-one-zero-click,,,Rewrite title and description around the exact buying objection; keep the body intent stable and test CTR.,august-2026-product-expansion-content.ts:354
baby,roundup,https://baby.madabase.com/best/babybjorn-harmony-vs-ergobaby-omni-breeze,BabyBjörn Harmony vs. Ergobaby Omni Breeze,included,"September 24, 2026",14,0,80,0,8.01,page-one-zero-click,,,Rewrite title and description around the exact buying objection; keep the body intent stable and test CTR.,adjacent-expansion-content.ts:632
baby,roundup,https://baby.madabase.com/best/dr-browns-vs-baby-brezza-sterilizer-dryer,Dr. Brown's vs Baby Brezza Sterilizer Dryer: Capacity & Fit,included,"September 24, 2026",14,0,68,0,8.1,page-one-zero-click,,,Rewrite title and description around the exact buying objection; keep the body intent stable and test CTR.,aggressive-portfolio-expansion-content.ts:86
homeoffice,guide,https://homeoffice.madabase.com/guides/key-light-for-glasses-glare-placement,Key Light Placement for Glasses: Reduce Video-Call Glare,included,"July 16, 2026",84,0,61,0,7.23,page-one-zero-click,,,Rewrite title and description around the exact buying objection; keep the body intent stable and test CTR.,aggressive-portfolio-expansion-content.ts:361
homeoffice,product,https://homeoffice.madabase.com/reviews/elgato-key-light-neo,Elgato Key Light Neo Guide: Monitor-Mounted Video Call Light,included,"September 24, 2026",14,0,47,0,9,page-one-zero-click,implicit-evidence-mode,,Rewrite title and description around the exact buying objection; keep the body intent stable and test CTR.,gsc-priority-expansion-content.ts:171
homeoffice,product,https://homeoffice.madabase.com/reviews/uplift-v3-standing-desk,"UPLIFT V3 Standing Desk: Size, Height & Fit Guide",included,"September 24, 2026",14,0,36,0,9.53,page-one-zero-click,implicit-evidence-mode,,Rewrite title and description around the exact buying objection; keep the body intent stable and test CTR.,content.ts:661
homeoffice,product,https://homeoffice.madabase.com/reviews/asus-zenscreen-mb16acv-portable-monitor,ASUS ZenScreen MB16ACV Guide: USB-C & DisplayLink,included,"August 8, 2026",61,0,34,0,7.15,page-one-zero-click,,,Rewrite title and description around the exact buying objection; keep the body intent stable and test CTR.,second-round-august-2026-content.ts:219
homeoffice,product,https://homeoffice.madabase.com/reviews/flexispot-e7-mini-standing-desk,"FlexiSpot E7 Mini Guide: Dimensions, Height & Small-Desk Fit",included,"September 25, 2026",13,0,34,0,9.65,page-one-zero-click,implicit-evidence-mode,implemented,Rewrite title and description around the exact buying objection; keep the body intent stable and test CTR.,content.ts:575
homeoffice,product,https://homeoffice.madabase.com/reviews/logitech-litra-glow,"Logitech Litra Glow Guide: Mount, Controls & Call-Lighting Fit",included,"July 26, 2026",74,0,34,0,7.41,page-one-zero-click,,,Rewrite title and description around the exact buying objection; keep the body intent stable and test CTR.,content.ts:940
baby,guide,https://baby.madabase.com/guides/ergobaby-omni-breeze-cleaning-guide,How to Clean an Ergobaby Omni Breeze,included,"July 23, 2026",77,0,33,0,8.06,page-one-zero-click,,implemented,Rewrite title and description around the exact buying objection; keep the body intent stable and test CTR.,topic-cluster-content.ts:6
baby,roundup,https://baby.madabase.com/best/momcozy-purehug-vs-ergobaby-omni-breeze,Momcozy PureHug vs. Ergobaby Omni Breeze,included,"July 28, 2026",72,0,31,0,7.55,page-one-zero-click,,implemented,Rewrite title and description around the exact buying objection; keep the body intent stable and test CTR.,commercial-expansion-content.ts:508
baby,guide,https://baby.madabase.com/guides/baby-wipe-warmers-buying-guide,"Baby Wipe Warmer Buying Guide: Heat, Moisture, and Cleaning",included,"August 11, 2026",58,0,31,0,8.52,page-one-zero-click,,,Rewrite title and description around the exact buying objection; keep the body intent stable and test CTR.,broad-product-pilot-3-content.ts:980
baby,product,https://baby.madabase.com/reviews/chicco-advanced-sterilizer-dryer,Chicco Sterilizer Dryer Guide: 6-Bottle Capacity,included,"September 24, 2026",14,0,28,0,9.07,page-one-zero-click,implicit-evidence-mode,,Rewrite title and description around the exact buying objection; keep the body intent stable and test CTR.,gsc-priority-expansion-content.ts:117
baby,guide,https://baby.madabase.com/guides/ergobaby-omni-breeze-newborn-fit-checklist,Ergobaby Omni Breeze Newborn Fit Checklist,included,"July 23, 2026",77,0,26,0,8.38,page-one-zero-click,,implemented,Rewrite title and description around the exact buying objection; keep the body intent stable and test CTR.,expansion-guides.ts:315
homeoffice,product,https://homeoffice.madabase.com/reviews/ugreen-30768-usb-3-switch,UGREEN 30768 USB Switch Guide: Not a Display KVM,included,"August 8, 2026",61,0,26,0,6.81,page-one-zero-click,,,Rewrite title and description around the exact buying objection; keep the body intent stable and test CTR.,second-round-august-2026-content.ts:158
homeoffice,guide,https://homeoffice.madabase.com/guides/under-desk-cpu-holders-buying-guide,"Under-Desk CPU Holder Buying Guide: Case Fit, Airflow, and Desk Strength",included,"August 11, 2026",58,0,23,0,9.43,page-one-zero-click,,,Rewrite title and description around the exact buying objection; keep the body intent stable and test CTR.,broad-product-pilot-3-content.ts:665
baby,guide,https://baby.madabase.com/guides/childproof-cabinet-locks-buying-guide,"Childproof Cabinet Lock Buying Guide: Hazard Storage, Door Fit, and Daily Re-Locking",included,"August 10, 2026",59,0,20,0,7.3,page-one-zero-click,long-title,,Rewrite title and description around the exact buying objection; keep the body intent stable and test CTR.,broad-product-pilot-2-content.ts:532
baby,product,https://baby.madabase.com/reviews/ergobaby-omni-breeze-carrier,"Ergobaby Omni Breeze Guide: Newborn Fit, Weight Limit & Positions",included,"July 23, 2026",77,0,131,0,13.59,page-two-push,implicit-evidence-mode,implemented,"Add the missing query answer, comparison evidence, and 3-5 contextual internal links from stronger pages.",content.ts:1342
baby,product,https://baby.madabase.com/reviews/grownsy-bottle-sterilizer-dryer,GROWNSY Bottle Sterilizer Dryer Guide: Worth It for Small Kitchens?,included,"September 11, 2026",27,0,117,0,10.49,page-two-push,,implemented,"Add the missing query answer, comparison evidence, and 3-5 contextual internal links from stronger pages.",gsc-priority-expansion-content.ts:60
baby,product,https://baby.madabase.com/reviews/baby-brezza-sterilizer-dryer-advanced,Baby Brezza Sterilizer Dryer Guide: Bottle Size & Capacity,included,"August 23, 2026",46,0,104,0,14.01,page-two-push,,,"Add the missing query answer, comparison evidence, and 3-5 contextual internal links from stronger pages.",content.ts:1303
baby,guide,https://baby.madabase.com/guides/bottle-washer-vs-sterilizer-vs-dryer-guide,Bottle Washer vs. Sterilizer vs. Dryer,included,"July 26, 2026",74,0,77,0,14.94,page-two-push,,,"Add the missing query answer, comparison evidence, and 3-5 contextual internal links from stronger pages.",expansion-guides.ts:245
homeoffice,guide,https://homeoffice.madabase.com/guides/wireless-presentation-clickers-buying-guide,"Wireless Presentation Clicker Guide: USB, Bluetooth, Range, and Controls",included,"August 11, 2026",58,0,75,0,15.08,page-two-push,,,"Add the missing query answer, comparison evidence, and 3-5 contextual internal links from stronger pages.",broad-product-pilot-3-content.ts:800
homeoffice,product,https://homeoffice.madabase.com/reviews/plugable-tbt4-ud5-thunderbolt-dock,Plugable TBT4-UD5 Guide: Native Dual 4K Mac Compatibility,included,"August 6, 2026",63,0,61,0,11.2,page-two-push,,implemented,"Add the missing query answer, comparison evidence, and 3-5 contextual internal links from stronger pages.",homeoffice-dock-content.ts:119
baby,product,https://baby.madabase.com/reviews/babybjorn-carrier-mini-3d-mesh,BabyBjörn Carrier Mini Guide: Newborn Fit vs. Harmony,included,"July 28, 2026",72,0,45,0,15.04,page-two-push,implicit-evidence-mode,implemented,"Add the missing query answer, comparison evidence, and 3-5 contextual internal links from stronger pages.",commercial-expansion-content.ts:114
baby,product,https://baby.madabase.com/reviews/baby-tula-lite-carrier,"Tula Lite Carrier Guide: 12–30 lb Fit, Travel Pouch & Carry Limits",included,"July 2, 2026",98,0,38,0,13.95,page-two-push,implicit-evidence-mode,,"Add the missing query answer, comparison evidence, and 3-5 contextual internal links from stronger pages.",verified-affiliate-batch-content.ts:231
baby,guide,https://baby.madabase.com/guides/infant-bath-tubs-safety-and-skip-guide,Infant Bath Tubs: Safety Limits and When to Skip,included,"August 9, 2026",60,0,33,0,10.58,page-two-push,,,"Add the missing query answer, comparison evidence, and 3-5 contextual internal links from stronger pages.",quadruple-expansion-content.ts:generated
homeoffice,product,https://homeoffice.madabase.com/reviews/ergotron-hx-monitor-arm,Ergotron HX Guide: Heavy Monitor Arm for Walking Desks,included,"July 23, 2026",77,0,33,0,10.03,page-two-push,implicit-evidence-mode,implemented,"Add the missing query answer, comparison evidence, and 3-5 contextual internal links from stronger pages.",commercial-expansion-content.ts:261
baby,product,https://baby.madabase.com/reviews/nanit-pro-smart-baby-monitor,"Nanit Essentials Monitor Guide: Floor Stand, Plan & Bundle",included,"July 16, 2026",84,0,32,0,10.66,page-two-push,implicit-evidence-mode,,"Add the missing query answer, comparison evidence, and 3-5 contextual internal links from stronger pages.",content.ts:1160
baby,guide,https://baby.madabase.com/guides/nursery-glider-chairs-safety-and-skip-guide,Nursery Glider Chairs: Safety Limits and When to Skip,included,"August 9, 2026",60,0,28,0,10.11,page-two-push,,,"Add the missing query answer, comparison evidence, and 3-5 contextual internal links from stronger pages.",quadruple-expansion-content.ts:generated
homeoffice,roundup,https://homeoffice.madabase.com/best/best-dual-monitor-docks-mac-windows,Dual-Monitor Docks for Mac and Windows by Chip Type,included,"July 22, 2026",78,0,27,0,11.7,page-two-push,,,"Add the missing query answer, comparison evidence, and 3-5 contextual internal links from stronger pages.",homeoffice-dock-content.ts:332
baby,product,https://baby.madabase.com/reviews/momcozy-kleanpal-pro-baby-bottle-washer,"Momcozy KleanPal Pro Guide: Cycles, Capacity & Counter Fit",included,"June 30, 2026",100,0,26,0,10.77,page-two-push,implicit-evidence-mode,,"Add the missing query answer, comparison evidence, and 3-5 contextual internal links from stronger pages.",content.ts:1265
baby,product,https://baby.madabase.com/reviews/dr-browns-all-in-one-sterilizer-dryer,Dr. Brown's Sterilizer Dryer Guide: Capacity & Drying,included,"July 23, 2026",77,0,25,0,18.56,page-two-push,implicit-evidence-mode,implemented,"Add the missing query answer, comparison evidence, and 3-5 contextual internal links from stronger pages.",gsc-priority-expansion-content.ts:6
baby,guide,https://baby.madabase.com/guides/baby-bath-kneelers-buying-guide,"Baby Bath Kneeler Buying Guide: Tub Fit, Grip, and Drying",included,"August 11, 2026",58,0,20,0,13.9,page-two-push,,,"Add the missing query answer, comparison evidence, and 3-5 contextual internal links from stronger pages.",broad-product-pilot-3-content.ts:1070
homeoffice,product,https://homeoffice.madabase.com/reviews/lume-cube-edge-2-desk-light,Lume Cube Edge 2.0 Guide: Desk Lamp and Webcam Light for Calls,included,"July 26, 2026",74,0,20,0,14.65,page-two-push,implicit-evidence-mode,,"Add the missing query answer, comparison evidence, and 3-5 contextual internal links from stronger pages.",gsc-priority-expansion-content.ts:223
baby,product,https://baby.madabase.com/reviews/baby-brezza-smart-bottle-warmer,Baby Brezza Smart Bottle Warmer Guide & SCF358 Comparison,included,"August 8, 2026",61,0,19,0,7.32,page-two-push,,,"Add the missing query answer, comparison evidence, and 3-5 contextual internal links from stronger pages.",august-2026-product-expansion-content.ts:439
baby,product,https://baby.madabase.com/reviews/infant-optics-dxr-8-pro,"Infant Optics DXR-8 Pro Guide: Range, Cameras & Safe Placement",included,"June 30, 2026",100,0,18,0,7.94,page-two-push,implicit-evidence-mode,,"Add the missing query answer, comparison evidence, and 3-5 contextual internal links from stronger pages.",content.ts:1123
pet,product,https://pets.madabase.com/reviews/levoit-vital-200s-p-air-purifier,"Levoit Vital 200S-P Guide: CADR, Noise & Filter Cost",included,"July 28, 2026",72,0,18,0,3.94,page-two-push,,implemented,"Add the missing query answer, comparison evidence, and 3-5 contextual internal links from stronger pages.",adjacent-expansion-content.ts:496
baby,roundup,https://baby.madabase.com/best/babybjorn-mini-vs-harmony,BabyBjörn Mini vs. Harmony,included,"July 1, 2026",99,0,17,0,8,page-two-push,weak-title,,"Add the missing query answer, comparison evidence, and 3-5 contextual internal links from stronger pages.",commercial-expansion-content.ts:500
baby,guide,https://baby.madabase.com/guides/babybjorn-harmony-newborn-fit-checklist,BabyBjörn Harmony Newborn Fit Checklist,included,"July 28, 2026",72,0,17,0,8,page-two-push,,implemented,"Add the missing query answer, comparison evidence, and 3-5 contextual internal links from stronger pages.",topic-cluster-content.ts:26
homeoffice,roundup,https://homeoffice.madabase.com/best/best-monitor-arms-for-home-office,Monitor Arms for Home Office and Walking Desks,included,"June 21, 2026",109,0,17,0,19.53,page-two-push,,,"Add the missing query answer, comparison evidence, and 3-5 contextual internal links from stronger pages.",content.ts:1675
homeoffice,roundup,https://homeoffice.madabase.com/best/logitech-mx-brio-vs-insta360-link-2,MX Brio vs Insta360 Link 2: 4K Webcam Comparison,included,"August 8, 2026",61,0,15,0,7.4,page-two-push,,,"Add the missing query answer, comparison evidence, and 3-5 contextual internal links from stronger pages.",august-2026-product-expansion-content.ts:744
homeoffice,guide,https://homeoffice.madabase.com/guides/overhead-book-scanners-buying-guide,"Overhead book scanners: Fit, Trade-offs & Buying Guide",included,"August 13, 2026",56,0,15,0,9.07,page-two-push,,,"Add the missing query answer, comparison evidence, and 3-5 contextual internal links from stronger pages.",breadth-draft-120-plus-content.ts:generated
homeoffice,guide,https://homeoffice.madabase.com/guides/thunderbolt-kvm-docks-vs-alternatives,Thunderbolt Dock vs KVM Switch: Which Do You Need?,included,"September 4, 2026",34,0,15,0,8.07,page-two-push,,,"Add the missing query answer, comparison evidence, and 3-5 contextual internal links from stronger pages.",quadruple-expansion-content.ts:generated
baby,roundup,https://baby.madabase.com/best/philips-avent-scf358-vs-baby-brezza-smart-bottle-warmer,Philips Avent vs Baby Brezza Bottle Warmer: SCF358 Guide,included,"August 8, 2026",61,0,14,0,6.57,page-two-push,,,"Add the missing query answer, comparison evidence, and 3-5 contextual internal links from stronger pages.",august-2026-product-expansion-content.ts:790
baby,product,https://baby.madabase.com/reviews/bc-babycare-clarvion-bottle-washer,Bc Babycare Clarvion Bottle Washer Guide: Bundle & Cycle Guide,included,"August 11, 2026",58,0,14,0,8.93,page-two-push,,,"Add the missing query answer, comparison evidence, and 3-5 contextual internal links from stronger pages.",cj-baby-expansion-content.ts:7
homeoffice,guide,https://homeoffice.madabase.com/guides/desktop-teleprompters-buying-guide,"Desktop Teleprompter Buying Guide: Camera Fit, Reading Distance, and Display",included,"August 10, 2026",59,0,14,0,9.07,page-two-push,long-title,,"Add the missing query answer, comparison evidence, and 3-5 contextual internal links from stronger pages.",broad-product-pilot-2-content.ts:247
homeoffice,guide,https://homeoffice.madabase.com/guides/monitor-riser-stands-buying-guide,"Monitor Riser Stand Buying Guide: Eye Height, Base Depth, and Load",included,"August 11, 2026",58,0,14,0,8.07,page-two-push,,,"Add the missing query answer, comparison evidence, and 3-5 contextual internal links from stronger pages.",broad-product-pilot-3-content.ts:710
pet,product,https://pets.madabase.com/reviews/coway-airmega-mighty2-air-purifier,"Coway Airmega Mighty2 Guide: Pet Dander, Odor & Filter Cost",included,"July 28, 2026",72,0,14,0,9.07,page-two-push,implicit-evidence-mode,implemented,"Add the missing query answer, comparison evidence, and 3-5 contextual internal links from stronger pages.",commercial-expansion-content.ts:291
homeoffice,guide,https://homeoffice.madabase.com/guides/under-desk-keyboard-trays-setup-and-daily-workflow,Under-desk Keyboard Trays: Setup and Daily Workflow,included,"August 9, 2026",60,0,13,0,9.54,page-two-push,,,"Add the missing query answer, comparison evidence, and 3-5 contextual internal links from stronger pages.",quadruple-expansion-content.ts:generated
homeoffice,guide,https://homeoffice.madabase.com/guides/business-usb-c-monitors-vs-alternatives,Business USB-C Monitors vs. monitors plus a separate dock,included,"August 9, 2026",60,0,12,0,19.58,page-two-push,,,"Add the missing query answer, comparison evidence, and 3-5 contextual internal links from stronger pages.",quadruple-expansion-content.ts:generated
homeoffice,guide,https://homeoffice.madabase.com/guides/thunderbolt-kvm-docks-compatibility-and-fit-guide,Thunderbolt KVM Docks: Compatibility and Fit Guide,included,"August 9, 2026",60,0,12,0,6.83,page-two-push,,,"Add the missing query answer, comparison evidence, and 3-5 contextual internal links from stronger pages.",quadruple-expansion-content.ts:generated
smarthome,product,https://smarthome.madabase.com/reviews/google-nest-learning-thermostat-4th-gen,"Nest Learning Thermostat 4th Gen Guide: Matter, Wiring & Sensor",included,"July 28, 2026",72,0,12,0,11.92,page-two-push,implicit-evidence-mode,implemented,"Add the missing query answer, comparison evidence, and 3-5 contextual internal links from stronger pages.",smarthome-content.ts:220
baby,guide,https://baby.madabase.com/guides/double-strollers-compatibility-and-fit-guide,Double Strollers: Compatibility and Fit Guide,included,"August 9, 2026",60,0,11,0,8.55,page-two-push,,,"Add the missing query answer, comparison evidence, and 3-5 contextual internal links from stronger pages.",quadruple-expansion-content.ts:generated
homeoffice,guide,https://homeoffice.madabase.com/guides/office-chair-mats-buying-guide,"Office Chair Mat Buying Guide: Floor Type, Lip Size, and Safe Rolling",included,"August 11, 2026",58,0,11,0,8.73,page-two-push,,,"Add the missing query answer, comparison evidence, and 3-5 contextual internal links from stronger pages.",broad-product-pilot-3-content.ts:620
homeoffice,guide,https://homeoffice.madabase.com/guides/under-desk-keyboard-trays-compatibility-and-fit-guide,Under-desk Keyboard Trays: Compatibility and Fit Guide,included,"August 9, 2026",60,0,11,0,15.55,page-two-push,,,"Add the missing query answer, comparison evidence, and 3-5 contextual internal links from stronger pages.",quadruple-expansion-content.ts:generated
homeoffice,guide,https://homeoffice.madabase.com/guides/walking-pad-speed-monitor-stability-guide,Walking-Pad Speed and Monitor Stability Guide,included,"July 23, 2026",77,0,11,0,10.27,page-two-push,,implemented,"Add the missing query answer, comparison evidence, and 3-5 contextual internal links from stronger pages.",topic-cluster-content.ts:436
baby,product,https://baby.madabase.com/reviews/baby-jogger-city-tour-2-stroller,"Baby Jogger City Tour 2 Stroller Guide: Age, Fit & Use Checks",included,"October 8, 2026",0,0,10,0,16.2,page-two-push,,,"Add the missing query answer, comparison evidence, and 3-5 contextual internal links from stronger pages.",content.ts:1193
homeoffice,guide,https://homeoffice.madabase.com/guides/rolling-file-cabinets-buying-guide,"Rolling file cabinets: Fit, Trade-offs & Buying Guide",included,"August 13, 2026",56,0,10,0,5.5,page-two-push,,,"Add the missing query answer, comparison evidence, and 3-5 contextual internal links from stronger pages.",breadth-draft-120-plus-content.ts:generated
pet,product,https://pets.madabase.com/reviews/petkit-puramax-2-self-cleaning-litter-box,"PETKIT PuraMax 2 Guide: Cat Limits, Litter & Neakasa",included,"August 8, 2026",61,0,10,0,6.8,page-two-push,,,"Add the missing query answer, comparison evidence, and 3-5 contextual internal links from stronger pages.",august-2026-product-expansion-content.ts:609
baby,guide,https://baby.madabase.com/guides/adjustable-high-chairs-vs-alternatives,Adjustable High Chairs vs. clip-on or booster seats,included,"August 9, 2026",60,0,9,0,8.33,low-sample-observe,,,"Preserve the query target until the sample reaches 20-30 impressions; verify indexing, intent, and internal discovery without rewriting the page.",quadruple-expansion-content.ts:generated
baby,guide,https://baby.madabase.com/guides/baby-bottle-drying-rack-storage-workflow-guide,Baby Bottle Drying Rack and Storage Workflow Guide,included,"August 8, 2026",61,0,9,0,7,low-sample-observe,,,"Preserve the query target until the sample reaches 20-30 impressions; verify indexing, intent, and internal discovery without rewriting the page.",second-round-august-2026-content.ts:464
baby,guide,https://baby.madabase.com/guides/wifi-vs-non-wifi-baby-monitor-guide,Wi-Fi vs. Non-Wi-Fi Baby Monitor Guide,included,"July 26, 2026",74,0,9,0,14.22,low-sample-observe,,,"Preserve the query target until the sample reaches 20-30 impressions; verify indexing, intent, and internal discovery without rewriting the page.",content.ts:2225
homeoffice,guide,https://homeoffice.madabase.com/guides/usb-c-dock-vs-monitor-hub-guide,USB-C Dock vs Monitor Hub: Which Home Office Upgrade Should You Buy?,included,"August 6, 2026",63,0,9,0,9.67,low-sample-observe,,implemented,"Preserve the query target until the sample reaches 20-30 impressions; verify indexing, intent, and internal discovery without rewriting the page.",expansion-guides.ts:523
baby,guide,https://baby.madabase.com/guides/travel-bottle-warmer-heating-cleaning-battery-guide,"Travel Bottle Warmer Heating, Cleaning, and Battery Guide",included,"August 8, 2026",61,0,8,0,12,low-sample-observe,,,"Preserve the query target until the sample reaches 20-30 impressions; verify indexing, intent, and internal discovery without rewriting the page.",second-round-august-2026-content.ts:459
homeoffice,roundup,https://homeoffice.madabase.com/best/best-ergonomic-chairs-under-500,Ergonomic Chairs Under $500,included,"July 26, 2026",74,0,8,0,14.12,low-sample-observe,weak-title,,"Preserve the query target until the sample reaches 20-30 impressions; verify indexing, intent, and internal discovery without rewriting the page.",content.ts:1628
homeoffice,guide,https://homeoffice.madabase.com/guides/conference-speakerphones-buying-guide,Speakerphone vs Headset: Which Is Better for Calls?,included,"September 7, 2026",31,0,8,0,4.88,low-sample-observe,,,"Preserve the query target until the sample reaches 20-30 impressions; verify indexing, intent, and internal discovery without rewriting the page.",breadth-draft-120-plus-content.ts:generated
baby,guide,https://baby.madabase.com/guides/newborn-carrier-vs-all-stage-carrier-guide,Newborn Carrier vs. All-Stage Carrier,included,"July 1, 2026",99,0,7,0,5.86,low-sample-observe,,,"Preserve the query target until the sample reaches 20-30 impressions; verify indexing, intent, and internal discovery without rewriting the page.",commercial-expansion-content.ts:629
baby,guide,https://baby.madabase.com/guides/stroller-fans-buying-guide,"Stroller Fan Buying Guide: Guarding, Mounting, Airflow, and Heat Limits",included,"August 11, 2026",58,0,7,0,9,low-sample-observe,,,"Preserve the query target until the sample reaches 20-30 impressions; verify indexing, intent, and internal discovery without rewriting the page.",broad-product-pilot-3-content.ts:1115
homeoffice,roundup,https://homeoffice.madabase.com/best/best-monitor-arms-for-walking-desks,Monitor Arm for a Walking Desk: 3 Stable Setups,included,"July 12, 2026",88,0,7,0,5.14,low-sample-observe,,,"Preserve the query target until the sample reaches 20-30 impressions; verify indexing, intent, and internal discovery without rewriting the page.",gsc-priority-expansion-content.ts:369
homeoffice,guide,https://homeoffice.madabase.com/guides/under-desk-keyboard-trays-vs-alternatives,Under-desk Keyboard Trays vs. height-adjustable desks,included,"August 9, 2026",60,0,7,0,8.86,low-sample-observe,,,"Preserve the query target until the sample reaches 20-30 impressions; verify indexing, intent, and internal discovery without rewriting the page.",quadruple-expansion-content.ts:generated
network,product,https://network.madabase.com/reviews/tp-link-deco-be63-wifi-7-mesh,"TP-Link Deco BE63 Test Results Compared: Speed, Range & Version Risks",included,"July 28, 2026",72,0,7,0,17.43,low-sample-observe,,implemented,"Preserve the query target until the sample reaches 20-30 impressions; verify indexing, intent, and internal discovery without rewriting the page.",network-content.ts:22
baby,roundup,https://baby.madabase.com/best/best-baby-carriers-and-sleep-routine-upgrades,Baby Carrier and Sleep Routine Upgrades,included,"June 22, 2026",108,0,6,0,5,low-sample-observe,,,"Preserve the query target until the sample reaches 20-30 impressions; verify indexing, intent, and internal discovery without rewriting the page.",content.ts:1871
baby,guide,https://baby.madabase.com/guides/childproof-refrigerator-locks-buying-guide,"Childproof refrigerator locks: Fit, Trade-offs & Buying Guide",included,"August 13, 2026",56,0,6,0,8.83,low-sample-observe,,,"Preserve the query target until the sample reaches 20-30 impressions; verify indexing, intent, and internal discovery without rewriting the page.",breadth-draft-120-plus-content.ts:generated
baby,guide,https://baby.madabase.com/guides/childproof-stove-knob-covers-buying-guide,Stove Knob Covers vs Kitchen Exclusion: Which Comes First?,included,"September 7, 2026",31,0,6,0,4.5,low-sample-observe,,,"Preserve the query target until the sample reaches 20-30 impressions; verify indexing, intent, and internal discovery without rewriting the page.",breadth-draft-120-plus-content.ts:generated
baby,guide,https://baby.madabase.com/guides/convertible-baby-cribs-ownership-cost-and-maintenance,Convertible Baby Cribs: Ownership Cost and Maintenance,included,"August 9, 2026",60,0,6,0,5.83,low-sample-observe,,,"Preserve the query target until the sample reaches 20-30 impressions; verify indexing, intent, and internal discovery without rewriting the page.",quadruple-expansion-content.ts:generated
baby,product,https://baby.madabase.com/reviews/bc-babycare-3-in-1-potty-chair,"Bc Babycare 3-in-1 Potty Chair Guide: Fit, Readiness & Cleaning",included,"August 11, 2026",58,0,6,0,5.67,low-sample-observe,,,"Preserve the query target until the sample reaches 20-30 impressions; verify indexing, intent, and internal discovery without rewriting the page.",cj-baby-expansion-content.ts:276
homeoffice,guide,https://homeoffice.madabase.com/guides/ergonomic-split-keyboards-setup-and-daily-workflow,Ergonomic Split Keyboards: Setup and Daily Workflow,included,"August 27, 2026",42,0,6,0,14.17,low-sample-observe,,,"Preserve the query target until the sample reaches 20-30 impressions; verify indexing, intent, and internal discovery without rewriting the page.",quadruple-expansion-content.ts:generated
homeoffice,guide,https://homeoffice.madabase.com/guides/thunderbolt-kvm-docks-ownership-cost-and-maintenance,Thunderbolt KVM Docks: Ownership Cost and Maintenance,included,"August 9, 2026",60,0,6,0,3.33,low-sample-observe,,,"Preserve the query target until the sample reaches 20-30 impressions; verify indexing, intent, and internal discovery without rewriting the page.",quadruple-expansion-content.ts:generated
homeoffice,guide,https://homeoffice.madabase.com/guides/under-desk-foot-hammocks-buying-guide,"Under-desk foot hammocks: Fit, Trade-offs & Buying Guide",included,"August 13, 2026",56,0,6,0,10.67,low-sample-observe,,,"Preserve the query target until the sample reaches 20-30 impressions; verify indexing, intent, and internal discovery without rewriting the page.",breadth-draft-120-plus-content.ts:generated
homeoffice,guide,https://homeoffice.madabase.com/guides/usb-condenser-microphones-vs-alternatives,USB Microphone vs Headset Mic for Work Calls,included,"September 4, 2026",34,0,6,0,7.67,low-sample-observe,,,"Preserve the query target until the sample reaches 20-30 impressions; verify indexing, intent, and internal discovery without rewriting the page.",quadruple-expansion-content.ts:generated
homeoffice,guide,https://homeoffice.madabase.com/guides/vertical-laptop-stands-buying-guide,"Vertical Laptop Stand Buying Guide: Slot Fit, Stability, and Closed-Lid Cooling",included,"August 10, 2026",59,0,6,0,9.67,low-sample-observe,long-title,,"Preserve the query target until the sample reaches 20-30 impressions; verify indexing, intent, and internal discovery without rewriting the page.",broad-product-pilot-2-content.ts:304
network,product,https://network.madabase.com/reviews/tp-link-ue302c-2-5g-usb-c-ethernet-adapter,TP-Link UE302C Guide: 2.5G USB-C Ethernet Adapter,included,"July 28, 2026",72,0,6,0,8.17,low-sample-observe,implicit-evidence-mode,implemented,"Preserve the query target until the sample reaches 20-30 impressions; verify indexing, intent, and internal discovery without rewriting the page.",network-accessory-expansion-content.ts:206
smarthome,guide,https://smarthome.madabase.com/guides/smart-ir-rf-remotes-buying-guide,IR/RF Hub vs Universal Remote: Which Controls Old Devices?,included,"September 7, 2026",31,0,6,0,6.5,low-sample-observe,,,"Preserve the query target until the sample reaches 20-30 impressions; verify indexing, intent, and internal discovery without rewriting the page.",breadth-draft-120-plus-content.ts:generated
baby,guide,https://baby.madabase.com/guides/baby-bottle-drying-racks-buying-guide,"Baby Bottle Drying Rack Guide: Airflow, Drainage, and Part Capacity",included,"August 11, 2026",58,0,5,0,7.8,low-sample-observe,,,"Preserve the query target until the sample reaches 20-30 impressions; verify indexing, intent, and internal discovery without rewriting the page.",broad-product-pilot-3-content.ts:1025
baby,guide,https://baby.madabase.com/guides/baby-bouncers-buying-guide,"Baby Bouncer Buying Guide: Fit, Supervision, Floor Use, and Sleep Boundaries",included,"August 10, 2026",59,0,5,0,6.8,low-sample-observe,long-title,,"Preserve the query target until the sample reaches 20-30 impressions; verify indexing, intent, and internal discovery without rewriting the page.",broad-product-pilot-content.ts:560
baby,guide,https://baby.madabase.com/guides/baby-travel-systems-compatibility-and-fit-guide,Baby Travel Systems: Compatibility and Fit Guide,included,"August 9, 2026",60,0,5,0,9.2,low-sample-observe,,,"Preserve the query target until the sample reaches 20-30 impressions; verify indexing, intent, and internal discovery without rewriting the page.",quadruple-expansion-content.ts:generated
baby,guide,https://baby.madabase.com/guides/baby-wipe-dispensers-buying-guide,"Baby wipe dispensers Buying Guide: Fit, Cleaning, and Safety Checks",included,"August 13, 2026",56,0,5,0,8,low-sample-observe,,,"Preserve the query target until the sample reaches 20-30 impressions; verify indexing, intent, and internal discovery without rewriting the page.",breadth-draft-120-plus-content.ts:generated
baby,guide,https://baby.madabase.com/guides/convertible-baby-cribs-safety-and-skip-guide,Convertible Baby Cribs: Safety Limits and When to Skip,included,"August 9, 2026",60,0,5,0,8.2,low-sample-observe,,,"Preserve the query target until the sample reaches 20-30 impressions; verify indexing, intent, and internal discovery without rewriting the page.",quadruple-expansion-content.ts:generated
baby,guide,https://baby.madabase.com/guides/hardware-mounted-baby-gates-safety-and-skip-guide,Hardware-mounted Baby Gates: Safety Limits and When to Skip,included,"August 9, 2026",60,0,5,0,5.8,low-sample-observe,,,"Preserve the query target until the sample reaches 20-30 impressions; verify indexing, intent, and internal discovery without rewriting the page.",quadruple-expansion-content.ts:generated
baby,guide,https://baby.madabase.com/guides/nursery-blackout-curtains-buying-guide,"Nursery blackout curtains Buying Guide: Fit, Cleaning, and Safety Checks",included,"August 13, 2026",56,0,5,0,7.6,low-sample-observe,,,"Preserve the query target until the sample reaches 20-30 impressions; verify indexing, intent, and internal discovery without rewriting the page.",breadth-draft-120-plus-content.ts:generated
homeoffice,guide,https://homeoffice.madabase.com/guides/flatbed-document-scanners-setup-and-daily-workflow,Flatbed Document Scanners: Setup and Daily Workflow,included,"August 9, 2026",60,0,5,0,11.8,low-sample-observe,,,"Preserve the query target until the sample reaches 20-30 impressions; verify indexing, intent, and internal discovery without rewriting the page.",quadruple-expansion-content.ts:generated
homeoffice,guide,https://homeoffice.madabase.com/guides/portable-photo-printers-buying-guide,"Portable photo printers: Fit, Trade-offs & Buying Guide",included,"August 13, 2026",56,0,5,0,7.6,low-sample-observe,,,"Preserve the query target until the sample reaches 20-30 impressions; verify indexing, intent, and internal discovery without rewriting the page.",breadth-draft-120-plus-content.ts:generated
homeoffice,guide,https://homeoffice.madabase.com/guides/standing-desk-anti-fatigue-mats-compatibility-and-fit-guide,Standing-desk anti-fatigue Mats: Compatibility and Fit Guide,included,"August 9, 2026",60,0,5,0,19.8,low-sample-observe,,,"Preserve the query target until the sample reaches 20-30 impressions; verify indexing, intent, and internal discovery without rewriting the page.",quadruple-expansion-content.ts:generated
homeoffice,guide,https://homeoffice.madabase.com/guides/standing-desk-balance-boards-buying-guide,"Standing Desk Balance Board Guide: Motion, Stability, and Fatigue",included,"August 11, 2026",58,0,5,0,12.4,low-sample-observe,,,"Preserve the query target until the sample reaches 20-30 impressions; verify indexing, intent, and internal discovery without rewriting the page.",broad-product-pilot-3-content.ts:755
homeoffice,guide,https://homeoffice.madabase.com/guides/standing-desk-casters-stability-guide,"Standing Desk Casters: Height, Stability & Cable Checklist",included,"July 2, 2026",98,0,5,0,13.6,low-sample-observe,,,"Preserve the query target until the sample reaches 20-30 impressions; verify indexing, intent, and internal discovery without rewriting the page.",verified-affiliate-batch-content.ts:767
homeoffice,guide,https://homeoffice.madabase.com/guides/usb-c-dock-ports-explained-guide,"USB-C Dock Ports Explained: DisplayLink, Thunderbolt and Dual Screens",included,"August 6, 2026",63,0,5,0,6,low-sample-observe,,implemented,"Preserve the query target until the sample reaches 20-30 impressions; verify indexing, intent, and internal discovery without rewriting the page.",content.ts:2094
homeoffice,guide,https://homeoffice.madabase.com/guides/walking-pad-desk-measurement-checklist,Walking-Pad Desk Measurement Checklist,included,"July 23, 2026",77,0,5,0,7.6,low-sample-observe,,implemented,"Preserve the query target until the sample reaches 20-30 impressions; verify indexing, intent, and internal discovery without rewriting the page.",commercial-expansion-content.ts:636
smarthome,product,https://smarthome.madabase.com/reviews/aqara-presence-multi-sensor-fp300,"Aqara FP300 Guide: Price, Battery, Thread & FP2",included,"August 23, 2026",46,0,5,0,17,low-sample-observe,,,"Preserve the query target until the sample reaches 20-30 impressions; verify indexing, intent, and internal discovery without rewriting the page.",august-2026-product-expansion-content.ts:8
baby,guide,https://baby.madabase.com/guides/baby-travel-systems-ownership-cost-and-maintenance,Baby Travel Systems: Ownership Cost and Maintenance,included,"August 9, 2026",60,0,4,0,8.75,low-sample-observe,,,"Preserve the query target until the sample reaches 20-30 impressions; verify indexing, intent, and internal discovery without rewriting the page.",quadruple-expansion-content.ts:generated
baby,guide,https://baby.madabase.com/guides/bedside-bassinets-safety-and-skip-guide,Bedside Bassinets: Safety Limits and When to Skip,included,"August 27, 2026",42,0,4,0,5.5,low-sample-observe,,,"Preserve the query target until the sample reaches 20-30 impressions; verify indexing, intent, and internal discovery without rewriting the page.",quadruple-expansion-content.ts:generated
baby,guide,https://baby.madabase.com/guides/childproof-toilet-locks-buying-guide,"Childproof toilet locks Buying Guide: Fit, Cleaning, and Safety Checks",included,"August 13, 2026",56,0,4,0,5.75,low-sample-observe,,,"Preserve the query target until the sample reaches 20-30 impressions; verify indexing, intent, and internal discovery without rewriting the page.",breadth-draft-120-plus-content.ts:generated
baby,guide,https://baby.madabase.com/guides/convertible-baby-cribs-compatibility-and-fit-guide,Convertible Baby Cribs: Compatibility and Fit Guide,included,"August 27, 2026",42,0,4,0,8.5,low-sample-observe,,,"Preserve the query target until the sample reaches 20-30 impressions; verify indexing, intent, and internal discovery without rewriting the page.",quadruple-expansion-content.ts:generated
baby,guide,https://baby.madabase.com/guides/hip-seat-carriers-vs-alternatives,Hip Seat Carrier vs Structured Carrier: Which Fits?,included,"September 4, 2026",34,0,4,0,7.25,low-sample-observe,,,"Preserve the query target until the sample reaches 20-30 impressions; verify indexing, intent, and internal discovery without rewriting the page.",quadruple-expansion-content.ts:generated
baby,guide,https://baby.madabase.com/guides/potty-training-seats-buying-guide,"Potty training seats Buying Guide: Fit, Cleaning, and Safety Checks",included,"August 13, 2026",56,1,4,25,10.25,low-sample-observe,,,"Preserve the query target until the sample reaches 20-30 impressions; verify indexing, intent, and internal discovery without rewriting the page.",breadth-draft-120-plus-content.ts:generated
baby,guide,https://baby.madabase.com/guides/reusable-baby-food-pouches-buying-guide,Reusable Food Pouch vs Open Container: Which Fits Feeding?,included,"September 7, 2026",31,0,4,0,5.75,low-sample-observe,,,"Preserve the query target until the sample reaches 20-30 impressions; verify indexing, intent, and internal discovery without rewriting the page.",breadth-draft-120-plus-content.ts:generated
baby,guide,https://baby.madabase.com/guides/stroller-wagons-safety-and-skip-guide,Stroller Wagons: Safety Limits and When to Skip,included,"August 9, 2026",60,0,4,0,6.5,low-sample-observe,,,"Preserve the query target until the sample reaches 20-30 impressions; verify indexing, intent, and internal discovery without rewriting the page.",quadruple-expansion-content.ts:generated
baby,guide,https://baby.madabase.com/guides/table-booster-seats-safety-and-skip-guide,Table Booster Seats: Safety Limits and When to Skip,included,"August 9, 2026",60,0,4,0,6.75,low-sample-observe,,,"Preserve the query target until the sample reaches 20-30 impressions; verify indexing, intent, and internal discovery without rewriting the page.",quadruple-expansion-content.ts:generated
homeoffice,guide,https://homeoffice.madabase.com/guides/desktop-audio-interfaces-vs-alternatives,Desktop Audio Interfaces vs. direct USB microphones,included,"August 9, 2026",60,0,4,0,10,low-sample-observe,,,"Preserve the query target until the sample reaches 20-30 impressions; verify indexing, intent, and internal discovery without rewriting the page.",quadruple-expansion-content.ts:generated
homeoffice,guide,https://homeoffice.madabase.com/guides/desktop-power-centers-vs-alternatives,Desktop Power Center vs Under-Desk Surge Protector,included,"September 4, 2026",34,0,4,0,3.25,low-sample-observe,,,"Preserve the query target until the sample reaches 20-30 impressions; verify indexing, intent, and internal discovery without rewriting the page.",quadruple-expansion-content.ts:generated
homeoffice,guide,https://homeoffice.madabase.com/guides/ergonomic-kneeling-chairs-buying-guide,"Kneeling Chair Buying Guide: Fit Range, Pressure, Adjustment, and Desk Height",included,"August 10, 2026",59,0,4,0,4,low-sample-observe,long-title,,"Preserve the query target until the sample reaches 20-30 impressions; verify indexing, intent, and internal discovery without rewriting the page.",broad-product-pilot-content.ts:458
homeoffice,guide,https://homeoffice.madabase.com/guides/ergonomic-split-keyboards-ownership-cost-and-maintenance,Ergonomic Split Keyboards: Ownership Cost and Maintenance,included,"August 9, 2026",60,0,4,0,9.75,low-sample-observe,,,"Preserve the query target until the sample reaches 20-30 impressions; verify indexing, intent, and internal discovery without rewriting the page.",quadruple-expansion-content.ts:generated
homeoffice,guide,https://homeoffice.madabase.com/guides/mechanical-office-keyboards-buying-guide,Mechanical vs Low-Profile Keyboard for Office Work,included,"September 4, 2026",34,0,4,0,7.75,low-sample-observe,,,"Preserve the query target until the sample reaches 20-30 impressions; verify indexing, intent, and internal discovery without rewriting the page.",quadruple-expansion-content.ts:generated
homeoffice,guide,https://homeoffice.madabase.com/guides/monochrome-laser-printers-compatibility-and-fit-guide,Monochrome Laser Printers: Compatibility and Fit Guide,included,"August 9, 2026",60,0,4,0,6,low-sample-observe,,,"Preserve the query target until the sample reaches 20-30 impressions; verify indexing, intent, and internal discovery without rewriting the page.",quadruple-expansion-content.ts:generated
homeoffice,guide,https://homeoffice.madabase.com/guides/monochrome-laser-printers-ownership-cost-and-maintenance,Monochrome Laser Printers: Ownership Cost and Maintenance,included,"August 9, 2026",60,0,4,0,4,low-sample-observe,,,"Preserve the query target until the sample reaches 20-30 impressions; verify indexing, intent, and internal discovery without rewriting the page.",quadruple-expansion-content.ts:generated
homeoffice,guide,https://homeoffice.madabase.com/guides/monochrome-laser-printers-vs-alternatives,Monochrome Laser Printers vs. inkjet printers,included,"August 9, 2026",60,0,4,0,5,low-sample-observe,,,"Preserve the query target until the sample reaches 20-30 impressions; verify indexing, intent, and internal discovery without rewriting the page.",quadruple-expansion-content.ts:generated
homeoffice,guide,https://homeoffice.madabase.com/guides/office-footrests-setup-and-daily-workflow,Office Footrests: Setup and Daily Workflow,included,"August 9, 2026",60,0,4,0,6.25,low-sample-observe,,,"Preserve the query target until the sample reaches 20-30 impressions; verify indexing, intent, and internal discovery without rewriting the page.",quadruple-expansion-content.ts:generated
homeoffice,guide,https://homeoffice.madabase.com/guides/small-home-office-setup-guide,Small Home Office Setup Guide,included,"June 21, 2026",109,0,4,0,9.5,low-sample-observe,,,"Preserve the query target until the sample reaches 20-30 impressions; verify indexing, intent, and internal discovery without rewriting the page.",content.ts:2027
homeoffice,guide,https://homeoffice.madabase.com/guides/under-desk-drawers-buying-guide,"Under-Desk Drawer Buying Guide: Knee Clearance, Mounting, and Load",included,"August 11, 2026",58,0,4,0,5.5,low-sample-observe,,,"Preserve the query target until the sample reaches 20-30 impressions; verify indexing, intent, and internal discovery without rewriting the page.",broad-product-pilot-3-content.ts:845
homeoffice,guide,https://homeoffice.madabase.com/guides/usb-switch-vs-kvm-vs-dock-guide,USB Switch vs. KVM vs. Dock for Two Computers,included,"August 8, 2026",61,0,4,0,11.75,low-sample-observe,,,"Preserve the query target until the sample reaches 20-30 impressions; verify indexing, intent, and internal discovery without rewriting the page.",second-round-august-2026-content.ts:430
homeoffice,product,https://homeoffice.madabase.com/reviews/huanuo-titanlift-heavy-duty-monitor-arm,HUANUO TitanLift Monitor Arm Guide: 49-Inch & 44lb Fit Checks,included,"July 28, 2026",72,0,4,0,8,low-sample-observe,implicit-evidence-mode,implemented,"Preserve the query target until the sample reaches 20-30 impressions; verify indexing, intent, and internal discovery without rewriting the page.",content.ts:819
homeoffice,product,https://homeoffice.madabase.com/reviews/plugable-usbc-6950pdz-displaylink-dock,Plugable USBC-6950PDZ Guide: Dual Monitors on Base M Macs,included,"August 6, 2026",63,0,4,0,6.75,low-sample-observe,,implemented,"Preserve the query target until the sample reaches 20-30 impressions; verify indexing, intent, and internal discovery without rewriting the page.",homeoffice-dock-content.ts:8
network,roundup,https://network.madabase.com/best/tp-link-deco-be67-vs-be63,Deco BE67 vs BE63: 10GbE or Four 2.5GbE Ports?,included,"July 28, 2026",72,0,4,0,6.25,low-sample-observe,,implemented,"Preserve the query target until the sample reaches 20-30 impressions; verify indexing, intent, and internal discovery without rewriting the page.",adjacent-expansion-content.ts:666
network,guide,https://network.madabase.com/guides/deco-be63-ethernet-backhaul-setup,Deco BE63 Ethernet Backhaul: 2.5Gbps Switch Setup,included,"July 28, 2026",72,0,4,0,7,low-sample-observe,,implemented,"Preserve the query target until the sample reaches 20-30 impressions; verify indexing, intent, and internal discovery without rewriting the page.",expansion-guides.ts:345
pet,roundup,https://pets.madabase.com/best/neakasa-m1-plus-vs-petkit-puramax-2,Neakasa M1 Plus vs PETKIT PuraMax 2 Litter Box,included,"August 8, 2026",61,0,4,0,4.25,low-sample-observe,,,"Preserve the query target until the sample reaches 20-30 impressions; verify indexing, intent, and internal discovery without rewriting the page.",august-2026-product-expansion-content.ts:836
pet,product,https://pets.madabase.com/reviews/furbo-360-dog-camera,Furbo 360 Guide: Is It Free Without Furbo Nanny?,included,"September 25, 2026",13,0,4,0,4.75,low-sample-observe,implicit-evidence-mode,implemented,"Preserve the query target until the sample reaches 20-30 impressions; verify indexing, intent, and internal discovery without rewriting the page.",content.ts:237
smarthome,product,https://smarthome.madabase.com/reviews/ultraloq-bolt-se-smart-lock,"ULTRALOQ Bolt SE Guide: Matter vs Wi-Fi Variant, Fingerprint & Door Fit",included,"July 28, 2026",72,0,4,0,7.75,low-sample-observe,implicit-evidence-mode,implemented,"Preserve the query target until the sample reaches 20-30 impressions; verify indexing, intent, and internal discovery without rewriting the page.",verified-affiliate-batch-content.ts:432
baby,guide,https://baby.madabase.com/guides/baby-food-storage-containers-buying-guide,"Baby Food Storage Container Buying Guide: Portions, Freezing, Labels, and Cleaning",included,"August 10, 2026",59,0,3,0,7.67,low-sample-observe,long-title,,"Preserve the query target until the sample reaches 20-30 impressions; verify indexing, intent, and internal discovery without rewriting the page.",broad-product-pilot-content.ts:509
baby,guide,https://baby.madabase.com/guides/baby-monitor-subscription-and-privacy-checklist,Baby Monitor Subscription and Privacy Checklist,included,"July 9, 2026",91,0,3,0,9.67,low-sample-observe,,,"Preserve the query target until the sample reaches 20-30 impressions; verify indexing, intent, and internal discovery without rewriting the page.",expansion-guides.ts:561
baby,guide,https://baby.madabase.com/guides/baby-travel-systems-safety-and-skip-guide,Baby Travel Systems: Safety Limits and When to Skip,included,"August 9, 2026",60,0,3,0,6,low-sample-observe,,,"Preserve the query target until the sample reaches 20-30 impressions; verify indexing, intent, and internal discovery without rewriting the page.",quadruple-expansion-content.ts:generated
baby,guide,https://baby.madabase.com/guides/baby-travel-systems-vs-alternatives,Baby Travel Systems vs. separately selected car seats and strollers,included,"August 27, 2026",42,0,3,0,7.33,low-sample-observe,,,"Preserve the query target until the sample reaches 20-30 impressions; verify indexing, intent, and internal discovery without rewriting the page.",quadruple-expansion-content.ts:generated
baby,guide,https://baby.madabase.com/guides/bathtub-spout-covers-buying-guide,Bath Spout Cover vs Clear Bath Zone: Do You Need One?,included,"September 7, 2026",31,0,3,0,8,low-sample-observe,,,"Preserve the query target until the sample reaches 20-30 impressions; verify indexing, intent, and internal discovery without rewriting the page.",breadth-draft-120-plus-content.ts:generated
baby,guide,https://baby.madabase.com/guides/bedside-bassinets-setup-and-daily-workflow,Bedside Bassinets: Setup and Daily Workflow,included,"August 9, 2026",60,0,3,0,8,low-sample-observe,,,"Preserve the query target until the sample reaches 20-30 impressions; verify indexing, intent, and internal discovery without rewriting the page.",quadruple-expansion-content.ts:generated
baby,guide,https://baby.madabase.com/guides/changing-pads-compatibility-and-fit-guide,Changing Pads: Compatibility and Fit Guide,included,"August 9, 2026",60,0,3,0,8.67,low-sample-observe,,,"Preserve the query target until the sample reaches 20-30 impressions; verify indexing, intent, and internal discovery without rewriting the page.",quadruple-expansion-content.ts:generated
baby,guide,https://baby.madabase.com/guides/crib-mattresses-safety-and-skip-guide,Crib Mattresses: Safety Limits and When to Skip,included,"August 9, 2026",60,0,3,0,8,low-sample-observe,,,"Preserve the query target until the sample reaches 20-30 impressions; verify indexing, intent, and internal discovery without rewriting the page.",quadruple-expansion-content.ts:generated
baby,guide,https://baby.madabase.com/guides/furniture-anchor-kits-buying-guide,"Furniture anchor kits Buying Guide: Fit, Cleaning, and Safety Checks",included,"August 13, 2026",56,0,3,0,5.67,low-sample-observe,,,"Preserve the query target until the sample reaches 20-30 impressions; verify indexing, intent, and internal discovery without rewriting the page.",breadth-draft-120-plus-content.ts:generated
baby,guide,https://baby.madabase.com/guides/hardware-mounted-baby-gates-vs-alternatives,Hardware vs Pressure-Mounted Baby Gate: Which One?,included,"September 4, 2026",34,0,3,0,7.67,low-sample-observe,,,"Preserve the query target until the sample reaches 20-30 impressions; verify indexing, intent, and internal discovery without rewriting the page.",quadruple-expansion-content.ts:generated
baby,guide,https://baby.madabase.com/guides/roll-up-feeding-bibs-buying-guide,"Roll-Up Feeding Bib Buying Guide: Pocket Shape, Neck Fit, and Wash Routine",included,"August 10, 2026",59,0,3,0,5.67,low-sample-observe,long-title,,"Preserve the query target until the sample reaches 20-30 impressions; verify indexing, intent, and internal discovery without rewriting the page.",broad-product-pilot-2-content.ts:418
baby,guide,https://baby.madabase.com/guides/stroller-rain-covers-buying-guide,"Stroller rain covers Buying Guide: Fit, Cleaning, and Safety Checks",included,"August 13, 2026",56,0,3,0,10.33,low-sample-observe,,,"Preserve the query target until the sample reaches 20-30 impressions; verify indexing, intent, and internal discovery without rewriting the page.",breadth-draft-120-plus-content.ts:generated
baby,guide,https://baby.madabase.com/guides/toddler-step-stools-buying-guide,"Toddler step stools Buying Guide: Fit, Cleaning, and Safety Checks",included,"August 13, 2026",56,0,3,0,5.67,low-sample-observe,,,"Preserve the query target until the sample reaches 20-30 impressions; verify indexing, intent, and internal discovery without rewriting the page.",breadth-draft-120-plus-content.ts:generated
baby,product,https://baby.madabase.com/reviews/bc-babycare-baby-food-maker,Bc Babycare Baby Food Maker Guide: Small Batches & Cleaning,included,"August 11, 2026",58,0,3,0,9,low-sample-observe,,,"Preserve the query target until the sample reaches 20-30 impressions; verify indexing, intent, and internal discovery without rewriting the page.",cj-baby-expansion-content.ts:144
baby,product,https://baby.madabase.com/reviews/hatch-rest-sound-machine,"Hatch Baby Sound Machine Guide: Rest Successor, App & Subscription",included,"October 8, 2026",0,0,3,0,8,low-sample-observe,,,"Preserve the query target until the sample reaches 20-30 impressions; verify indexing, intent, and internal discovery without rewriting the page.",content.ts:1433
homeoffice,guide,https://homeoffice.madabase.com/guides/desktop-file-organizers-buying-guide,"Desktop file organizers: Fit, Trade-offs & Buying Guide",included,"August 13, 2026",56,0,3,0,8.67,low-sample-observe,,,"Preserve the query target until the sample reaches 20-30 impressions; verify indexing, intent, and internal discovery without rewriting the page.",breadth-draft-120-plus-content.ts:generated
homeoffice,guide,https://homeoffice.madabase.com/guides/desktop-power-centers-setup-and-daily-workflow,Desktop Power Centers: Setup and Daily Workflow,included,"August 9, 2026",60,0,3,0,10.67,low-sample-observe,,,"Preserve the query target until the sample reaches 20-30 impressions; verify indexing, intent, and internal discovery without rewriting the page.",quadruple-expansion-content.ts:generated
homeoffice,guide,https://homeoffice.madabase.com/guides/ergonomic-split-keyboards-compatibility-and-fit-guide,Ergonomic Split Keyboards: Compatibility and Fit Guide,included,"August 27, 2026",42,0,3,0,7.33,low-sample-observe,,,"Preserve the query target until the sample reaches 20-30 impressions; verify indexing, intent, and internal discovery without rewriting the page.",quadruple-expansion-content.ts:generated
homeoffice,guide,https://homeoffice.madabase.com/guides/monitor-light-bars-buying-guide,"Monitor light bars: Fit, Trade-offs & Buying Guide",included,"August 13, 2026",56,0,3,0,3.67,low-sample-observe,,,"Preserve the query target until the sample reaches 20-30 impressions; verify indexing, intent, and internal discovery without rewriting the page.",breadth-draft-120-plus-content.ts:generated
homeoffice,guide,https://homeoffice.madabase.com/guides/monochrome-laser-printers-setup-and-daily-workflow,Monochrome Laser Printers: Setup and Daily Workflow,included,"August 9, 2026",60,0,3,0,9.33,low-sample-observe,,,"Preserve the query target until the sample reaches 20-30 impressions; verify indexing, intent, and internal discovery without rewriting the page.",quadruple-expansion-content.ts:generated
homeoffice,guide,https://homeoffice.madabase.com/guides/mouse-wrist-rests-buying-guide,"Mouse wrist rests: Fit, Trade-offs & Buying Guide",included,"August 13, 2026",56,0,3,0,8,low-sample-observe,,,"Preserve the query target until the sample reaches 20-30 impressions; verify indexing, intent, and internal discovery without rewriting the page.",breadth-draft-120-plus-content.ts:generated
homeoffice,guide,https://homeoffice.madabase.com/guides/office-footrests-vs-alternatives,Office Footrests vs. lower desks or chairs with better height range,included,"August 9, 2026",60,0,3,0,3.67,low-sample-observe,,,"Preserve the query target until the sample reaches 20-30 impressions; verify indexing, intent, and internal discovery without rewriting the page.",quadruple-expansion-content.ts:generated
homeoffice,guide,https://homeoffice.madabase.com/guides/under-desk-cable-trays-compatibility-and-fit-guide,Under-desk Cable Trays: Compatibility and Fit Guide,included,"August 9, 2026",60,0,3,0,6,low-sample-observe,,,"Preserve the query target until the sample reaches 20-30 impressions; verify indexing, intent, and internal discovery without rewriting the page.",quadruple-expansion-content.ts:generated
homeoffice,guide,https://homeoffice.madabase.com/guides/under-desk-cable-trays-ownership-cost-and-maintenance,Under-desk Cable Trays: Ownership Cost and Maintenance,included,"August 9, 2026",60,0,3,0,8.33,low-sample-observe,,,"Preserve the query target until the sample reaches 20-30 impressions; verify indexing, intent, and internal discovery without rewriting the page.",quadruple-expansion-content.ts:generated
homeoffice,guide,https://homeoffice.madabase.com/guides/usb-speakerphone-vs-headset-video-meetings,USB Speakerphone vs. Headset for Video Meetings,included,"August 8, 2026",61,0,3,0,3,low-sample-observe,,,"Preserve the query target until the sample reaches 20-30 impressions; verify indexing, intent, and internal discovery without rewriting the page.",second-round-august-2026-content.ts:439
homeoffice,product,https://homeoffice.madabase.com/reviews/amazon-basics-monitor-arm,Amazon Basics Gas-Spring Monitor Arm Guide: 27-Inch Fit Checks,included,"July 23, 2026",77,0,3,0,7.67,low-sample-observe,implicit-evidence-mode,implemented,"Preserve the query target until the sample reaches 20-30 impressions; verify indexing, intent, and internal discovery without rewriting the page.",content.ts:906
network,roundup,https://network.madabase.com/best/best-fanless-2-5gbe-switches-home-nas-mesh,Fanless 2.5GbE Switches for Home NAS & Mesh: 4 Picks,included,"July 21, 2026",79,0,3,0,7.67,low-sample-observe,,,"Preserve the query target until the sample reaches 20-30 impressions; verify indexing, intent, and internal discovery without rewriting the page.",network-switch-cluster-content.ts:233
pet,roundup,https://pets.madabase.com/best/levoit-vital-200s-p-vs-shark-neverchange-max,Levoit Vital 200S-P vs. Shark NeverChange MAX for Pet Homes,included,"July 23, 2026",77,0,3,0,8,low-sample-observe,,implemented,"Preserve the query target until the sample reaches 20-30 impressions; verify indexing, intent, and internal discovery without rewriting the page.",adjacent-expansion-content.ts:697
baby,guide,https://baby.madabase.com/guides/adjustable-high-chairs-setup-and-daily-workflow,Adjustable High Chairs: Setup and Daily Workflow,included,"August 9, 2026",60,0,2,0,10.5,low-sample-observe,,,"Preserve the query target until the sample reaches 20-30 impressions; verify indexing, intent, and internal discovery without rewriting the page.",quadruple-expansion-content.ts:generated
baby,guide,https://baby.madabase.com/guides/baby-bath-thermometers-buying-guide,"Baby bath thermometers Buying Guide: Fit, Cleaning, and Safety Checks",included,"August 13, 2026",56,0,2,0,9,low-sample-observe,,,"Preserve the query target until the sample reaches 20-30 impressions; verify indexing, intent, and internal discovery without rewriting the page.",breadth-draft-120-plus-content.ts:generated
baby,guide,https://baby.madabase.com/guides/baby-play-gyms-buying-guide,"Baby Play Gym Buying Guide: Floor Space, Toy Placement, Cleaning, and Stage Fit",included,"August 10, 2026",59,0,2,0,5,low-sample-observe,long-title,,"Preserve the query target until the sample reaches 20-30 impressions; verify indexing, intent, and internal discovery without rewriting the page.",broad-product-pilot-content.ts:611
baby,guide,https://baby.madabase.com/guides/baby-wraps-slings-vs-alternatives,Baby Wrap vs Structured Carrier: Which Fits Your Routine?,included,"September 4, 2026",34,0,2,0,10.5,low-sample-observe,,,"Preserve the query target until the sample reaches 20-30 impressions; verify indexing, intent, and internal discovery without rewriting the page.",quadruple-expansion-content.ts:generated
baby,guide,https://baby.madabase.com/guides/childproof-corner-guards-buying-guide,Corner Guards vs Edge Bumpers: Which Furniture Risk?,included,"September 7, 2026",31,0,2,0,6.5,low-sample-observe,,,"Preserve the query target until the sample reaches 20-30 impressions; verify indexing, intent, and internal discovery without rewriting the page.",breadth-draft-120-plus-content.ts:generated
baby,guide,https://baby.madabase.com/guides/childproof-outlet-covers-buying-guide,Outlet Caps vs Sliding Covers: Which Safety Layer Fits?,included,"September 7, 2026",31,0,2,0,2.5,low-sample-observe,,,"Preserve the query target until the sample reaches 20-30 impressions; verify indexing, intent, and internal discovery without rewriting the page.",breadth-draft-120-plus-content.ts:generated
baby,guide,https://baby.madabase.com/guides/hardware-mounted-baby-gates-ownership-cost-and-maintenance,Hardware-mounted Baby Gates: Ownership Cost and Maintenance,included,"August 9, 2026",60,0,2,0,6,low-sample-observe,,,"Preserve the query target until the sample reaches 20-30 impressions; verify indexing, intent, and internal discovery without rewriting the page.",quadruple-expansion-content.ts:generated
baby,guide,https://baby.madabase.com/guides/infant-car-seats-vs-alternatives,Infant Car Seats vs. convertible car seats,included,"August 9, 2026",60,0,2,0,6,low-sample-observe,,,"Preserve the query target until the sample reaches 20-30 impressions; verify indexing, intent, and internal discovery without rewriting the page.",quadruple-expansion-content.ts:generated
baby,guide,https://baby.madabase.com/guides/portable-changing-mats-buying-guide,"Portable changing mats Buying Guide: Fit, Cleaning, and Safety Checks",included,"August 13, 2026",56,0,2,0,10.5,low-sample-observe,,,"Preserve the query target until the sample reaches 20-30 impressions; verify indexing, intent, and internal discovery without rewriting the page.",breadth-draft-120-plus-content.ts:generated
baby,guide,https://baby.madabase.com/guides/structured-diaper-bags-ownership-cost-and-maintenance,Structured Diaper Bags: Ownership Cost and Maintenance,included,"August 9, 2026",60,0,2,0,6,low-sample-observe,,,"Preserve the query target until the sample reaches 20-30 impressions; verify indexing, intent, and internal discovery without rewriting the page.",quadruple-expansion-content.ts:generated
baby,guide,https://baby.madabase.com/guides/structured-diaper-bags-safety-and-skip-guide,Structured Diaper Bags: Safety Limits and When to Skip,included,"August 9, 2026",60,0,2,0,6.5,low-sample-observe,,,"Preserve the query target until the sample reaches 20-30 impressions; verify indexing, intent, and internal discovery without rewriting the page.",quadruple-expansion-content.ts:generated
baby,guide,https://baby.madabase.com/guides/structured-diaper-bags-setup-and-daily-workflow,Structured Diaper Bags: Setup and Daily Workflow,included,"August 9, 2026",60,0,2,0,6,low-sample-observe,,,"Preserve the query target until the sample reaches 20-30 impressions; verify indexing, intent, and internal discovery without rewriting the page.",quadruple-expansion-content.ts:generated
baby,guide,https://baby.madabase.com/guides/structured-diaper-bags-vs-alternatives,Diaper Bag vs Regular Backpack: Which Is Better?,included,"September 4, 2026",34,0,2,0,5.5,low-sample-observe,,,"Preserve the query target until the sample reaches 20-30 impressions; verify indexing, intent, and internal discovery without rewriting the page.",quadruple-expansion-content.ts:generated
baby,guide,https://baby.madabase.com/guides/table-booster-seats-setup-and-daily-workflow,Table Booster Seats: Setup and Daily Workflow,included,"August 9, 2026",60,0,2,0,6,low-sample-observe,,,"Preserve the query target until the sample reaches 20-30 impressions; verify indexing, intent, and internal discovery without rewriting the page.",quadruple-expansion-content.ts:generated
baby,guide,https://baby.madabase.com/guides/toddler-straw-cups-buying-guide,Straw Cup vs Sippy Cup: Which Transition Cup?,included,"September 7, 2026",31,0,2,0,7,low-sample-observe,,,"Preserve the query target until the sample reaches 20-30 impressions; verify indexing, intent, and internal discovery without rewriting the page.",breadth-draft-120-plus-content.ts:generated
homeoffice,guide,https://homeoffice.madabase.com/guides/acoustic-desk-dividers-buying-guide,"Acoustic desk dividers: Fit, Trade-offs & Buying Guide",included,"August 13, 2026",56,0,2,0,5.5,low-sample-observe,,,"Preserve the query target until the sample reaches 20-30 impressions; verify indexing, intent, and internal discovery without rewriting the page.",breadth-draft-120-plus-content.ts:generated
homeoffice,guide,https://homeoffice.madabase.com/guides/compact-color-inkjet-printers-buying-guide,Color Inkjet vs Color Laser: Which Home-Office Printer?,included,"September 7, 2026",31,0,2,0,3,low-sample-observe,,,"Preserve the query target until the sample reaches 20-30 impressions; verify indexing, intent, and internal discovery without rewriting the page.",breadth-draft-120-plus-content.ts:generated
homeoffice,guide,https://homeoffice.madabase.com/guides/desk-cable-grommets-buying-guide,"Desk cable grommets: Fit, Trade-offs & Buying Guide",included,"August 13, 2026",56,0,2,0,6,low-sample-observe,,,"Preserve the query target until the sample reaches 20-30 impressions; verify indexing, intent, and internal discovery without rewriting the page.",breadth-draft-120-plus-content.ts:generated
homeoffice,guide,https://homeoffice.madabase.com/guides/desk-cable-sleeves-buying-guide,"Desk cable sleeves: Fit, Trade-offs & Buying Guide",included,"August 13, 2026",56,0,2,0,5.5,low-sample-observe,,,"Preserve the query target until the sample reaches 20-30 impressions; verify indexing, intent, and internal discovery without rewriting the page.",breadth-draft-120-plus-content.ts:generated
homeoffice,guide,https://homeoffice.madabase.com/guides/desk-pegboard-organizers-buying-guide,"Desk pegboard organizers: Fit, Trade-offs & Buying Guide",included,"August 13, 2026",56,0,2,0,7,low-sample-observe,,,"Preserve the query target until the sample reaches 20-30 impressions; verify indexing, intent, and internal discovery without rewriting the page.",breadth-draft-120-plus-content.ts:generated
homeoffice,guide,https://homeoffice.madabase.com/guides/desktop-power-centers-compatibility-and-fit-guide,Desktop Power Centers: Compatibility and Fit Guide,included,"August 9, 2026",60,0,2,0,9,low-sample-observe,,,"Preserve the query target until the sample reaches 20-30 impressions; verify indexing, intent, and internal discovery without rewriting the page.",quadruple-expansion-content.ts:generated
homeoffice,guide,https://homeoffice.madabase.com/guides/desktop-shelf-systems-buying-guide,"Desktop shelf systems: Fit, Trade-offs & Buying Guide",included,"August 13, 2026",56,0,2,0,6,low-sample-observe,,,"Preserve the query target until the sample reaches 20-30 impressions; verify indexing, intent, and internal discovery without rewriting the page.",breadth-draft-120-plus-content.ts:generated
homeoffice,guide,https://homeoffice.madabase.com/guides/flatbed-document-scanners-compatibility-and-fit-guide,Flatbed Document Scanners: Compatibility and Fit Guide,included,"August 27, 2026",42,0,2,0,8.5,low-sample-observe,,,"Preserve the query target until the sample reaches 20-30 impressions; verify indexing, intent, and internal discovery without rewriting the page.",quadruple-expansion-content.ts:generated
homeoffice,guide,https://homeoffice.madabase.com/guides/floor-cable-covers-buying-guide,"Floor cable covers: Fit, Trade-offs & Buying Guide",included,"August 13, 2026",56,0,2,0,5.5,low-sample-observe,,,"Preserve the query target until the sample reaches 20-30 impressions; verify indexing, intent, and internal discovery without rewriting the page.",breadth-draft-120-plus-content.ts:generated
homeoffice,guide,https://homeoffice.madabase.com/guides/four-k-webcams-buying-guide,"4K webcams Buying Guide: Workspace Fit, Workflow, and Ownership Cost",included,"August 13, 2026",56,0,2,0,2,low-sample-observe,,,"Preserve the query target until the sample reaches 20-30 impressions; verify indexing, intent, and internal discovery without rewriting the page.",breadth-draft-120-plus-content.ts:generated
homeoffice,guide,https://homeoffice.madabase.com/guides/home-office-acoustic-panels-ownership-cost-and-maintenance,Home-office Acoustic Panels: Ownership Cost and Maintenance,included,"August 9, 2026",60,0,2,0,5.5,low-sample-observe,,,"Preserve the query target until the sample reaches 20-30 impressions; verify indexing, intent, and internal discovery without rewriting the page.",quadruple-expansion-content.ts:generated
homeoffice,guide,https://homeoffice.madabase.com/guides/home-office-cable-management-guide,Home Office Cable Management Guide,included,"July 26, 2026",74,0,2,0,3.5,low-sample-observe,,,"Preserve the query target until the sample reaches 20-30 impressions; verify indexing, intent, and internal discovery without rewriting the page.",content.ts:2157
homeoffice,guide,https://homeoffice.madabase.com/guides/laptop-privacy-screens-buying-guide,Magnetic vs Adhesive Laptop Privacy Screen: Which Fits?,included,"September 7, 2026",31,0,2,0,3,low-sample-observe,,,"Preserve the query target until the sample reaches 20-30 impressions; verify indexing, intent, and internal discovery without rewriting the page.",breadth-draft-120-plus-content.ts:generated
homeoffice,guide,https://homeoffice.madabase.com/guides/macbook-dual-monitor-dock-chip-compatibility-guide,MacBook Dual-Monitor Dock Compatibility by Apple Chip,included,"August 6, 2026",63,0,2,0,6.5,low-sample-observe,,implemented,"Preserve the query target until the sample reaches 20-30 impressions; verify indexing, intent, and internal discovery without rewriting the page.",homeoffice-dock-content.ts:450
homeoffice,guide,https://homeoffice.madabase.com/guides/monochrome-laser-printers-buying-guide,Monochrome Laser Printers Buying Guide,included,"August 27, 2026",42,0,2,0,6,low-sample-observe,,,"Preserve the query target until the sample reaches 20-30 impressions; verify indexing, intent, and internal discovery without rewriting the page.",quadruple-expansion-content.ts:generated
homeoffice,guide,https://homeoffice.madabase.com/guides/ptz-conference-cameras-buying-guide,"PTZ conference cameras: Fit, Trade-offs & Buying Guide",included,"August 13, 2026",56,0,2,0,7.5,low-sample-observe,,,"Preserve the query target until the sample reaches 20-30 impressions; verify indexing, intent, and internal discovery without rewriting the page.",breadth-draft-120-plus-content.ts:generated
homeoffice,guide,https://homeoffice.madabase.com/guides/single-vs-dual-monitor-arm-walking-desk,Single vs. Dual Monitor Arms for a Walking Desk,included,"July 23, 2026",77,0,2,0,10.5,low-sample-observe,,implemented,"Preserve the query target until the sample reaches 20-30 impressions; verify indexing, intent, and internal discovery without rewriting the page.",topic-cluster-content.ts:394
homeoffice,guide,https://homeoffice.madabase.com/guides/standing-desk-anti-fatigue-mats-vs-alternatives,Standing-desk anti-fatigue Mats vs. supportive indoor shoes or movement breaks,included,"August 9, 2026",60,0,2,0,7,low-sample-observe,long-title,,"Preserve the query target until the sample reaches 20-30 impressions; verify indexing, intent, and internal discovery without rewriting the page.",quadruple-expansion-content.ts:generated
homeoffice,guide,https://homeoffice.madabase.com/guides/thunderbolt-kvm-docks-buying-guide,Thunderbolt KVM Docks Buying Guide,included,"August 9, 2026",60,0,2,0,7.5,low-sample-observe,,,"Preserve the query target until the sample reaches 20-30 impressions; verify indexing, intent, and internal discovery without rewriting the page.",quadruple-expansion-content.ts:generated
homeoffice,guide,https://homeoffice.madabase.com/guides/ultrawide-office-monitors-ownership-cost-and-maintenance,Ultrawide Office Monitors: Ownership Cost and Maintenance,included,"August 9, 2026",60,0,2,0,6.5,low-sample-observe,,,"Preserve the query target until the sample reaches 20-30 impressions; verify indexing, intent, and internal discovery without rewriting the page.",quadruple-expansion-content.ts:generated
homeoffice,guide,https://homeoffice.madabase.com/guides/ultrawide-office-monitors-setup-and-daily-workflow,Ultrawide Office Monitors: Setup and Daily Workflow,included,"August 9, 2026",60,0,2,0,8,low-sample-observe,,,"Preserve the query target until the sample reaches 20-30 impressions; verify indexing, intent, and internal discovery without rewriting the page.",quadruple-expansion-content.ts:generated
homeoffice,guide,https://homeoffice.madabase.com/guides/under-desk-cable-trays-buying-guide,Under-desk Cable Trays Buying Guide,included,"August 9, 2026",60,0,2,0,6.5,low-sample-observe,,,"Preserve the query target until the sample reaches 20-30 impressions; verify indexing, intent, and internal discovery without rewriting the page.",quadruple-expansion-content.ts:generated
homeoffice,guide,https://homeoffice.madabase.com/guides/under-desk-cable-trays-setup-and-daily-workflow,Under-desk Cable Trays: Setup and Daily Workflow,included,"August 27, 2026",42,0,2,0,18.5,low-sample-observe,,,"Preserve the query target until the sample reaches 20-30 impressions; verify indexing, intent, and internal discovery without rewriting the page.",quadruple-expansion-content.ts:generated
homeoffice,guide,https://homeoffice.madabase.com/guides/usb-condenser-microphones-ownership-cost-and-maintenance,USB Condenser Microphones: Ownership Cost and Maintenance,included,"August 9, 2026",60,0,2,0,4.5,low-sample-observe,,,"Preserve the query target until the sample reaches 20-30 impressions; verify indexing, intent, and internal discovery without rewriting the page.",quadruple-expansion-content.ts:generated
homeoffice,guide,https://homeoffice.madabase.com/guides/usb-document-cameras-buying-guide,"USB Document Camera Buying Guide: Detail, Working Area, Focus, and Meeting Apps",included,"August 10, 2026",59,0,2,0,5,low-sample-observe,long-title,,"Preserve the query target until the sample reaches 20-30 impressions; verify indexing, intent, and internal discovery without rewriting the page.",broad-product-pilot-content.ts:407
homeoffice,guide,https://homeoffice.madabase.com/guides/vertical-office-monitors-ownership-cost-and-maintenance,Vertical Office Monitors: Ownership Cost and Maintenance,included,"August 9, 2026",60,0,2,0,7.5,low-sample-observe,,,"Preserve the query target until the sample reaches 20-30 impressions; verify indexing, intent, and internal discovery without rewriting the page.",quadruple-expansion-content.ts:generated
homeoffice,guide,https://homeoffice.madabase.com/guides/webcam-key-lights-buying-guide,"Webcam key lights: Fit, Trade-offs & Buying Guide",included,"August 13, 2026",56,0,2,0,5.5,low-sample-observe,,,"Preserve the query target until the sample reaches 20-30 impressions; verify indexing, intent, and internal discovery without rewriting the page.",breadth-draft-120-plus-content.ts:generated
homeoffice,guide,https://homeoffice.madabase.com/guides/xlr-office-microphones-setup-and-daily-workflow,XLR Microphones for Office Studios: Setup and Daily Workflow,included,"August 9, 2026",60,0,2,0,7.5,low-sample-observe,,,"Preserve the query target until the sample reaches 20-30 impressions; verify indexing, intent, and internal discovery without rewriting the page.",quadruple-expansion-content.ts:generated
network,guide,https://network.madabase.com/guides/deco-wifi-7-single-unit-vs-two-pack,One Deco Wi-Fi 7 Unit vs. a Two-Pack: Which Should You Buy?,included,"July 16, 2026",84,0,2,0,11,low-sample-observe,,,"Preserve the query target until the sample reaches 20-30 impressions; verify indexing, intent, and internal discovery without rewriting the page.",aggressive-portfolio-expansion-content.ts:227
network,product,https://network.madabase.com/reviews/tp-link-deco-be85-wifi-7-mesh,"TP-Link Deco BE85 Guide: BE22000, 10GbE & BE67 Comparison",included,"July 1, 2026",99,0,2,0,19.5,low-sample-observe,implicit-evidence-mode,,"Preserve the query target until the sample reaches 20-30 impressions; verify indexing, intent, and internal discovery without rewriting the page.",commercial-expansion-content.ts:38
pet,guide,https://pets.madabase.com/guides/pet-carrier-backpacks-buying-guide,"Pet Carrier Backpack Guide: Internal Fit, Ventilation, and Human Load",included,"August 11, 2026",58,0,2,0,2,low-sample-observe,,,"Preserve the query target until the sample reaches 20-30 impressions; verify indexing, intent, and internal discovery without rewriting the page.",broad-product-pilot-3-content.ts:1340
pet,product,https://pets.madabase.com/reviews/petlibro-granary-automatic-cat-feeder,"PETLIBRO Granary Smart Feeder Guide: Portions, Wi-Fi & Backup Power",included,"July 23, 2026",77,0,2,0,9,low-sample-observe,,implemented,"Preserve the query target until the sample reaches 20-30 impressions; verify indexing, intent, and internal discovery without rewriting the page.",content.ts:100
pet,product,https://pets.madabase.com/reviews/winix-5510-air-purifier,Winix 5510 Guide: 5500-2 Successor for Pet Homes,included,"July 1, 2026",99,0,2,0,11,low-sample-observe,implicit-evidence-mode,,"Preserve the query target until the sample reaches 20-30 impressions; verify indexing, intent, and internal discovery without rewriting the page.",commercial-expansion-content.ts:353
smarthome,guide,https://smarthome.madabase.com/guides/smart-dimmer-switches-vs-alternatives,Smart Dimmer Switches vs. standard switches with smart bulbs,included,"August 9, 2026",60,0,2,0,9,low-sample-observe,,,"Preserve the query target until the sample reaches 20-30 impressions; verify indexing, intent, and internal discovery without rewriting the page.",quadruple-expansion-content.ts:generated
smarthome,product,https://smarthome.madabase.com/reviews/yale-assure-lock-2-touch-fingerprint,"Yale Assure Lock 2 Touch Guide: Fingerprint, Wi-Fi & Fit",included,"July 1, 2026",99,0,2,0,6.5,low-sample-observe,implicit-evidence-mode,,"Preserve the query target until the sample reaches 20-30 impressions; verify indexing, intent, and internal discovery without rewriting the page.",commercial-expansion-content.ts:413
smarthome,product,https://smarthome.madabase.com/reviews/yolink-x3-bulldog-valve-controller,YoLink X3 Bulldog Valve Controller: Long-Range Shutoff Guide,included,"July 22, 2026",78,0,2,0,7,low-sample-observe,,,"Preserve the query target until the sample reaches 20-30 impressions; verify indexing, intent, and internal discovery without rewriting the page.",smarthome-water-shutoff-content.ts:117
baby,roundup,https://baby.madabase.com/best/babybjorn-mini-vs-ergobaby-omni-breeze,BabyBjörn Mini vs. Ergobaby Omni Breeze,included,"July 1, 2026",99,0,1,0,8,low-sample-observe,,,"Preserve the query target until the sample reaches 20-30 impressions; verify indexing, intent, and internal discovery without rewriting the page.",commercial-expansion-content.ts:595
baby,roundup,https://baby.madabase.com/best/best-baby-monitors-for-apartments,Baby Monitors for Apartments,included,"June 21, 2026",109,0,1,0,4,low-sample-observe,,,"Preserve the query target until the sample reaches 20-30 impressions; verify indexing, intent, and internal discovery without rewriting the page.",content.ts:1729
baby,roundup,https://baby.madabase.com/best/best-travel-strollers,Travel Strollers for Everyday Errands and Flights,included,"June 21, 2026",109,0,1,0,2,low-sample-observe,,,"Preserve the query target until the sample reaches 20-30 impressions; verify indexing, intent, and internal discovery without rewriting the page.",content.ts:1752
baby,guide,https://baby.madabase.com/guides/adjustable-high-chairs-ownership-cost-and-maintenance,Adjustable High Chairs: Ownership Cost and Maintenance,included,"August 9, 2026",60,0,1,0,4,low-sample-observe,,,"Preserve the query target until the sample reaches 20-30 impressions; verify indexing, intent, and internal discovery without rewriting the page.",quadruple-expansion-content.ts:generated
baby,guide,https://baby.madabase.com/guides/baby-carrier-hot-weather-and-caregiver-fit-guide,Baby Carrier Guide for Hot Weather and Different Caregiver Builds,included,"July 1, 2026",99,0,1,0,9,low-sample-observe,,,"Preserve the query target until the sample reaches 20-30 impressions; verify indexing, intent, and internal discovery without rewriting the page.",topic-cluster-content.ts:48
baby,guide,https://baby.madabase.com/guides/baby-food-makers-safety-and-skip-guide,Baby Food Makers: Safety Limits and When to Skip,included,"August 9, 2026",60,0,1,0,4,low-sample-observe,,,"Preserve the query target until the sample reaches 20-30 impressions; verify indexing, intent, and internal discovery without rewriting the page.",quadruple-expansion-content.ts:generated
baby,guide,https://baby.madabase.com/guides/baby-travel-systems-buying-guide,Baby Travel Systems Buying Guide,included,"August 27, 2026",42,0,1,0,8,low-sample-observe,,,"Preserve the query target until the sample reaches 20-30 impressions; verify indexing, intent, and internal discovery without rewriting the page.",quadruple-expansion-content.ts:generated
baby,guide,https://baby.madabase.com/guides/baby-wraps-slings-compatibility-and-fit-guide,Baby Wraps and Slings: Compatibility and Fit Guide,included,"August 9, 2026",60,0,1,0,4,low-sample-observe,,,"Preserve the query target until the sample reaches 20-30 impressions; verify indexing, intent, and internal discovery without rewriting the page.",quadruple-expansion-content.ts:generated
baby,guide,https://baby.madabase.com/guides/bath-toy-organizers-buying-guide,Mesh vs Plastic Bath Toy Organizer: Which Dries Better?,included,"September 7, 2026",31,0,1,0,9,low-sample-observe,,,"Preserve the query target until the sample reaches 20-30 impressions; verify indexing, intent, and internal discovery without rewriting the page.",breadth-draft-120-plus-content.ts:generated
baby,guide,https://baby.madabase.com/guides/bedside-bassinets-ownership-cost-and-maintenance,Bedside Bassinets: Ownership Cost and Maintenance,included,"August 9, 2026",60,0,1,0,2,low-sample-observe,,,"Preserve the query target until the sample reaches 20-30 impressions; verify indexing, intent, and internal discovery without rewriting the page.",quadruple-expansion-content.ts:generated
baby,guide,https://baby.madabase.com/guides/changing-pads-safety-and-skip-guide,Changing Pads: Safety Limits and When to Skip,included,"August 9, 2026",60,0,1,0,8,low-sample-observe,,,"Preserve the query target until the sample reaches 20-30 impressions; verify indexing, intent, and internal discovery without rewriting the page.",quadruple-expansion-content.ts:generated
baby,guide,https://baby.madabase.com/guides/convertible-car-seats-buying-guide,Convertible Car Seats Buying Guide,included,"August 9, 2026",60,0,1,0,7,low-sample-observe,,,"Preserve the query target until the sample reaches 20-30 impressions; verify indexing, intent, and internal discovery without rewriting the page.",quadruple-expansion-content.ts:generated
baby,guide,https://baby.madabase.com/guides/convertible-car-seats-safety-and-skip-guide,Convertible Car Seats: Safety Limits and When to Skip,included,"August 27, 2026",42,0,1,0,4,low-sample-observe,,,"Preserve the query target until the sample reaches 20-30 impressions; verify indexing, intent, and internal discovery without rewriting the page.",quadruple-expansion-content.ts:generated
baby,guide,https://baby.madabase.com/guides/convertible-car-seats-setup-and-daily-workflow,Convertible Car Seats: Setup and Daily Workflow,included,"August 9, 2026",60,0,1,0,6,low-sample-observe,,,"Preserve the query target until the sample reaches 20-30 impressions; verify indexing, intent, and internal discovery without rewriting the page.",quadruple-expansion-content.ts:generated
baby,guide,https://baby.madabase.com/guides/diaper-pail-replacement-bag-annual-cost-guide,Diaper Pail Replacement Bag Annual Cost Guide,included,"August 8, 2026",61,0,1,0,6,low-sample-observe,,,"Preserve the query target until the sample reaches 20-30 impressions; verify indexing, intent, and internal discovery without rewriting the page.",second-round-august-2026-content.ts:450
baby,guide,https://baby.madabase.com/guides/full-size-strollers-setup-and-daily-workflow,Full-size Strollers: Setup and Daily Workflow,included,"August 9, 2026",60,0,1,0,5,low-sample-observe,,,"Preserve the query target until the sample reaches 20-30 impressions; verify indexing, intent, and internal discovery without rewriting the page.",quadruple-expansion-content.ts:generated
baby,guide,https://baby.madabase.com/guides/hardware-mounted-baby-gates-buying-guide,Hardware-mounted Baby Gates Buying Guide,included,"August 9, 2026",60,0,1,0,11,low-sample-observe,,,"Preserve the query target until the sample reaches 20-30 impressions; verify indexing, intent, and internal discovery without rewriting the page.",quadruple-expansion-content.ts:generated
baby,guide,https://baby.madabase.com/guides/hardware-mounted-baby-gates-setup-and-daily-workflow,Hardware-mounted Baby Gates: Setup and Daily Workflow,included,"August 9, 2026",60,0,1,0,6,low-sample-observe,,,"Preserve the query target until the sample reaches 20-30 impressions; verify indexing, intent, and internal discovery without rewriting the page.",quadruple-expansion-content.ts:generated
baby,guide,https://baby.madabase.com/guides/jogging-strollers-ownership-cost-and-maintenance,Jogging Strollers: Ownership Cost and Maintenance,included,"August 9, 2026",60,0,1,0,12,low-sample-observe,,,"Preserve the query target until the sample reaches 20-30 impressions; verify indexing, intent, and internal discovery without rewriting the page.",quadruple-expansion-content.ts:generated
baby,guide,https://baby.madabase.com/guides/jogging-strollers-vs-alternatives,Jogging Strollers vs. all-terrain everyday strollers,included,"August 9, 2026",60,0,1,0,11,low-sample-observe,,,"Preserve the query target until the sample reaches 20-30 impressions; verify indexing, intent, and internal discovery without rewriting the page.",quadruple-expansion-content.ts:generated
baby,guide,https://baby.madabase.com/guides/nursery-humidifiers-ownership-cost-and-maintenance,Nursery Humidifiers: Ownership Cost and Maintenance,included,"August 9, 2026",60,0,1,0,8,low-sample-observe,,,"Preserve the query target until the sample reaches 20-30 impressions; verify indexing, intent, and internal discovery without rewriting the page.",quadruple-expansion-content.ts:generated
baby,guide,https://baby.madabase.com/guides/nursery-humidifiers-safety-and-skip-guide,Nursery Humidifiers: Safety Limits and When to Skip,included,"August 27, 2026",42,0,1,0,2,low-sample-observe,,,"Preserve the query target until the sample reaches 20-30 impressions; verify indexing, intent, and internal discovery without rewriting the page.",quadruple-expansion-content.ts:generated
baby,guide,https://baby.madabase.com/guides/packable-baby-carrier-travel-checklist,Packable Baby Carrier Travel Checklist,included,"July 2, 2026",98,0,1,0,12,low-sample-observe,,,"Preserve the query target until the sample reaches 20-30 impressions; verify indexing, intent, and internal discovery without rewriting the page.",verified-affiliate-batch-content.ts:818
baby,guide,https://baby.madabase.com/guides/silicone-feeding-placemats-buying-guide,Silicone Placemat vs Clean High-Chair Tray: Which Is Easier?,included,"September 7, 2026",31,0,1,0,10,low-sample-observe,,,"Preserve the query target until the sample reaches 20-30 impressions; verify indexing, intent, and internal discovery without rewriting the page.",breadth-draft-120-plus-content.ts:generated
baby,guide,https://baby.madabase.com/guides/stroller-wagons-compatibility-and-fit-guide,Stroller Wagons: Compatibility and Fit Guide,included,"August 9, 2026",60,0,1,0,11,low-sample-observe,,,"Preserve the query target until the sample reaches 20-30 impressions; verify indexing, intent, and internal discovery without rewriting the page.",quadruple-expansion-content.ts:generated
baby,guide,https://baby.madabase.com/guides/stroller-wagons-setup-and-daily-workflow,Stroller Wagons: Setup and Daily Workflow,included,"August 9, 2026",60,0,1,0,5,low-sample-observe,,,"Preserve the query target until the sample reaches 20-30 impressions; verify indexing, intent, and internal discovery without rewriting the page.",quadruple-expansion-content.ts:generated
baby,guide,https://baby.madabase.com/guides/stroller-wagons-vs-alternatives,Stroller Wagons vs. double strollers,included,"August 9, 2026",60,0,1,0,5,low-sample-observe,,,"Preserve the query target until the sample reaches 20-30 impressions; verify indexing, intent, and internal discovery without rewriting the page.",quadruple-expansion-content.ts:generated
baby,guide,https://baby.madabase.com/guides/table-booster-seats-buying-guide,Table Booster Seats Buying Guide,included,"August 9, 2026",60,0,1,0,7,low-sample-observe,,,"Preserve the query target until the sample reaches 20-30 impressions; verify indexing, intent, and internal discovery without rewriting the page.",quadruple-expansion-content.ts:generated
baby,guide,https://baby.madabase.com/guides/travel-cribs-playards-safety-and-skip-guide,Travel Cribs and Playards: Safety Limits and When to Skip,included,"August 9, 2026",60,0,1,0,5,low-sample-observe,,,"Preserve the query target until the sample reaches 20-30 impressions; verify indexing, intent, and internal discovery without rewriting the page.",quadruple-expansion-content.ts:generated
baby,guide,https://baby.madabase.com/guides/travel-cribs-playards-vs-alternatives,Travel Cribs and Playards vs. portable bassinets,included,"August 27, 2026",42,0,1,0,13,low-sample-observe,,,"Preserve the query target until the sample reaches 20-30 impressions; verify indexing, intent, and internal discovery without rewriting the page.",quadruple-expansion-content.ts:generated
baby,product,https://baby.madabase.com/reviews/bc-babycare-hexa-effortless-carrier,"Bc Babycare Hexa Carrier Guide: Hip Seat, Fit & Limits",included,"July 31, 2026",69,0,1,0,6,low-sample-observe,,,"Preserve the query target until the sample reaches 20-30 impressions; verify indexing, intent, and internal discovery without rewriting the page.",cj-baby-content.ts:4
baby,product,https://baby.madabase.com/reviews/boon-lawn-bottle-drying-rack,Boon LAWN Drying Rack Guide: Cleaning & Storage,included,"August 8, 2026",61,0,1,0,10,low-sample-observe,,,"Preserve the query target until the sample reaches 20-30 impressions; verify indexing, intent, and internal discovery without rewriting the page.",second-round-august-2026-content.ts:314
homeoffice,roundup,https://homeoffice.madabase.com/best/best-walking-pad-and-monitor-arm-setup,Walking-Pad and Monitor-Arm Setup for a Home Office,included,"July 23, 2026",77,0,1,0,2,low-sample-observe,,implemented,"Preserve the query target until the sample reaches 20-30 impressions; verify indexing, intent, and internal discovery without rewriting the page.",commercial-expansion-content.ts:516
homeoffice,guide,https://homeoffice.madabase.com/guides/adjustable-laptop-stands-vs-alternatives,Laptop Stand vs Monitor Arm: Which Fits Your Desk?,included,"September 4, 2026",34,0,1,0,2,low-sample-observe,,,"Preserve the query target until the sample reaches 20-30 impressions; verify indexing, intent, and internal discovery without rewriting the page.",quadruple-expansion-content.ts:generated
homeoffice,guide,https://homeoffice.madabase.com/guides/desktop-ring-lights-buying-guide,"Desktop ring lights: Fit, Trade-offs & Buying Guide",included,"August 13, 2026",56,0,1,0,8,low-sample-observe,,,"Preserve the query target until the sample reaches 20-30 impressions; verify indexing, intent, and internal discovery without rewriting the page.",breadth-draft-120-plus-content.ts:generated
homeoffice,guide,https://homeoffice.madabase.com/guides/flatbed-document-scanners-ownership-cost-and-maintenance,Flatbed Document Scanners: Ownership Cost and Maintenance,included,"August 9, 2026",60,0,1,0,6,low-sample-observe,,,"Preserve the query target until the sample reaches 20-30 impressions; verify indexing, intent, and internal discovery without rewriting the page.",quadruple-expansion-content.ts:generated
homeoffice,guide,https://homeoffice.madabase.com/guides/home-office-acoustic-panels-buying-guide,Home-office Acoustic Panels Buying Guide,included,"August 27, 2026",42,0,1,0,10,low-sample-observe,,,"Preserve the query target until the sample reaches 20-30 impressions; verify indexing, intent, and internal discovery without rewriting the page.",quadruple-expansion-content.ts:generated
homeoffice,guide,https://homeoffice.madabase.com/guides/monitor-color-calibrators-compatibility-and-fit-guide,Monitor Color Calibrators: Compatibility and Fit Guide,included,"August 9, 2026",60,0,1,0,2,low-sample-observe,,,"Preserve the query target until the sample reaches 20-30 impressions; verify indexing, intent, and internal discovery without rewriting the page.",quadruple-expansion-content.ts:generated
homeoffice,guide,https://homeoffice.madabase.com/guides/monitor-color-calibrators-ownership-cost-and-maintenance,Monitor Color Calibrators: Ownership Cost and Maintenance,included,"August 9, 2026",60,0,1,0,8,low-sample-observe,,,"Preserve the query target until the sample reaches 20-30 impressions; verify indexing, intent, and internal discovery without rewriting the page.",quadruple-expansion-content.ts:generated
homeoffice,guide,https://homeoffice.madabase.com/guides/monitor-privacy-screens-buying-guide,Removable vs Adhesive Monitor Privacy Screen: Which Fits?,included,"September 7, 2026",31,0,1,0,8,low-sample-observe,,,"Preserve the query target until the sample reaches 20-30 impressions; verify indexing, intent, and internal discovery without rewriting the page.",breadth-draft-120-plus-content.ts:generated
homeoffice,guide,https://homeoffice.madabase.com/guides/office-call-headsets-buying-guide,Office Call Headsets Buying Guide,included,"August 9, 2026",60,0,1,0,8,low-sample-observe,,,"Preserve the query target until the sample reaches 20-30 impressions; verify indexing, intent, and internal discovery without rewriting the page.",quadruple-expansion-content.ts:generated
homeoffice,guide,https://homeoffice.madabase.com/guides/office-call-headsets-compatibility-and-fit-guide,Office Call Headsets: Compatibility and Fit Guide,included,"August 9, 2026",60,0,1,0,3,low-sample-observe,,,"Preserve the query target until the sample reaches 20-30 impressions; verify indexing, intent, and internal discovery without rewriting the page.",quadruple-expansion-content.ts:generated
homeoffice,guide,https://homeoffice.madabase.com/guides/office-call-headsets-setup-and-daily-workflow,Office Call Headsets: Setup and Daily Workflow,included,"August 9, 2026",60,0,1,0,7,low-sample-observe,,,"Preserve the query target until the sample reaches 20-30 impressions; verify indexing, intent, and internal discovery without rewriting the page.",quadruple-expansion-content.ts:generated
homeoffice,guide,https://homeoffice.madabase.com/guides/productivity-mice-compatibility-and-fit-guide,Productivity Mice: Compatibility and Fit Guide,included,"August 9, 2026",60,0,1,0,5,low-sample-observe,,,"Preserve the query target until the sample reaches 20-30 impressions; verify indexing, intent, and internal discovery without rewriting the page.",quadruple-expansion-content.ts:generated
homeoffice,guide,https://homeoffice.madabase.com/guides/productivity-mice-ownership-cost-and-maintenance,Productivity Mice: Ownership Cost and Maintenance,included,"August 9, 2026",60,0,1,0,9,low-sample-observe,,,"Preserve the query target until the sample reaches 20-30 impressions; verify indexing, intent, and internal discovery without rewriting the page.",quadruple-expansion-content.ts:generated
homeoffice,guide,https://homeoffice.madabase.com/guides/receipt-scanners-buying-guide,"Receipt scanners: Fit, Trade-offs & Buying Guide",included,"August 13, 2026",56,0,1,0,10,low-sample-observe,,,"Preserve the query target until the sample reaches 20-30 impressions; verify indexing, intent, and internal discovery without rewriting the page.",breadth-draft-120-plus-content.ts:generated
homeoffice,guide,https://homeoffice.madabase.com/guides/sheetfed-document-scanners-buying-guide,Sheet-fed Document Scanners Buying Guide,included,"August 9, 2026",60,0,1,0,8,low-sample-observe,,,"Preserve the query target until the sample reaches 20-30 impressions; verify indexing, intent, and internal discovery without rewriting the page.",quadruple-expansion-content.ts:generated
homeoffice,guide,https://homeoffice.madabase.com/guides/sheetfed-document-scanners-setup-and-daily-workflow,Sheet-fed Document Scanners: Setup and Daily Workflow,included,"August 27, 2026",42,0,1,0,8,low-sample-observe,,,"Preserve the query target until the sample reaches 20-30 impressions; verify indexing, intent, and internal discovery without rewriting the page.",quadruple-expansion-content.ts:generated
homeoffice,guide,https://homeoffice.madabase.com/guides/standing-desk-anti-fatigue-mats-setup-and-daily-workflow,Standing-desk anti-fatigue Mats: Setup and Daily Workflow,included,"August 9, 2026",60,0,1,0,7,low-sample-observe,,,"Preserve the query target until the sample reaches 20-30 impressions; verify indexing, intent, and internal discovery without rewriting the page.",quadruple-expansion-content.ts:generated
homeoffice,guide,https://homeoffice.madabase.com/guides/thunderbolt-kvm-docks-setup-and-daily-workflow,Thunderbolt KVM Docks: Setup and Daily Workflow,included,"August 9, 2026",60,0,1,0,8,low-sample-observe,,,"Preserve the query target until the sample reaches 20-30 impressions; verify indexing, intent, and internal discovery without rewriting the page.",quadruple-expansion-content.ts:generated
homeoffice,guide,https://homeoffice.madabase.com/guides/ultrawide-office-monitors-vs-alternatives,Ultrawide vs Dual Monitors: Which Office Setup Is Better?,included,"September 4, 2026",34,0,1,0,3,low-sample-observe,,,"Preserve the query target until the sample reaches 20-30 impressions; verify indexing, intent, and internal discovery without rewriting the page.",quadruple-expansion-content.ts:generated
homeoffice,guide,https://homeoffice.madabase.com/guides/under-desk-cable-trays-vs-alternatives,Under-desk Cable Trays vs. surface cable raceways,included,"August 9, 2026",60,0,1,0,8,low-sample-observe,,,"Preserve the query target until the sample reaches 20-30 impressions; verify indexing, intent, and internal discovery without rewriting the page.",quadruple-expansion-content.ts:generated
homeoffice,guide,https://homeoffice.madabase.com/guides/usb-condenser-microphones-compatibility-and-fit-guide,USB Condenser Microphones: Compatibility and Fit Guide,included,"August 9, 2026",60,0,1,0,10,low-sample-observe,,,"Preserve the query target until the sample reaches 20-30 impressions; verify indexing, intent, and internal discovery without rewriting the page.",quadruple-expansion-content.ts:generated
homeoffice,guide,https://homeoffice.madabase.com/guides/usb-condenser-microphones-setup-and-daily-workflow,USB Condenser Microphones: Setup and Daily Workflow,included,"August 9, 2026",60,0,1,0,10,low-sample-observe,,,"Preserve the query target until the sample reaches 20-30 impressions; verify indexing, intent, and internal discovery without rewriting the page.",quadruple-expansion-content.ts:generated
homeoffice,guide,https://homeoffice.madabase.com/guides/vertical-mice-compatibility-and-fit-guide,Vertical Mice: Compatibility and Fit Guide,included,"August 9, 2026",60,0,1,0,8,low-sample-observe,,,"Preserve the query target until the sample reaches 20-30 impressions; verify indexing, intent, and internal discovery without rewriting the page.",quadruple-expansion-content.ts:generated
homeoffice,guide,https://homeoffice.madabase.com/guides/vertical-office-monitors-compatibility-and-fit-guide,Vertical Office Monitors: Compatibility and Fit Guide,included,"August 9, 2026",60,0,1,0,6,low-sample-observe,,,"Preserve the query target until the sample reaches 20-30 impressions; verify indexing, intent, and internal discovery without rewriting the page.",quadruple-expansion-content.ts:generated
homeoffice,guide,https://homeoffice.madabase.com/guides/vertical-office-monitors-setup-and-daily-workflow,Vertical Office Monitors: Setup and Daily Workflow,included,"August 27, 2026",42,0,1,0,8,low-sample-observe,,,"Preserve the query target until the sample reaches 20-30 impressions; verify indexing, intent, and internal discovery without rewriting the page.",quadruple-expansion-content.ts:generated
homeoffice,guide,https://homeoffice.madabase.com/guides/vertical-office-monitors-vs-alternatives,Vertical Office Monitors vs. standard landscape monitors,included,"August 9, 2026",60,0,1,0,9,low-sample-observe,,,"Preserve the query target until the sample reaches 20-30 impressions; verify indexing, intent, and internal discovery without rewriting the page.",quadruple-expansion-content.ts:generated
homeoffice,guide,https://homeoffice.madabase.com/guides/vesa-monitor-adapters-buying-guide,"VESA monitor adapters: Fit, Trade-offs & Buying Guide",included,"August 13, 2026",56,0,1,0,9,low-sample-observe,,,"Preserve the query target until the sample reaches 20-30 impressions; verify indexing, intent, and internal discovery without rewriting the page.",breadth-draft-120-plus-content.ts:generated
homeoffice,product,https://homeoffice.madabase.com/reviews/logitech-mx-brio-4k-webcam,"Logitech MX Brio Guide: 4K, 1080p60 & Link 2",included,"August 8, 2026",61,0,1,0,7,low-sample-observe,,,"Preserve the query target until the sample reaches 20-30 impressions; verify indexing, intent, and internal discovery without rewriting the page.",august-2026-product-expansion-content.ts:183
network,roundup,https://network.madabase.com/best/deco-be25-vs-be63,"Deco BE25 vs BE63: 6GHz, Ports & Best Value",included,"August 20, 2026",49,0,1,0,1,low-sample-observe,,implemented,"Preserve the query target until the sample reaches 20-30 impressions; verify indexing, intent, and internal discovery without rewriting the page.",commercial-expansion-content.ts:476
network,roundup,https://network.madabase.com/best/deco-be25-vs-be67,TP-Link Deco BE25 vs BE67: Budget Wi-Fi 7 or 10GbE Mesh?,included,"July 23, 2026",77,0,1,0,3,low-sample-observe,,implemented,"Preserve the query target until the sample reaches 20-30 impressions; verify indexing, intent, and internal discovery without rewriting the page.",network-multigig-expansion-content.ts:6
network,guide,https://network.madabase.com/guides/deco-wifi-7-model-number-buyer-checklist,"Deco Wi-Fi 7 Model Number Checklist: BE25, BE63 & BE67",included,"July 16, 2026",84,0,1,0,6,low-sample-observe,,,"Preserve the query target until the sample reaches 20-30 impressions; verify indexing, intent, and internal discovery without rewriting the page.",aggressive-portfolio-expansion-content.ts:204
network,guide,https://network.madabase.com/guides/home-network-racks-vs-alternatives,Home Network Racks vs. wall shelves or structured-media cabinets,included,"August 9, 2026",60,0,1,0,9,low-sample-observe,,,"Preserve the query target until the sample reaches 20-30 impressions; verify indexing, intent, and internal discovery without rewriting the page.",quadruple-expansion-content.ts:generated
network,guide,https://network.madabase.com/guides/is-deco-be67-worth-it-for-gigabit-internet,Is Deco BE67 Worth It? 1Gbps vs 2.5Gbps vs 10GbE,included,"July 28, 2026",72,0,1,0,7,low-sample-observe,,implemented,"Preserve the query target until the sample reaches 20-30 impressions; verify indexing, intent, and internal discovery without rewriting the page.",topic-cluster-content.ts:108
network,guide,https://network.madabase.com/guides/is-wifi-7-worth-it-for-1gbps-internet,Is Wi-Fi 7 Worth It for 1Gbps Internet? A Buyer Checklist,included,"July 11, 2026",89,0,1,0,10,low-sample-observe,,,"Preserve the query target until the sample reaches 20-30 impressions; verify indexing, intent, and internal discovery without rewriting the page.",network-multigig-expansion-content.ts:64
network,guide,https://network.madabase.com/guides/pass-through-ethernet-crimping-tools-buying-guide,Pass-Through Ethernet Crimper Buying Guide: Connector Match and Flush Cuts,included,"August 10, 2026",59,0,1,0,8,low-sample-observe,long-title,,"Preserve the query target until the sample reaches 20-30 impressions; verify indexing, intent, and internal discovery without rewriting the page.",broad-product-pilot-2-content.ts:817
network,guide,https://network.madabase.com/guides/point-to-point-wireless-bridges-vs-alternatives,Wireless Bridge vs Ethernet: Which Link Should You Build?,included,"September 4, 2026",34,0,1,0,7,low-sample-observe,,,"Preserve the query target until the sample reaches 20-30 impressions; verify indexing, intent, and internal discovery without rewriting the page.",quadruple-expansion-content.ts:generated
network,guide,https://network.madabase.com/guides/wifi-7-mesh-budget-midrange-premium-guide,Wi-Fi 7 Mesh Buying Guide: Budget BE25 vs Midrange BE63 vs Premium BE85,included,"July 1, 2026",99,0,1,0,8,low-sample-observe,,,"Preserve the query target until the sample reaches 20-30 impressions; verify indexing, intent, and internal discovery without rewriting the page.",commercial-expansion-content.ts:622
network,product,https://network.madabase.com/reviews/amazon-eero-6-mesh-wifi-system,"What Is eero 6? Router vs Extender, Ports & Coverage",included,"September 25, 2026",13,0,1,0,11,low-sample-observe,implicit-evidence-mode,,"Preserve the query target until the sample reaches 20-30 impressions; verify indexing, intent, and internal discovery without rewriting the page.",network-content.ts:161
network,product,https://network.madabase.com/reviews/monoprice-slimrun-cat6a-ethernet-patch-cable,"Monoprice SlimRun Cat6A Guide: 30AWG, Length & Pack Checks",included,"July 26, 2026",74,0,1,0,9,low-sample-observe,,,"Preserve the query target until the sample reaches 20-30 impressions; verify indexing, intent, and internal discovery without rewriting the page.",network-content.ts:422
pet,roundup,https://pets.madabase.com/best/best-dog-beds-and-comfort-upgrades,Dog Beds and Comfort Upgrades for Everyday Rest,included,"June 22, 2026",108,0,1,0,10,low-sample-observe,,,"Preserve the query target until the sample reaches 20-30 impressions; verify indexing, intent, and internal discovery without rewriting the page.",content.ts:1543
pet,guide,https://pets.madabase.com/guides/air-purifier-placement-near-litter-box,Where to Place an Air Purifier Near a Litter Box,included,"July 23, 2026",77,0,1,0,6,low-sample-observe,,implemented,"Preserve the query target until the sample reaches 20-30 impressions; verify indexing, intent, and internal discovery without rewriting the page.",topic-cluster-content.ts:148
pet,guide,https://pets.madabase.com/guides/pet-camera-privacy-and-placement-guide,Pet Camera Privacy and Placement Guide,included,"June 25, 2026",105,0,1,0,4,low-sample-observe,,,"Preserve the query target until the sample reaches 20-30 impressions; verify indexing, intent, and internal discovery without rewriting the page.",content.ts:1997
pet,guide,https://pets.madabase.com/guides/pet-camera-subscription-cost-checklist,Pet Camera Subscription Cost Checklist,included,"June 27, 2026",103,0,1,0,8,low-sample-observe,,,"Preserve the query target until the sample reaches 20-30 impressions; verify indexing, intent, and internal discovery without rewriting the page.",expansion-guides.ts:222
pet,guide,https://pets.madabase.com/guides/pet-gps-tracker-subscription-cost-coverage-guide,Pet GPS Tracker Subscription Cost and Coverage Guide,included,"August 8, 2026",61,0,1,0,2,low-sample-observe,,,"Preserve the query target until the sample reaches 20-30 impressions; verify indexing, intent, and internal discovery without rewriting the page.",second-round-august-2026-content.ts:474
pet,guide,https://pets.madabase.com/guides/pet-nail-grinders-buying-guide,Pet Nail Grinders Buying Guide,included,"August 9, 2026",60,0,1,0,10,low-sample-observe,,,"Preserve the query target until the sample reaches 20-30 impressions; verify indexing, intent, and internal discovery without rewriting the page.",quadruple-expansion-content.ts:generated
pet,guide,https://pets.madabase.com/guides/treat-dispensing-pet-cameras-setup-and-daily-workflow,Treat-dispensing Pet Cameras: Setup and Daily Workflow,included,"August 9, 2026",60,0,1,0,5,low-sample-observe,,,"Preserve the query target until the sample reaches 20-30 impressions; verify indexing, intent, and internal discovery without rewriting the page.",quadruple-expansion-content.ts:generated
smarthome,roundup,https://smarthome.madabase.com/best/aqara-u400-vs-u100,Aqara U400 vs U100: Which Smart Lock Fits Your Entry Routine?,included,"June 30, 2026",100,0,1,0,4,low-sample-observe,,,"Preserve the query target until the sample reaches 20-30 impressions; verify indexing, intent, and internal discovery without rewriting the page.",smarthome-content.ts:268
smarthome,roundup,https://smarthome.madabase.com/best/schlage-encode-plus-vs-aqara-u100,Schlage Encode Plus vs. Aqara U100,included,"July 1, 2026",99,0,1,0,3,low-sample-observe,,,"Preserve the query target until the sample reaches 20-30 impressions; verify indexing, intent, and internal discovery without rewriting the page.",commercial-expansion-content.ts:571
smarthome,guide,https://smarthome.madabase.com/guides/aqara-hub-m3-vs-m2,"Aqara Hub M3 vs M2: Matter, Thread, PoE & Upgrade Cost",included,"July 23, 2026",77,0,1,0,10,low-sample-observe,,implemented,"Preserve the query target until the sample reaches 20-30 impressions; verify indexing, intent, and internal discovery without rewriting the page.",topic-cluster-content.ts:189
smarthome,guide,https://smarthome.madabase.com/guides/floodlight-security-cameras-vs-alternatives,Floodlight Security Cameras vs. separate lighting and cameras,included,"August 9, 2026",60,0,1,0,9,low-sample-observe,,,"Preserve the query target until the sample reaches 20-30 impressions; verify indexing, intent, and internal discovery without rewriting the page.",quadruple-expansion-content.ts:generated
smarthome,guide,https://smarthome.madabase.com/guides/smart-floor-lamps-buying-guide,"Smart floor lamps Buying Guide: Fit, Local Control, and Safety",included,"August 13, 2026",56,0,1,0,3,low-sample-observe,,,"Preserve the query target until the sample reaches 20-30 impressions; verify indexing, intent, and internal discovery without rewriting the page.",breadth-draft-120-plus-content.ts:generated
smarthome,guide,https://smarthome.madabase.com/guides/smart-garage-door-controller-compatibility-hub-offline-guide,"Smart Garage Door Controller Compatibility, Hub, and Offline Guide",included,"August 8, 2026",61,0,1,0,16,low-sample-observe,,,"Preserve the query target until the sample reaches 20-30 impressions; verify indexing, intent, and internal discovery without rewriting the page.",second-round-august-2026-content.ts:415
smarthome,guide,https://smarthome.madabase.com/guides/smart-peephole-cameras-buying-guide,Peephole Camera vs Video Doorbell: Which Fits an Apartment?,included,"September 7, 2026",31,0,1,0,8,low-sample-observe,,,"Preserve the query target until the sample reaches 20-30 impressions; verify indexing, intent, and internal discovery without rewriting the page.",breadth-draft-120-plus-content.ts:generated
smarthome,guide,https://smarthome.madabase.com/guides/smart-smoke-co-alarms-buying-guide,"Smart Smoke and CO Alarm Buying Guide: Listings, Power, and Interconnect",included,"August 10, 2026",59,0,1,0,2,low-sample-observe,,,"Preserve the query target until the sample reaches 20-30 impressions; verify indexing, intent, and internal discovery without rewriting the page.",broad-product-pilot-2-content.ts:76
smarthome,product,https://smarthome.madabase.com/reviews/aqara-hub-m3,"Aqara Hub M3 Guide: Matter, Thread, PoE & M2 Upgrade",included,"July 23, 2026",77,0,1,0,5,low-sample-observe,implicit-evidence-mode,implemented,"Preserve the query target until the sample reaches 20-30 impressions; verify indexing, intent, and internal discovery without rewriting the page.",adjacent-expansion-content.ts:6
smarthome,product,https://smarthome.madabase.com/reviews/aqara-smart-lock-u400,"Aqara U400 Guide: UWB, Matter over Thread & Door Fit",included,"July 16, 2026",84,0,1,0,6,low-sample-observe,implicit-evidence-mode,,"Preserve the query target until the sample reaches 20-30 impressions; verify indexing, intent, and internal discovery without rewriting the page.",smarthome-content.ts:6
smarthome,product,https://smarthome.madabase.com/reviews/schlage-encode-plus-smart-lock,"Schlage Encode Plus Guide: Home Key, Wi-Fi & Door Fit",included,"July 1, 2026",99,0,1,0,5,low-sample-observe,implicit-evidence-mode,,"Preserve the query target until the sample reaches 20-30 impressions; verify indexing, intent, and internal discovery without rewriting the page.",commercial-expansion-content.ts:383
smarthome,product,https://smarthome.madabase.com/reviews/tapo-p110m-energy-monitoring-smart-plug,"Tapo P110M Guide: Energy Monitoring, Matter & 4-Pack Checks",included,"July 28, 2026",72,0,1,0,10,low-sample-observe,implicit-evidence-mode,implemented,"Preserve the query target until the sample reaches 20-30 impressions; verify indexing, intent, and internal discovery without rewriting the page.",adjacent-expansion-content.ts:198
smarthome,tool,https://smarthome.madabase.com/tools/matter-thread-compatibility-checker,Matter and Thread Border Router Compatibility Checker,included,"July 26, 2026",74,0,1,0,8,low-sample-observe,,,"Preserve the query target until the sample reaches 20-30 impressions; verify indexing, intent, and internal discovery without rewriting the page.",topic-cluster-content.ts:497
homeoffice,product,https://homeoffice.madabase.com/reviews/urevo-smart-walking-pad,UREVO Walking Pad Guide: Is It Good for a Standing Desk?,included,"September 25, 2026",13,0,74,0,23.74,mid-pack-rebuild,,,"Realign title, H1, intro, and section coverage to one primary query; add one supporting page only if intent is distinct.",commercial-expansion-content.ts:205
homeoffice,roundup,https://homeoffice.madabase.com/best/displaylink-vs-thunderbolt-dock-dual-monitors,DisplayLink vs Thunderbolt Dock for Dual Monitors on Mac,included,"July 22, 2026",78,0,49,0,25.71,mid-pack-rebuild,,,"Realign title, H1, intro, and section coverage to one primary query; add one supporting page only if intent is distinct.",homeoffice-dock-content.ts:394
homeoffice,roundup,https://homeoffice.madabase.com/best/best-home-office-lighting-for-video-calls-in-small-rooms,Home Office Lighting for Video Calls in Small Rooms,included,"July 26, 2026",74,0,46,0,24.2,mid-pack-rebuild,,,"Realign title, H1, intro, and section coverage to one primary query; add one supporting page only if intent is distinct.",gsc-priority-expansion-content.ts:312
homeoffice,guide,https://homeoffice.madabase.com/guides/office-paper-shredders-vs-alternatives,Office Paper Shredders vs. secure shredding services,included,"August 27, 2026",42,0,10,0,23.2,mid-pack-rebuild,,,"Realign title, H1, intro, and section coverage to one primary query; add one supporting page only if intent is distinct.",quadruple-expansion-content.ts:generated
baby,guide,https://baby.madabase.com/guides/changing-pads-vs-alternatives,Changing Pads vs. portable changing mats,included,"August 27, 2026",42,0,9,0,24.67,mid-pack-rebuild,,,"Realign title, H1, intro, and section coverage to one primary query; add one supporting page only if intent is distinct.",quadruple-expansion-content.ts:generated
smarthome,guide,https://smarthome.madabase.com/guides/matter-thread-wifi-zigbee-device-checklist,"Matter, Thread, Wi-Fi and Zigbee Device Checklist",included,"July 16, 2026",84,0,9,0,23.78,mid-pack-rebuild,,,"Realign title, H1, intro, and section coverage to one primary query; add one supporting page only if intent is distinct.",adjacent-expansion-content.ts:796
homeoffice,guide,https://homeoffice.madabase.com/guides/flatbed-document-scanners-vs-alternatives,Flatbed Document Scanners vs. sheet-fed scanners,included,"August 27, 2026",42,0,8,0,36.62,mid-pack-rebuild,,,"Realign title, H1, intro, and section coverage to one primary query; add one supporting page only if intent is distinct.",quadruple-expansion-content.ts:generated
baby,guide,https://baby.madabase.com/guides/stroller-organizers-buying-guide,"Stroller Organizer Buying Guide: Handlebar Fit, Load, and Tip Safety",included,"August 11, 2026",58,0,7,0,28.86,mid-pack-rebuild,,,"Realign title, H1, intro, and section coverage to one primary query; add one supporting page only if intent is distinct.",broad-product-pilot-3-content.ts:890
network,guide,https://network.madabase.com/guides/netgear-gs908e-review,NETGEAR GS908E Guide: Smart Managed Plus or Old Gigabit Switch?,included,"July 12, 2026",88,0,7,0,35.86,mid-pack-rebuild,,,"Realign title, H1, intro, and section coverage to one primary query; add one supporting page only if intent is distinct.",expansion-guides.ts:80
homeoffice,guide,https://homeoffice.madabase.com/guides/office-call-headsets-vs-alternatives,Office Headset vs Speakerphone: Which Is Better?,included,"September 4, 2026",34,0,6,0,20.83,mid-pack-rebuild,,,"Realign title, H1, intro, and section coverage to one primary query; add one supporting page only if intent is distinct.",quadruple-expansion-content.ts:generated
network,product,https://network.madabase.com/reviews/tp-link-deco-be25-wifi-7-mesh,TP-Link Deco BE25 Guide: Dual-Band Wi-Fi 7 & 2.5GbE,included,"August 20, 2026",49,0,6,0,38.83,mid-pack-rebuild,implicit-evidence-mode,implemented,"Realign title, H1, intro, and section coverage to one primary query; add one supporting page only if intent is distinct.",commercial-expansion-content.ts:6
baby,guide,https://baby.madabase.com/guides/full-size-strollers-vs-alternatives,Full-size Strollers vs. travel strollers,included,"August 27, 2026",42,0,5,0,36.2,mid-pack-rebuild,,,"Realign title, H1, intro, and section coverage to one primary query; add one supporting page only if intent is distinct.",quadruple-expansion-content.ts:generated
smarthome,guide,https://smarthome.madabase.com/guides/whole-home-energy-monitor-cloud-local-installation-guide,"Whole-Home Energy Monitor: Cloud, Local Data, and Installation Guide",included,"August 8, 2026",61,0,5,0,39.4,mid-pack-rebuild,,,"Realign title, H1, intro, and section coverage to one primary query; add one supporting page only if intent is distinct.",second-round-august-2026-content.ts:425
homeoffice,guide,https://homeoffice.madabase.com/guides/dual-monitor-kvm-switches-vs-alternatives,Dual-monitor KVM Switches vs. USB switches plus monitor input switching,included,"August 27, 2026",42,0,4,0,29.25,mid-pack-rebuild,,,"Realign title, H1, intro, and section coverage to one primary query; add one supporting page only if intent is distinct.",quadruple-expansion-content.ts:generated
homeoffice,roundup,https://homeoffice.madabase.com/best/best-home-office-cable-management,Home Office Cable Management Upgrades,included,"June 21, 2026",109,0,3,0,25.33,mid-pack-rebuild,,,"Realign title, H1, intro, and section coverage to one primary query; add one supporting page only if intent is distinct.",content.ts:1706
homeoffice,guide,https://homeoffice.madabase.com/guides/home-office-acoustic-panels-compatibility-and-fit-guide,Home-office Acoustic Panels: Compatibility and Fit Guide,included,"August 27, 2026",42,0,3,0,31.67,mid-pack-rebuild,,,"Realign title, H1, intro, and section coverage to one primary query; add one supporting page only if intent is distinct.",quadruple-expansion-content.ts:generated
homeoffice,guide,https://homeoffice.madabase.com/guides/ink-tank-printers-buying-guide,"Ink tank printers: Fit, Trade-offs & Buying Guide",included,"August 13, 2026",56,0,3,0,27,mid-pack-rebuild,,,"Realign title, H1, intro, and section coverage to one primary query; add one supporting page only if intent is distinct.",breadth-draft-120-plus-content.ts:generated
homeoffice,guide,https://homeoffice.madabase.com/guides/low-profile-keyboards-vs-alternatives,Low-profile Keyboards vs. mechanical keyboards,included,"August 9, 2026",60,0,3,0,25.67,mid-pack-rebuild,,,"Realign title, H1, intro, and section coverage to one primary query; add one supporting page only if intent is distinct.",quadruple-expansion-content.ts:generated
homeoffice,guide,https://homeoffice.madabase.com/guides/monitor-color-calibrators-setup-and-daily-workflow,Monitor Color Calibrators: Setup and Daily Workflow,included,"August 9, 2026",60,0,3,0,31.33,mid-pack-rebuild,,,"Realign title, H1, intro, and section coverage to one primary query; add one supporting page only if intent is distinct.",quadruple-expansion-content.ts:generated
homeoffice,guide,https://homeoffice.madabase.com/guides/usb-condenser-microphones-buying-guide,USB Condenser Microphones Buying Guide,included,"August 9, 2026",60,0,3,0,22.33,mid-pack-rebuild,,,"Realign title, H1, intro, and section coverage to one primary query; add one supporting page only if intent is distinct.",quadruple-expansion-content.ts:generated
network,roundup,https://network.madabase.com/best/tl-sg105-m2-vs-ms305-vs-teg-s350,TL-SG105-M2 vs MS305 vs TEG-S350: Best 5-Port 2.5G Switch,included,"August 6, 2026",63,0,3,0,30.33,mid-pack-rebuild,,implemented,"Realign title, H1, intro, and section coverage to one primary query; add one supporting page only if intent is distinct.",network-switch-cluster-content.ts:291
smarthome,product,https://smarthome.madabase.com/reviews/aqara-smart-lock-u100,"Aqara U100 Guide: Home Key, Fingerprint & Hub Requirements",included,"June 30, 2026",100,0,3,0,20.33,mid-pack-rebuild,implicit-evidence-mode,,"Realign title, H1, intro, and section coverage to one primary query; add one supporting page only if intent is distinct.",smarthome-content.ts:48
baby,guide,https://baby.madabase.com/guides/full-size-strollers-compatibility-and-fit-guide,Full-size Strollers: Compatibility and Fit Guide,included,"August 9, 2026",60,0,2,0,22,mid-pack-rebuild,,,"Realign title, H1, intro, and section coverage to one primary query; add one supporting page only if intent is distinct.",quadruple-expansion-content.ts:generated
network,guide,https://network.madabase.com/guides/ethernet-stuck-at-100-mbps-guide,"Ethernet Stuck at 100 Mbps? Fix Cable, Port or Adapter",included,"July 23, 2026",77,0,2,0,38.5,mid-pack-rebuild,,implemented,"Realign title, H1, intro, and section coverage to one primary query; add one supporting page only if intent is distinct.",expansion-guides.ts:28
smarthome,product,https://smarthome.madabase.com/reviews/tapo-p125m-matter-smart-plug,Tapo P125M Guide: Matter Smart Plug vs. P110M Energy Monitoring,included,"July 11, 2026",89,0,2,0,28,mid-pack-rebuild,implicit-evidence-mode,,"Realign title, H1, intro, and section coverage to one primary query; add one supporting page only if intent is distinct.",adjacent-expansion-content.ts:283
homeoffice,guide,https://homeoffice.madabase.com/guides/ultrawide-office-monitors-compatibility-and-fit-guide,Ultrawide Office Monitors: Compatibility and Fit Guide,included,"August 9, 2026",60,0,1,0,35,mid-pack-rebuild,,,"Realign title, H1, intro, and section coverage to one primary query; add one supporting page only if intent is distinct.",quadruple-expansion-content.ts:generated
smarthome,guide,https://smarthome.madabase.com/guides/smart-lock-door-fit-hub-compatibility,"Smart Lock Compatibility Checklist: Door Fit, Hubs, Batteries & Backup",included,"June 30, 2026",100,0,1,0,38,mid-pack-rebuild,,,"Realign title, H1, intro, and section coverage to one primary query; add one supporting page only if intent is distinct.",smarthome-content.ts:390
homeoffice,roundup,https://homeoffice.madabase.com/best/best-standing-desks-for-small-spaces,Small Standing Desks: 3 Compact and Narrow Picks,included,"September 24, 2026",14,0,186,0,44.26,low-rank-retarget,,,Revalidate the SERP and primary keyword; rewrite the page around the dominant intent or consolidate cannibalizing pages.,content.ts:1566
homeoffice,guide,https://homeoffice.madabase.com/guides/fido-hardware-security-keys-buying-guide,"FIDO Hardware Security Key Buying Guide: Account Support, Connectors, and Backups",included,"August 10, 2026",59,0,27,0,46,low-rank-retarget,long-title,,Revalidate the SERP and primary keyword; rewrite the page around the dominant intent or consolidate cannibalizing pages.,broad-product-pilot-2-content.ts:361
baby,tool,https://baby.madabase.com/tools/diaper-usage-calculator,Diaper Usage Calculator by Age and Days,included,"September 24, 2026",14,0,23,0,59.39,low-rank-retarget,,,Revalidate the SERP and primary keyword; rewrite the page around the dominant intent or consolidate cannibalizing pages.,content.ts:2367
homeoffice,guide,https://homeoffice.madabase.com/guides/video-call-setup-guide,Video Call Setup Guide for Home Offices,included,"June 21, 2026",109,0,15,0,46.2,low-rank-retarget,,,Revalidate the SERP and primary keyword; rewrite the page around the dominant intent or consolidate cannibalizing pages.,content.ts:2143
homeoffice,guide,https://homeoffice.madabase.com/guides/monitor-arm-for-walking-desk-guide,Monitor Arm Setup for a Walking Desk,included,"July 1, 2026",99,0,8,0,41.25,low-rank-retarget,,,Revalidate the SERP and primary keyword; rewrite the page around the dominant intent or consolidate cannibalizing pages.,expansion-guides.ts:433
network,product,https://network.madabase.com/reviews/tp-link-deco-be67-wifi-7-mesh,"TP-Link Deco BE67 Guide: 10GbE, Ports & Who Should Buy It",included,"July 23, 2026",77,0,8,0,46.88,low-rank-retarget,implicit-evidence-mode,implemented,Revalidate the SERP and primary keyword; rewrite the page around the dominant intent or consolidate cannibalizing pages.,adjacent-expansion-content.ts:418
baby,guide,https://baby.madabase.com/guides/bedside-bassinets-compatibility-and-fit-guide,Bedside Bassinets: Compatibility and Fit Guide,included,"August 9, 2026",60,0,7,0,45.57,low-rank-retarget,,,Revalidate the SERP and primary keyword; rewrite the page around the dominant intent or consolidate cannibalizing pages.,quadruple-expansion-content.ts:generated
baby,guide,https://baby.madabase.com/guides/formula-mixing-pitchers-buying-guide,"Formula mixing pitchers Buying Guide: Fit, Cleaning, and Safety Checks",included,"August 13, 2026",56,0,5,0,48.4,low-rank-retarget,,,Revalidate the SERP and primary keyword; rewrite the page around the dominant intent or consolidate cannibalizing pages.,breadth-draft-120-plus-content.ts:generated
network,roundup,https://network.madabase.com/best/best-ups-for-router-and-modem,"UPS for Router, Modem and ONT: APC vs CyberPower",included,"August 6, 2026",63,0,5,0,51.6,low-rank-retarget,,implemented,Revalidate the SERP and primary keyword; rewrite the page around the dominant intent or consolidate cannibalizing pages.,network-ups-content.ts:317
homeoffice,guide,https://homeoffice.madabase.com/guides/color-laser-multifunction-printers-compatibility-and-fit-guide,Color Laser Multifunction Printers: Compatibility and Fit Guide,included,"August 9, 2026",60,0,4,0,47.75,low-rank-retarget,,,Revalidate the SERP and primary keyword; rewrite the page around the dominant intent or consolidate cannibalizing pages.,quadruple-expansion-content.ts:generated
baby,guide,https://baby.madabase.com/guides/baby-registry-essentials-guide,Baby Registry Essentials Without the Clutter,included,"June 21, 2026",109,0,3,0,45.67,low-rank-retarget,,,Revalidate the SERP and primary keyword; rewrite the page around the dominant intent or consolidate cannibalizing pages.,content.ts:2181
baby,guide,https://baby.madabase.com/guides/crib-mattresses-setup-and-daily-workflow,Crib Mattresses: Setup and Daily Workflow,included,"August 9, 2026",60,0,3,0,44.33,low-rank-retarget,,,Revalidate the SERP and primary keyword; rewrite the page around the dominant intent or consolidate cannibalizing pages.,quadruple-expansion-content.ts:generated
baby,product,https://baby.madabase.com/reviews/medela-harmony-manual-breast-pump,"Medela Harmony Manual Pump Guide: Backup, Shield Fit & Cleaning",soft-launch-excluded,"August 21, 2026",48,0,3,0,52.67,low-rank-retarget,,,Revalidate the SERP and primary keyword; rewrite the page around the dominant intent or consolidate cannibalizing pages.,product-expansion-pilot-20260821-content.ts:318
homeoffice,guide,https://homeoffice.madabase.com/guides/adjustable-laptop-stands-buying-guide,Adjustable Laptop Stands Buying Guide,included,"August 9, 2026",60,0,3,0,55,low-rank-retarget,,,Revalidate the SERP and primary keyword; rewrite the page around the dominant intent or consolidate cannibalizing pages.,quadruple-expansion-content.ts:generated
baby,guide,https://baby.madabase.com/guides/baby-food-makers-vs-alternatives,Baby Food Makers vs. standard steamers and blenders,included,"August 9, 2026",60,0,2,0,43.5,low-rank-retarget,,,Revalidate the SERP and primary keyword; rewrite the page around the dominant intent or consolidate cannibalizing pages.,quadruple-expansion-content.ts:generated
baby,guide,https://baby.madabase.com/guides/changing-pads-buying-guide,Changing Pads Buying Guide,included,"August 27, 2026",42,0,2,0,41.5,low-rank-retarget,weak-title,,Revalidate the SERP and primary keyword; rewrite the page around the dominant intent or consolidate cannibalizing pages.,quadruple-expansion-content.ts:generated
baby,guide,https://baby.madabase.com/guides/convertible-baby-cribs-vs-alternatives,Convertible Baby Cribs vs. standard cribs,included,"August 27, 2026",42,0,2,0,59,low-rank-retarget,,,Revalidate the SERP and primary keyword; rewrite the page around the dominant intent or consolidate cannibalizing pages.,quadruple-expansion-content.ts:generated
homeoffice,guide,https://homeoffice.madabase.com/guides/home-office-acoustic-panels-setup-and-daily-workflow,Home-office Acoustic Panels: Setup and Daily Workflow,included,"August 27, 2026",42,0,2,0,53.5,low-rank-retarget,,,Revalidate the SERP and primary keyword; rewrite the page around the dominant intent or consolidate cannibalizing pages.,quadruple-expansion-content.ts:generated
network,guide,https://network.madabase.com/guides/deco-be63-be67-two-pack-vs-three-pack,Deco BE63 2-Pack vs 3-Pack: Which Pack Do You Need?,included,"July 28, 2026",72,0,2,0,58.5,low-rank-retarget,,implemented,Revalidate the SERP and primary keyword; rewrite the page around the dominant intent or consolidate cannibalizing pages.,topic-cluster-content.ts:69
network,guide,https://network.madabase.com/guides/when-to-upgrade-to-2-5gbe-switch,When Is a 2.5GbE Switch Worth It?,included,"July 2, 2026",98,0,1,0,45,low-rank-retarget,,,Revalidate the SERP and primary keyword; rewrite the page around the dominant intent or consolidate cannibalizing pages.,verified-affiliate-batch-content.ts:853
pet,guide,https://pets.madabase.com/guides/pet-nail-grinders-setup-and-daily-workflow,Pet Nail Grinders: Setup and Daily Workflow,included,"August 9, 2026",60,0,1,0,47,low-rank-retarget,,,Revalidate the SERP and primary keyword; rewrite the page around the dominant intent or consolidate cannibalizing pages.,quadruple-expansion-content.ts:generated
smarthome,roundup,https://smarthome.madabase.com/best/aqara-fp300-vs-fp2,"Aqara FP300 vs FP2: Battery, Zones, Thread & Wi-Fi",included,"August 8, 2026",61,0,1,0,57,low-rank-retarget,,,Revalidate the SERP and primary keyword; rewrite the page around the dominant intent or consolidate cannibalizing pages.,august-2026-product-expansion-content.ts:698
homeoffice,guide,https://homeoffice.madabase.com/guides/standing-desk-height-chart-guide,Correct Standing Desk Height: Elbow Check and Setup Guide,included,"September 24, 2026",14,0,173,0,77.18,deep-rank-rebuild-or-merge,,,"Treat the current keyword as unproven: rebuild for a narrower intent, merge into a stronger canonical, or retire from the sitemap.",content.ts:2057
homeoffice,tool,https://homeoffice.madabase.com/tools/desk-height-calculator,Desk Height Calculator for Sitting and Standing,included,"September 24, 2026",14,0,30,0,65.2,deep-rank-rebuild-or-merge,,,"Treat the current keyword as unproven: rebuild for a narrower intent, merge into a stronger canonical, or retire from the sitemap.",content.ts:2348
homeoffice,guide,https://homeoffice.madabase.com/guides/heavy-monitor-arm-weight-and-pivot-guide,Heavy Monitor Arm Weight and Pivot Guide,included,"July 1, 2026",99,0,7,0,129,deep-rank-rebuild-or-merge,,,"Treat the current keyword as unproven: rebuild for a narrower intent, merge into a stronger canonical, or retire from the sitemap.",commercial-expansion-content.ts:642
baby,guide,https://baby.madabase.com/guides/jogging-strollers-setup-and-daily-workflow,Jogging Strollers: Setup and Daily Workflow,included,"August 9, 2026",60,0,3,0,60.67,deep-rank-rebuild-or-merge,,,"Treat the current keyword as unproven: rebuild for a narrower intent, merge into a stronger canonical, or retire from the sitemap.",quadruple-expansion-content.ts:generated
baby,guide,https://baby.madabase.com/guides/baby-food-makers-buying-guide,Baby Food Makers Buying Guide,included,"August 9, 2026",60,0,2,0,72.5,deep-rank-rebuild-or-merge,,,"Treat the current keyword as unproven: rebuild for a narrower intent, merge into a stronger canonical, or retire from the sitemap.",quadruple-expansion-content.ts:generated
baby,guide,https://baby.madabase.com/guides/crib-mattresses-compatibility-and-fit-guide,Crib Mattresses: Compatibility and Fit Guide,included,"August 9, 2026",60,0,2,0,74,deep-rank-rebuild-or-merge,,,"Treat the current keyword as unproven: rebuild for a narrower intent, merge into a stronger canonical, or retire from the sitemap.",quadruple-expansion-content.ts:generated
baby,guide,https://baby.madabase.com/guides/toddler-learning-towers-buying-guide,"Toddler Learning Tower Buying Guide: Stability, Openings, Platform, and Recall Checks",included,"August 10, 2026",59,0,2,0,82,deep-rank-rebuild-or-merge,long-title,,"Treat the current keyword as unproven: rebuild for a narrower intent, merge into a stronger canonical, or retire from the sitemap.",broad-product-pilot-2-content.ts:475
homeoffice,guide,https://homeoffice.madabase.com/guides/sheetfed-document-scanners-vs-alternatives,Sheet-fed Document Scanners vs. flatbed scanners or multifunction printers,included,"August 27, 2026",42,0,2,0,84,deep-rank-rebuild-or-merge,long-title,,"Treat the current keyword as unproven: rebuild for a narrower intent, merge into a stronger canonical, or retire from the sitemap.",quadruple-expansion-content.ts:generated
baby,guide,https://baby.madabase.com/guides/convertible-baby-cribs-buying-guide,Convertible Baby Cribs Buying Guide,included,"August 9, 2026",60,0,1,0,66,deep-rank-rebuild-or-merge,,,"Treat the current keyword as unproven: rebuild for a narrower intent, merge into a stronger canonical, or retire from the sitemap.",quadruple-expansion-content.ts:generated
costume,guide,https://costumes.madabase.com/guides/prosthetics-special-effects-buying-guide,Prosthetics and Special Effects Buying Guide,included,"August 9, 2026",60,0,1,0,83,deep-rank-rebuild-or-merge,,,"Treat the current keyword as unproven: rebuild for a narrower intent, merge into a stronger canonical, or retire from the sitemap.",quadruple-expansion-content.ts:generated
baby,roundup,https://baby.madabase.com/best/best-baby-carriers-by-age-and-position,Baby Carriers by Age and Carry Position,included,"July 10, 2026",90,,,,,zero-impression,,,"Inspect index status, canonical, age, duplication, and keyword demand; then retarget, merge, or keep only when the page has a distinct job.",gsc-priority-expansion-content.ts:277
baby,roundup,https://baby.madabase.com/best/best-bottle-sterilizers-and-dryers,Bottle Sterilizer and Dryer: 5 Picks for Pump Parts,included,"August 20, 2026",49,,,,,zero-impression,,,"Inspect index status, canonical, age, duplication, and keyword demand; then retarget, merge, or keep only when the page has a distinct job.",content.ts:1775
baby,guide,https://baby.madabase.com/guides/adjustable-high-chairs-buying-guide,Adjustable High Chairs Buying Guide,included,"August 9, 2026",60,,,,,zero-impression,,,"Inspect index status, canonical, age, duplication, and keyword demand; then retarget, merge, or keep only when the page has a distinct job.",quadruple-expansion-content.ts:generated
baby,guide,https://baby.madabase.com/guides/adjustable-high-chairs-compatibility-and-fit-guide,Adjustable High Chairs: Compatibility and Fit Guide,included,"August 9, 2026",60,,,,,zero-impression,,,"Inspect index status, canonical, age, duplication, and keyword demand; then retarget, merge, or keep only when the page has a distinct job.",quadruple-expansion-content.ts:generated
baby,guide,https://baby.madabase.com/guides/adjustable-high-chairs-safety-and-skip-guide,Adjustable High Chairs: Safety Limits and When to Skip,included,"August 9, 2026",60,,,,,zero-impression,,,"Inspect index status, canonical, age, duplication, and keyword demand; then retarget, merge, or keep only when the page has a distinct job.",quadruple-expansion-content.ts:generated
baby,guide,https://baby.madabase.com/guides/baby-food-makers-compatibility-and-fit-guide,Baby Food Makers: Compatibility and Fit Guide,included,"August 9, 2026",60,,,,,zero-impression,,,"Inspect index status, canonical, age, duplication, and keyword demand; then retarget, merge, or keep only when the page has a distinct job.",quadruple-expansion-content.ts:generated
baby,guide,https://baby.madabase.com/guides/baby-food-makers-ownership-cost-and-maintenance,Baby Food Makers: Ownership Cost and Maintenance,included,"August 9, 2026",60,,,,,zero-impression,,,"Inspect index status, canonical, age, duplication, and keyword demand; then retarget, merge, or keep only when the page has a distinct job.",quadruple-expansion-content.ts:generated
baby,guide,https://baby.madabase.com/guides/baby-food-makers-setup-and-daily-workflow,Baby Food Makers: Setup and Daily Workflow,included,"August 9, 2026",60,,,,,zero-impression,,,"Inspect index status, canonical, age, duplication, and keyword demand; then retarget, merge, or keep only when the page has a distinct job.",quadruple-expansion-content.ts:generated
baby,guide,https://baby.madabase.com/guides/baby-travel-systems-setup-and-daily-workflow,Baby Travel Systems: Setup and Daily Workflow,included,"August 9, 2026",60,,,,,zero-impression,,,"Inspect index status, canonical, age, duplication, and keyword demand; then retarget, merge, or keep only when the page has a distinct job.",quadruple-expansion-content.ts:generated
baby,guide,https://baby.madabase.com/guides/baby-wraps-slings-buying-guide,Baby Wraps and Slings Buying Guide,included,"August 9, 2026",60,,,,,zero-impression,,,"Inspect index status, canonical, age, duplication, and keyword demand; then retarget, merge, or keep only when the page has a distinct job.",quadruple-expansion-content.ts:generated
baby,guide,https://baby.madabase.com/guides/baby-wraps-slings-ownership-cost-and-maintenance,Baby Wraps and Slings: Ownership Cost and Maintenance,included,"August 9, 2026",60,,,,,zero-impression,,,"Inspect index status, canonical, age, duplication, and keyword demand; then retarget, merge, or keep only when the page has a distinct job.",quadruple-expansion-content.ts:generated
baby,guide,https://baby.madabase.com/guides/baby-wraps-slings-safety-and-skip-guide,Baby Wraps and Slings: Safety Limits and When to Skip,included,"August 9, 2026",60,,,,,zero-impression,,,"Inspect index status, canonical, age, duplication, and keyword demand; then retarget, merge, or keep only when the page has a distinct job.",quadruple-expansion-content.ts:generated
baby,guide,https://baby.madabase.com/guides/baby-wraps-slings-setup-and-daily-workflow,Baby Wraps and Slings: Setup and Daily Workflow,included,"August 9, 2026",60,,,,,zero-impression,,,"Inspect index status, canonical, age, duplication, and keyword demand; then retarget, merge, or keep only when the page has a distinct job.",quadruple-expansion-content.ts:generated
baby,guide,https://baby.madabase.com/guides/bedside-bassinets-buying-guide,Bedside Bassinets Buying Guide,included,"August 9, 2026",60,,,,,zero-impression,,,"Inspect index status, canonical, age, duplication, and keyword demand; then retarget, merge, or keep only when the page has a distinct job.",quadruple-expansion-content.ts:generated
baby,guide,https://baby.madabase.com/guides/bedside-bassinets-vs-alternatives,Bedside Bassinets vs. full-size cribs,included,"August 9, 2026",60,,,,,zero-impression,,,"Inspect index status, canonical, age, duplication, and keyword demand; then retarget, merge, or keep only when the page has a distinct job.",quadruple-expansion-content.ts:generated
baby,guide,https://baby.madabase.com/guides/belt-positioning-booster-seats-buying-guide,Belt-positioning Booster Seats Buying Guide,included,"August 27, 2026",42,,,,,zero-impression,,,"Inspect index status, canonical, age, duplication, and keyword demand; then retarget, merge, or keep only when the page has a distinct job.",quadruple-expansion-content.ts:generated
baby,guide,https://baby.madabase.com/guides/belt-positioning-booster-seats-compatibility-and-fit-guide,Belt-positioning Booster Seats: Compatibility and Fit Guide,included,"August 9, 2026",60,,,,,zero-impression,,,"Inspect index status, canonical, age, duplication, and keyword demand; then retarget, merge, or keep only when the page has a distinct job.",quadruple-expansion-content.ts:generated
baby,guide,https://baby.madabase.com/guides/belt-positioning-booster-seats-ownership-cost-and-maintenance,Belt-positioning Booster Seats: Ownership Cost and Maintenance,included,"August 9, 2026",60,,,,,zero-impression,,,"Inspect index status, canonical, age, duplication, and keyword demand; then retarget, merge, or keep only when the page has a distinct job.",quadruple-expansion-content.ts:generated
baby,guide,https://baby.madabase.com/guides/belt-positioning-booster-seats-safety-and-skip-guide,Belt-positioning Booster Seats: Safety Limits and When to Skip,included,"August 9, 2026",60,,,,,zero-impression,,,"Inspect index status, canonical, age, duplication, and keyword demand; then retarget, merge, or keep only when the page has a distinct job.",quadruple-expansion-content.ts:generated
baby,guide,https://baby.madabase.com/guides/belt-positioning-booster-seats-setup-and-daily-workflow,Belt-positioning Booster Seats: Setup and Daily Workflow,included,"August 9, 2026",60,,,,,zero-impression,,,"Inspect index status, canonical, age, duplication, and keyword demand; then retarget, merge, or keep only when the page has a distinct job.",quadruple-expansion-content.ts:generated
baby,guide,https://baby.madabase.com/guides/belt-positioning-booster-seats-vs-alternatives,Belt-positioning Booster Seats vs. forward-facing harnessed seats,included,"August 9, 2026",60,,,,,zero-impression,,,"Inspect index status, canonical, age, duplication, and keyword demand; then retarget, merge, or keep only when the page has a distinct job.",quadruple-expansion-content.ts:generated
baby,guide,https://baby.madabase.com/guides/bottle-parts-cleaning-routine-guide,Bottle Parts Cleaning Routine Guide,included,"June 25, 2026",105,,,,,zero-impression,,,"Inspect index status, canonical, age, duplication, and keyword demand; then retarget, merge, or keep only when the page has a distinct job.",content.ts:2311
baby,guide,https://baby.madabase.com/guides/bottle-sterilizer-dryer-for-twins-capacity-guide,Bottle Sterilizer Dryer for Twins: Capacity Checklist,included,"July 23, 2026",77,,,,,zero-impression,,implemented,"Inspect index status, canonical, age, duplication, and keyword demand; then retarget, merge, or keep only when the page has a distinct job.",aggressive-portfolio-expansion-content.ts:384
baby,guide,https://baby.madabase.com/guides/bottle-sterilizer-hard-water-descaling-guide,Bottle Sterilizer Hard-Water & Descaling Guide,included,"July 16, 2026",84,,,,,zero-impression,,,"Inspect index status, canonical, age, duplication, and keyword demand; then retarget, merge, or keep only when the page has a distinct job.",aggressive-portfolio-expansion-content.ts:408
baby,guide,https://baby.madabase.com/guides/breast-milk-storage-bags-buying-guide,Milk Storage Bags vs Bottles: Which Freezer System Works?,included,"September 7, 2026",31,,,,,zero-impression,,,"Inspect index status, canonical, age, duplication, and keyword demand; then retarget, merge, or keep only when the page has a distinct job.",breadth-draft-120-plus-content.ts:generated
baby,guide,https://baby.madabase.com/guides/changing-pads-ownership-cost-and-maintenance,Changing Pads: Ownership Cost and Maintenance,included,"August 9, 2026",60,,,,,zero-impression,,,"Inspect index status, canonical, age, duplication, and keyword demand; then retarget, merge, or keep only when the page has a distinct job.",quadruple-expansion-content.ts:generated
baby,guide,https://baby.madabase.com/guides/changing-pads-setup-and-daily-workflow,Changing Pads: Setup and Daily Workflow,included,"August 9, 2026",60,,,,,zero-impression,,,"Inspect index status, canonical, age, duplication, and keyword demand; then retarget, merge, or keep only when the page has a distinct job.",quadruple-expansion-content.ts:generated
baby,guide,https://baby.madabase.com/guides/childproof-door-knob-covers-buying-guide,"Childproof door knob covers: Fit, Trade-offs & Buying Guide",included,"August 13, 2026",56,,,,,zero-impression,,,"Inspect index status, canonical, age, duplication, and keyword demand; then retarget, merge, or keep only when the page has a distinct job.",breadth-draft-120-plus-content.ts:generated
baby,guide,https://baby.madabase.com/guides/convertible-baby-cribs-setup-and-daily-workflow,Convertible Baby Cribs: Setup and Daily Workflow,included,"August 9, 2026",60,,,,,zero-impression,,,"Inspect index status, canonical, age, duplication, and keyword demand; then retarget, merge, or keep only when the page has a distinct job.",quadruple-expansion-content.ts:generated
baby,guide,https://baby.madabase.com/guides/convertible-car-seats-compatibility-and-fit-guide,Convertible Car Seats: Compatibility and Fit Guide,included,"August 9, 2026",60,,,,,zero-impression,,,"Inspect index status, canonical, age, duplication, and keyword demand; then retarget, merge, or keep only when the page has a distinct job.",quadruple-expansion-content.ts:generated
baby,guide,https://baby.madabase.com/guides/convertible-car-seats-ownership-cost-and-maintenance,Convertible Car Seats: Ownership Cost and Maintenance,included,"August 9, 2026",60,,,,,zero-impression,,,"Inspect index status, canonical, age, duplication, and keyword demand; then retarget, merge, or keep only when the page has a distinct job.",quadruple-expansion-content.ts:generated
baby,guide,https://baby.madabase.com/guides/convertible-car-seats-vs-alternatives,Convertible Car Seats vs. infant seats followed by harnessed seats,included,"August 9, 2026",60,,,,,zero-impression,,,"Inspect index status, canonical, age, duplication, and keyword demand; then retarget, merge, or keep only when the page has a distinct job.",quadruple-expansion-content.ts:generated
baby,guide,https://baby.madabase.com/guides/crib-mattresses-buying-guide,Crib Mattresses Buying Guide,included,"August 9, 2026",60,,,,,zero-impression,,,"Inspect index status, canonical, age, duplication, and keyword demand; then retarget, merge, or keep only when the page has a distinct job.",quadruple-expansion-content.ts:generated
baby,guide,https://baby.madabase.com/guides/crib-mattresses-ownership-cost-and-maintenance,Crib Mattresses: Ownership Cost and Maintenance,included,"August 9, 2026",60,,,,,zero-impression,,,"Inspect index status, canonical, age, duplication, and keyword demand; then retarget, merge, or keep only when the page has a distinct job.",quadruple-expansion-content.ts:generated
baby,guide,https://baby.madabase.com/guides/crib-mattresses-vs-alternatives,Crib Mattresses vs. manufacturer-included sleep surfaces,included,"August 9, 2026",60,,,,,zero-impression,,,"Inspect index status, canonical, age, duplication, and keyword demand; then retarget, merge, or keep only when the page has a distinct job.",quadruple-expansion-content.ts:generated
baby,guide,https://baby.madabase.com/guides/crib-mobiles-buying-guide,"Crib mobiles Buying Guide: Fit, Cleaning, and Safety Checks",included,"August 13, 2026",56,,,,,zero-impression,,,"Inspect index status, canonical, age, duplication, and keyword demand; then retarget, merge, or keep only when the page has a distinct job.",breadth-draft-120-plus-content.ts:generated
baby,guide,https://baby.madabase.com/guides/diaper-caddies-buying-guide,"Diaper Caddy Buying Guide: One-Hand Access, Capacity, and Safe Placement",included,"August 11, 2026",58,,,,,zero-impression,,,"Inspect index status, canonical, age, duplication, and keyword demand; then retarget, merge, or keep only when the page has a distinct job.",broad-product-pilot-3-content.ts:935
baby,guide,https://baby.madabase.com/guides/ergobaby-omni-breeze-vs-babybjorn-harmony-by-age,Ergobaby Omni Breeze vs. BabyBjorn Harmony by Age,included,"July 28, 2026",72,,,,,zero-impression,,implemented,"Inspect index status, canonical, age, duplication, and keyword demand; then retarget, merge, or keep only when the page has a distinct job.",gsc-priority-expansion-content.ts:420
baby,guide,https://baby.madabase.com/guides/full-size-strollers-buying-guide,Full-size Strollers Buying Guide,included,"August 9, 2026",60,,,,,zero-impression,,,"Inspect index status, canonical, age, duplication, and keyword demand; then retarget, merge, or keep only when the page has a distinct job.",quadruple-expansion-content.ts:generated
baby,guide,https://baby.madabase.com/guides/full-size-strollers-ownership-cost-and-maintenance,Full-size Strollers: Ownership Cost and Maintenance,included,"August 9, 2026",60,,,,,zero-impression,,,"Inspect index status, canonical, age, duplication, and keyword demand; then retarget, merge, or keep only when the page has a distinct job.",quadruple-expansion-content.ts:generated
baby,guide,https://baby.madabase.com/guides/full-size-strollers-safety-and-skip-guide,Full-size Strollers: Safety Limits and When to Skip,included,"August 9, 2026",60,,,,,zero-impression,,,"Inspect index status, canonical, age, duplication, and keyword demand; then retarget, merge, or keep only when the page has a distinct job.",quadruple-expansion-content.ts:generated
baby,guide,https://baby.madabase.com/guides/hardware-mounted-baby-gates-compatibility-and-fit-guide,Hardware-mounted Baby Gates: Compatibility and Fit Guide,included,"August 9, 2026",60,,,,,zero-impression,,,"Inspect index status, canonical, age, duplication, and keyword demand; then retarget, merge, or keep only when the page has a distinct job.",quadruple-expansion-content.ts:generated
baby,guide,https://baby.madabase.com/guides/high-chair-floor-mats-buying-guide,"High-chair floor mats Buying Guide: Fit, Cleaning, and Safety Checks",included,"August 13, 2026",56,,,,,zero-impression,,,"Inspect index status, canonical, age, duplication, and keyword demand; then retarget, merge, or keep only when the page has a distinct job.",breadth-draft-120-plus-content.ts:generated
baby,guide,https://baby.madabase.com/guides/hip-seat-carriers-buying-guide,Hip-seat Baby Carriers Buying Guide,included,"August 9, 2026",60,,,,,zero-impression,,,"Inspect index status, canonical, age, duplication, and keyword demand; then retarget, merge, or keep only when the page has a distinct job.",quadruple-expansion-content.ts:generated
baby,guide,https://baby.madabase.com/guides/hip-seat-carriers-compatibility-and-fit-guide,Hip-seat Baby Carriers: Compatibility and Fit Guide,included,"August 9, 2026",60,,,,,zero-impression,,,"Inspect index status, canonical, age, duplication, and keyword demand; then retarget, merge, or keep only when the page has a distinct job.",quadruple-expansion-content.ts:generated
baby,guide,https://baby.madabase.com/guides/hip-seat-carriers-ownership-cost-and-maintenance,Hip-seat Baby Carriers: Ownership Cost and Maintenance,included,"August 9, 2026",60,,,,,zero-impression,,,"Inspect index status, canonical, age, duplication, and keyword demand; then retarget, merge, or keep only when the page has a distinct job.",quadruple-expansion-content.ts:generated
baby,guide,https://baby.madabase.com/guides/hip-seat-carriers-safety-and-skip-guide,Hip-seat Baby Carriers: Safety Limits and When to Skip,included,"August 9, 2026",60,,,,,zero-impression,,,"Inspect index status, canonical, age, duplication, and keyword demand; then retarget, merge, or keep only when the page has a distinct job.",quadruple-expansion-content.ts:generated
baby,guide,https://baby.madabase.com/guides/hip-seat-carriers-setup-and-daily-workflow,Hip-seat Baby Carriers: Setup and Daily Workflow,included,"August 9, 2026",60,,,,,zero-impression,,,"Inspect index status, canonical, age, duplication, and keyword demand; then retarget, merge, or keep only when the page has a distinct job.",quadruple-expansion-content.ts:generated
baby,guide,https://baby.madabase.com/guides/infant-car-seats-buying-guide,Infant Car Seats Buying Guide,included,"August 9, 2026",60,,,,,zero-impression,,,"Inspect index status, canonical, age, duplication, and keyword demand; then retarget, merge, or keep only when the page has a distinct job.",quadruple-expansion-content.ts:generated
baby,guide,https://baby.madabase.com/guides/infant-car-seats-compatibility-and-fit-guide,Infant Car Seats: Compatibility and Fit Guide,included,"August 27, 2026",42,,,,,zero-impression,,,"Inspect index status, canonical, age, duplication, and keyword demand; then retarget, merge, or keep only when the page has a distinct job.",quadruple-expansion-content.ts:generated
baby,guide,https://baby.madabase.com/guides/infant-car-seats-ownership-cost-and-maintenance,Infant Car Seats: Ownership Cost and Maintenance,included,"August 9, 2026",60,,,,,zero-impression,,,"Inspect index status, canonical, age, duplication, and keyword demand; then retarget, merge, or keep only when the page has a distinct job.",quadruple-expansion-content.ts:generated
baby,guide,https://baby.madabase.com/guides/infant-car-seats-safety-and-skip-guide,Infant Car Seats: Safety Limits and When to Skip,included,"August 9, 2026",60,,,,,zero-impression,,,"Inspect index status, canonical, age, duplication, and keyword demand; then retarget, merge, or keep only when the page has a distinct job.",quadruple-expansion-content.ts:generated
baby,guide,https://baby.madabase.com/guides/infant-car-seats-setup-and-daily-workflow,Infant Car Seats: Setup and Daily Workflow,included,"August 9, 2026",60,,,,,zero-impression,,,"Inspect index status, canonical, age, duplication, and keyword demand; then retarget, merge, or keep only when the page has a distinct job.",quadruple-expansion-content.ts:generated
baby,guide,https://baby.madabase.com/guides/jogging-strollers-buying-guide,Jogging Strollers Buying Guide,included,"August 9, 2026",60,,,,,zero-impression,,,"Inspect index status, canonical, age, duplication, and keyword demand; then retarget, merge, or keep only when the page has a distinct job.",quadruple-expansion-content.ts:generated
baby,guide,https://baby.madabase.com/guides/jogging-strollers-compatibility-and-fit-guide,Jogging Strollers: Compatibility and Fit Guide,included,"August 9, 2026",60,,,,,zero-impression,,,"Inspect index status, canonical, age, duplication, and keyword demand; then retarget, merge, or keep only when the page has a distinct job.",quadruple-expansion-content.ts:generated
baby,guide,https://baby.madabase.com/guides/jogging-strollers-safety-and-skip-guide,Jogging Strollers: Safety Limits and When to Skip,included,"August 9, 2026",60,,,,,zero-impression,,,"Inspect index status, canonical, age, duplication, and keyword demand; then retarget, merge, or keep only when the page has a distinct job.",quadruple-expansion-content.ts:generated
baby,guide,https://baby.madabase.com/guides/nursery-humidifiers-buying-guide,Nursery Humidifiers Buying Guide,included,"August 9, 2026",60,,,,,zero-impression,,,"Inspect index status, canonical, age, duplication, and keyword demand; then retarget, merge, or keep only when the page has a distinct job.",quadruple-expansion-content.ts:generated
baby,guide,https://baby.madabase.com/guides/nursery-humidifiers-compatibility-and-fit-guide,Nursery Humidifiers: Compatibility and Fit Guide,included,"August 9, 2026",60,,,,,zero-impression,,,"Inspect index status, canonical, age, duplication, and keyword demand; then retarget, merge, or keep only when the page has a distinct job.",quadruple-expansion-content.ts:generated
baby,guide,https://baby.madabase.com/guides/nursery-humidifiers-setup-and-daily-workflow,Nursery Humidifiers: Setup and Daily Workflow,included,"August 9, 2026",60,,,,,zero-impression,,,"Inspect index status, canonical, age, duplication, and keyword demand; then retarget, merge, or keep only when the page has a distinct job.",quadruple-expansion-content.ts:generated
baby,guide,https://baby.madabase.com/guides/nursery-humidifiers-vs-alternatives,Nursery Humidifiers vs. whole-home humidity control,included,"August 27, 2026",42,,,,,zero-impression,,,"Inspect index status, canonical, age, duplication, and keyword demand; then retarget, merge, or keep only when the page has a distinct job.",quadruple-expansion-content.ts:generated
baby,guide,https://baby.madabase.com/guides/nursery-sound-machine-night-light-guide,Nursery Sound Machine and Night Light Guide,included,"June 23, 2026",107,,,,,zero-impression,,,"Inspect index status, canonical, age, duplication, and keyword demand; then retarget, merge, or keep only when the page has a distinct job.",content.ts:2210
baby,guide,https://baby.madabase.com/guides/nursing-covers-buying-guide,"Nursing covers Buying Guide: Fit, Cleaning, and Safety Checks",included,"August 13, 2026",56,,,,,zero-impression,,,"Inspect index status, canonical, age, duplication, and keyword demand; then retarget, merge, or keep only when the page has a distinct job.",breadth-draft-120-plus-content.ts:generated
baby,guide,https://baby.madabase.com/guides/nursing-pillows-buying-guide,"Nursing pillows Buying Guide: Fit, Cleaning, and Safety Checks",included,"August 13, 2026",56,,,,,zero-impression,,,"Inspect index status, canonical, age, duplication, and keyword demand; then retarget, merge, or keep only when the page has a distinct job.",breadth-draft-120-plus-content.ts:generated
baby,guide,https://baby.madabase.com/guides/powder-formula-dispensers-buying-guide,"Powder formula dispensers Buying Guide: Fit, Cleaning, and Safety Checks",included,"August 13, 2026",56,,,,,zero-impression,,,"Inspect index status, canonical, age, duplication, and keyword demand; then retarget, merge, or keep only when the page has a distinct job.",breadth-draft-120-plus-content.ts:generated
baby,guide,https://baby.madabase.com/guides/stroller-cup-holders-buying-guide,Stroller Cup Holder vs Organizer: Which Attachment?,included,"September 7, 2026",31,,,,,zero-impression,,,"Inspect index status, canonical, age, duplication, and keyword demand; then retarget, merge, or keep only when the page has a distinct job.",breadth-draft-120-plus-content.ts:generated
baby,guide,https://baby.madabase.com/guides/stroller-footmuffs-buying-guide,Stroller Footmuff vs Blanket: Which Cold-Weather Setup?,included,"September 7, 2026",31,,,,,zero-impression,,,"Inspect index status, canonical, age, duplication, and keyword demand; then retarget, merge, or keep only when the page has a distinct job.",breadth-draft-120-plus-content.ts:generated
baby,guide,https://baby.madabase.com/guides/stroller-wagons-buying-guide,Stroller Wagons Buying Guide,included,"August 9, 2026",60,,,,,zero-impression,,,"Inspect index status, canonical, age, duplication, and keyword demand; then retarget, merge, or keep only when the page has a distinct job.",quadruple-expansion-content.ts:generated
baby,guide,https://baby.madabase.com/guides/stroller-wagons-ownership-cost-and-maintenance,Stroller Wagons: Ownership Cost and Maintenance,included,"August 9, 2026",60,,,,,zero-impression,,,"Inspect index status, canonical, age, duplication, and keyword demand; then retarget, merge, or keep only when the page has a distinct job.",quadruple-expansion-content.ts:generated
baby,guide,https://baby.madabase.com/guides/structured-diaper-bags-buying-guide,Structured Diaper Bags Buying Guide,included,"August 9, 2026",60,,,,,zero-impression,,,"Inspect index status, canonical, age, duplication, and keyword demand; then retarget, merge, or keep only when the page has a distinct job.",quadruple-expansion-content.ts:generated
baby,guide,https://baby.madabase.com/guides/structured-diaper-bags-compatibility-and-fit-guide,Structured Diaper Bags: Compatibility and Fit Guide,included,"August 9, 2026",60,,,,,zero-impression,,,"Inspect index status, canonical, age, duplication, and keyword demand; then retarget, merge, or keep only when the page has a distinct job.",quadruple-expansion-content.ts:generated
baby,guide,https://baby.madabase.com/guides/suction-toddler-bowls-buying-guide,Suction Bowl vs Non-Slip Bowl: Which Helps Self-Feeding?,included,"September 7, 2026",31,,,,,zero-impression,,,"Inspect index status, canonical, age, duplication, and keyword demand; then retarget, merge, or keep only when the page has a distinct job.",breadth-draft-120-plus-content.ts:generated
baby,guide,https://baby.madabase.com/guides/table-booster-seats-compatibility-and-fit-guide,Table Booster Seats: Compatibility and Fit Guide,included,"August 9, 2026",60,,,,,zero-impression,,,"Inspect index status, canonical, age, duplication, and keyword demand; then retarget, merge, or keep only when the page has a distinct job.",quadruple-expansion-content.ts:generated
baby,guide,https://baby.madabase.com/guides/table-booster-seats-ownership-cost-and-maintenance,Table Booster Seats: Ownership Cost and Maintenance,included,"August 9, 2026",60,,,,,zero-impression,,,"Inspect index status, canonical, age, duplication, and keyword demand; then retarget, merge, or keep only when the page has a distinct job.",quadruple-expansion-content.ts:generated
baby,guide,https://baby.madabase.com/guides/table-booster-seats-vs-alternatives,Table Booster Seats vs. full high chairs,included,"August 9, 2026",60,,,,,zero-impression,,,"Inspect index status, canonical, age, duplication, and keyword demand; then retarget, merge, or keep only when the page has a distinct job.",quadruple-expansion-content.ts:generated
baby,guide,https://baby.madabase.com/guides/toddler-snack-containers-buying-guide,"Toddler snack containers Buying Guide: Fit, Cleaning, and Safety Checks",included,"August 13, 2026",56,,,,,zero-impression,,,"Inspect index status, canonical, age, duplication, and keyword demand; then retarget, merge, or keep only when the page has a distinct job.",breadth-draft-120-plus-content.ts:generated
baby,guide,https://baby.madabase.com/guides/toddler-training-utensils-buying-guide,Toddler Utensils vs Small Regular Cutlery: Which to Start?,included,"September 7, 2026",31,,,,,zero-impression,,,"Inspect index status, canonical, age, duplication, and keyword demand; then retarget, merge, or keep only when the page has a distinct job.",breadth-draft-120-plus-content.ts:generated
baby,guide,https://baby.madabase.com/guides/travel-cribs-playards-buying-guide,Travel Cribs and Playards Buying Guide,included,"August 9, 2026",60,,,,,zero-impression,,,"Inspect index status, canonical, age, duplication, and keyword demand; then retarget, merge, or keep only when the page has a distinct job.",quadruple-expansion-content.ts:generated
baby,guide,https://baby.madabase.com/guides/travel-cribs-playards-compatibility-and-fit-guide,Travel Cribs and Playards: Compatibility and Fit Guide,included,"August 9, 2026",60,,,,,zero-impression,,,"Inspect index status, canonical, age, duplication, and keyword demand; then retarget, merge, or keep only when the page has a distinct job.",quadruple-expansion-content.ts:generated
baby,guide,https://baby.madabase.com/guides/travel-cribs-playards-ownership-cost-and-maintenance,Travel Cribs and Playards: Ownership Cost and Maintenance,included,"August 9, 2026",60,,,,,zero-impression,,,"Inspect index status, canonical, age, duplication, and keyword demand; then retarget, merge, or keep only when the page has a distinct job.",quadruple-expansion-content.ts:generated
baby,guide,https://baby.madabase.com/guides/travel-cribs-playards-setup-and-daily-workflow,Travel Cribs and Playards: Setup and Daily Workflow,included,"August 9, 2026",60,,,,,zero-impression,,,"Inspect index status, canonical, age, duplication, and keyword demand; then retarget, merge, or keep only when the page has a distinct job.",quadruple-expansion-content.ts:generated
baby,guide,https://baby.madabase.com/guides/travel-stroller-folded-size-checklist,Travel Stroller Folded Size Checklist,included,"June 25, 2026",105,,,,,zero-impression,,,"Inspect index status, canonical, age, duplication, and keyword demand; then retarget, merge, or keep only when the page has a distinct job.",content.ts:2296
baby,guide,https://baby.madabase.com/guides/travel-stroller-for-small-car-guide,Travel Stroller Guide for Small Cars and Apartments,included,"June 23, 2026",107,,,,,zero-impression,,,"Inspect index status, canonical, age, duplication, and keyword demand; then retarget, merge, or keep only when the page has a distinct job.",content.ts:2195
costume,guide,https://costumes.madabase.com/guides/adult-costumes-buying-guide,Adult Costumes Buying Guide,included,"August 9, 2026",60,,,,,zero-impression,weak-title,,"Inspect index status, canonical, age, duplication, and keyword demand; then retarget, merge, or keep only when the page has a distinct job.",quadruple-expansion-content.ts:generated
costume,guide,https://costumes.madabase.com/guides/child-costumes-buying-guide,Child Costumes Buying Guide,included,"August 9, 2026",60,,,,,zero-impression,weak-title,,"Inspect index status, canonical, age, duplication, and keyword demand; then retarget, merge, or keep only when the page has a distinct job.",quadruple-expansion-content.ts:generated
costume,guide,https://costumes.madabase.com/guides/costume-prop-care-and-storage-guide,Costume and Prop Care and Storage Guide,included,"July 22, 2026",78,,,,,zero-impression,,,"Inspect index status, canonical, age, duplication, and keyword demand; then retarget, merge, or keep only when the page has a distinct job.",costume-content.ts:313
costume,guide,https://costumes.madabase.com/guides/costume-rental-vs-buying-guide,Costume Rental vs. Buying: A Practical Decision Guide,included,"July 22, 2026",78,,,,,zero-impression,,,"Inspect index status, canonical, age, duplication, and keyword demand; then retarget, merge, or keep only when the page has a distinct job.",costume-content.ts:285
costume,guide,https://costumes.madabase.com/guides/costume-sizing-measurements-and-returns,"Costume Sizing, Measurements, and Return-Risk Guide",included,"July 22, 2026",78,,,,,zero-impression,,,"Inspect index status, canonical, age, duplication, and keyword demand; then retarget, merge, or keep only when the page has a distinct job.",costume-content.ts:140
costume,guide,https://costumes.madabase.com/guides/costume-wigs-buying-guide,Costume Wigs Buying Guide,included,"August 9, 2026",60,,,,,zero-impression,weak-title,,"Inspect index status, canonical, age, duplication, and keyword demand; then retarget, merge, or keep only when the page has a distinct job.",quadruple-expansion-content.ts:generated
costume,guide,https://costumes.madabase.com/guides/costume-wigs-compatibility-and-fit-guide,Costume Wigs: Compatibility and Fit Guide,included,"August 9, 2026",60,,,,,zero-impression,,,"Inspect index status, canonical, age, duplication, and keyword demand; then retarget, merge, or keep only when the page has a distinct job.",quadruple-expansion-content.ts:generated
costume,guide,https://costumes.madabase.com/guides/costume-wigs-ownership-cost-and-maintenance,Costume Wigs: Ownership Cost and Maintenance,included,"August 9, 2026",60,,,,,zero-impression,,,"Inspect index status, canonical, age, duplication, and keyword demand; then retarget, merge, or keep only when the page has a distinct job.",quadruple-expansion-content.ts:generated
costume,guide,https://costumes.madabase.com/guides/costume-wigs-vs-alternatives,Costume Wigs vs. temporary hair color or headpieces,included,"August 9, 2026",60,,,,,zero-impression,,,"Inspect index status, canonical, age, duplication, and keyword demand; then retarget, merge, or keep only when the page has a distinct job.",quadruple-expansion-content.ts:generated
costume,guide,https://costumes.madabase.com/guides/halloween-fog-machine-lighting-power-guide,Halloween Fog Machine and Lighting Power Guide,included,"August 8, 2026",61,,,,,zero-impression,,,"Inspect index status, canonical, age, duplication, and keyword demand; then retarget, merge, or keep only when the page has a distinct job.",second-round-august-2026-content.ts:489
costume,guide,https://costumes.madabase.com/guides/high-end-costumes-buying-guide,High-end Costumes Buying Guide,included,"August 9, 2026",60,,,,,zero-impression,,,"Inspect index status, canonical, age, duplication, and keyword demand; then retarget, merge, or keep only when the page has a distinct job.",quadruple-expansion-content.ts:generated
costume,guide,https://costumes.madabase.com/guides/historical-theatrical-costumes-buying-guide,Historical and Theatrical Costumes Buying Guide,included,"August 9, 2026",60,,,,,zero-impression,,,"Inspect index status, canonical, age, duplication, and keyword demand; then retarget, merge, or keep only when the page has a distinct job.",quadruple-expansion-content.ts:generated
costume,guide,https://costumes.madabase.com/guides/large-prop-animatronic-space-and-power-checklist,"Large Prop and Animatronic Space, Power, and Safety Checklist",included,"July 22, 2026",78,,,,,zero-impression,,,"Inspect index status, canonical, age, duplication, and keyword demand; then retarget, merge, or keep only when the page has a distinct job.",costume-content.ts:168
costume,guide,https://costumes.madabase.com/guides/mascot-costumes-buying-guide,Mascot Costumes Buying Guide,included,"August 9, 2026",60,,,,,zero-impression,,,"Inspect index status, canonical, age, duplication, and keyword demand; then retarget, merge, or keep only when the page has a distinct job.",quadruple-expansion-content.ts:generated
costume,guide,https://costumes.madabase.com/guides/mask-and-prosthetic-fit-materials-guide,"Mask and Prosthetic Fit, Materials, and Removal Guide",included,"July 22, 2026",78,,,,,zero-impression,,,"Inspect index status, canonical, age, duplication, and keyword demand; then retarget, merge, or keep only when the page has a distinct job.",costume-content.ts:183
costume,guide,https://costumes.madabase.com/guides/masks-and-masquerade-buying-guide,Masks and Masquerade Masks Buying Guide,included,"August 9, 2026",60,,,,,zero-impression,,,"Inspect index status, canonical, age, duplication, and keyword demand; then retarget, merge, or keep only when the page has a distinct job.",quadruple-expansion-content.ts:generated
costume,guide,https://costumes.madabase.com/guides/professional-costume-vs-standard-costume,Professional Costume vs. Standard Costume,included,"July 22, 2026",78,,,,,zero-impression,,,"Inspect index status, canonical, age, duplication, and keyword demand; then retarget, merge, or keep only when the page has a distinct job.",costume-content.ts:154
costume,guide,https://costumes.madabase.com/guides/props-and-animatronics-buying-guide,Props and Animatronics Buying Guide,included,"August 9, 2026",60,,,,,zero-impression,,,"Inspect index status, canonical, age, duplication, and keyword demand; then retarget, merge, or keep only when the page has a distinct job.",quadruple-expansion-content.ts:generated
costume,guide,https://costumes.madabase.com/guides/props-and-animatronics-compatibility-and-fit-guide,Props and Animatronics: Compatibility and Fit Guide,included,"August 9, 2026",60,,,,,zero-impression,,,"Inspect index status, canonical, age, duplication, and keyword demand; then retarget, merge, or keep only when the page has a distinct job.",quadruple-expansion-content.ts:generated
costume,guide,https://costumes.madabase.com/guides/props-and-animatronics-ownership-cost-and-maintenance,Props and Animatronics: Ownership Cost and Maintenance,included,"August 9, 2026",60,,,,,zero-impression,,,"Inspect index status, canonical, age, duplication, and keyword demand; then retarget, merge, or keep only when the page has a distinct job.",quadruple-expansion-content.ts:generated
costume,guide,https://costumes.madabase.com/guides/props-and-animatronics-vs-alternatives,Props and Animatronics vs. compact static decorations,included,"August 9, 2026",60,,,,,zero-impression,,,"Inspect index status, canonical, age, duplication, and keyword demand; then retarget, merge, or keep only when the page has a distinct job.",quadruple-expansion-content.ts:generated
costume,guide,https://costumes.madabase.com/guides/special-effects-makeup-skin-contact-removal-guide,Special-Effects Makeup Skin Contact and Removal Guide,included,"August 8, 2026",61,,,,,zero-impression,,,"Inspect index status, canonical, age, duplication, and keyword demand; then retarget, merge, or keep only when the page has a distinct job.",second-round-august-2026-content.ts:494
costume,guide,https://costumes.madabase.com/guides/theatrical-face-body-makeup-buying-guide,Theatrical Face and Body Makeup Buying Guide,included,"August 9, 2026",60,,,,,zero-impression,,,"Inspect index status, canonical, age, duplication, and keyword demand; then retarget, merge, or keep only when the page has a distinct job.",quadruple-expansion-content.ts:generated
costume,guide,https://costumes.madabase.com/guides/when-to-order-a-halloween-costume,When to Order a Halloween Costume,included,"July 22, 2026",78,,,,,zero-impression,,,"Inspect index status, canonical, age, duplication, and keyword demand; then retarget, merge, or keep only when the page has a distinct job.",costume-content.ts:299
costume,guide,https://costumes.madabase.com/guides/wig-facial-hair-and-makeup-planning-guide,"Halloween Costume Wig, Facial Hair, and Makeup Guide",included,"July 29, 2026",71,,,,,zero-impression,,,"Inspect index status, canonical, age, duplication, and keyword demand; then retarget, merge, or keep only when the page has a distinct job.",costume-content.ts:198
homeoffice,roundup,https://homeoffice.madabase.com/best/ergotron-hx-vs-huanuo-titanlift,Ergotron HX vs. HUANUO TitanLift,included,"July 1, 2026",99,,,,,zero-impression,,,"Inspect index status, canonical, age, duplication, and keyword demand; then retarget, merge, or keep only when the page has a distinct job.",commercial-expansion-content.ts:587
homeoffice,guide,https://homeoffice.madabase.com/guides/active-sitting-stools-buying-guide,"Active sitting stools: Fit, Trade-offs & Buying Guide",included,"August 13, 2026",56,,,,,zero-impression,,,"Inspect index status, canonical, age, duplication, and keyword demand; then retarget, merge, or keep only when the page has a distinct job.",breadth-draft-120-plus-content.ts:generated
homeoffice,guide,https://homeoffice.madabase.com/guides/adjustable-laptop-stands-compatibility-and-fit-guide,Adjustable Laptop Stands: Compatibility and Fit Guide,included,"August 9, 2026",60,,,,,zero-impression,,,"Inspect index status, canonical, age, duplication, and keyword demand; then retarget, merge, or keep only when the page has a distinct job.",quadruple-expansion-content.ts:generated
homeoffice,guide,https://homeoffice.madabase.com/guides/adjustable-laptop-stands-ownership-cost-and-maintenance,Adjustable Laptop Stands: Ownership Cost and Maintenance,included,"August 9, 2026",60,,,,,zero-impression,,,"Inspect index status, canonical, age, duplication, and keyword demand; then retarget, merge, or keep only when the page has a distinct job.",quadruple-expansion-content.ts:generated
homeoffice,guide,https://homeoffice.madabase.com/guides/adjustable-laptop-stands-setup-and-daily-workflow,Adjustable Laptop Stands: Setup and Daily Workflow,included,"August 9, 2026",60,,,,,zero-impression,,,"Inspect index status, canonical, age, duplication, and keyword demand; then retarget, merge, or keep only when the page has a distinct job.",quadruple-expansion-content.ts:generated
homeoffice,guide,https://homeoffice.madabase.com/guides/color-laser-multifunction-printers-buying-guide,Color Laser Multifunction Printers Buying Guide,included,"August 9, 2026",60,,,,,zero-impression,,,"Inspect index status, canonical, age, duplication, and keyword demand; then retarget, merge, or keep only when the page has a distinct job.",quadruple-expansion-content.ts:generated
homeoffice,guide,https://homeoffice.madabase.com/guides/color-laser-multifunction-printers-ownership-cost-and-maintenance,Color Laser Multifunction Printers: Ownership Cost and Maintenance,included,"August 9, 2026",60,,,,,zero-impression,,,"Inspect index status, canonical, age, duplication, and keyword demand; then retarget, merge, or keep only when the page has a distinct job.",quadruple-expansion-content.ts:generated
homeoffice,guide,https://homeoffice.madabase.com/guides/color-laser-multifunction-printers-setup-and-daily-workflow,Color Laser Multifunction Printers: Setup and Daily Workflow,included,"August 9, 2026",60,,,,,zero-impression,,,"Inspect index status, canonical, age, duplication, and keyword demand; then retarget, merge, or keep only when the page has a distinct job.",quadruple-expansion-content.ts:generated
homeoffice,guide,https://homeoffice.madabase.com/guides/color-laser-multifunction-printers-vs-alternatives,Color Laser Multifunction Printers vs. separate printers and scanners,included,"August 9, 2026",60,,,,,zero-impression,,,"Inspect index status, canonical, age, duplication, and keyword demand; then retarget, merge, or keep only when the page has a distinct job.",quadruple-expansion-content.ts:generated
homeoffice,guide,https://homeoffice.madabase.com/guides/desktop-audio-interfaces-buying-guide,Desktop Audio Interfaces Buying Guide,included,"August 9, 2026",60,,,,,zero-impression,,,"Inspect index status, canonical, age, duplication, and keyword demand; then retarget, merge, or keep only when the page has a distinct job.",quadruple-expansion-content.ts:generated
homeoffice,guide,https://homeoffice.madabase.com/guides/desktop-audio-interfaces-compatibility-and-fit-guide,Desktop Audio Interfaces: Compatibility and Fit Guide,included,"August 27, 2026",42,,,,,zero-impression,,,"Inspect index status, canonical, age, duplication, and keyword demand; then retarget, merge, or keep only when the page has a distinct job.",quadruple-expansion-content.ts:generated
homeoffice,guide,https://homeoffice.madabase.com/guides/desktop-audio-interfaces-ownership-cost-and-maintenance,Desktop Audio Interfaces: Ownership Cost and Maintenance,included,"August 9, 2026",60,,,,,zero-impression,,,"Inspect index status, canonical, age, duplication, and keyword demand; then retarget, merge, or keep only when the page has a distinct job.",quadruple-expansion-content.ts:generated
homeoffice,guide,https://homeoffice.madabase.com/guides/desktop-audio-interfaces-setup-and-daily-workflow,Desktop Audio Interfaces: Setup and Daily Workflow,included,"August 9, 2026",60,,,,,zero-impression,,,"Inspect index status, canonical, age, duplication, and keyword demand; then retarget, merge, or keep only when the page has a distinct job.",quadruple-expansion-content.ts:generated
homeoffice,guide,https://homeoffice.madabase.com/guides/desktop-computer-speakers-buying-guide,"Desktop computer speakers: Fit, Trade-offs & Buying Guide",included,"August 13, 2026",56,,,,,zero-impression,,,"Inspect index status, canonical, age, duplication, and keyword demand; then retarget, merge, or keep only when the page has a distinct job.",breadth-draft-120-plus-content.ts:generated
homeoffice,guide,https://homeoffice.madabase.com/guides/desktop-label-printers-buying-guide,Desktop Label Printers Buying Guide,included,"August 9, 2026",60,,,,,zero-impression,,,"Inspect index status, canonical, age, duplication, and keyword demand; then retarget, merge, or keep only when the page has a distinct job.",quadruple-expansion-content.ts:generated
homeoffice,guide,https://homeoffice.madabase.com/guides/desktop-laminators-buying-guide,Desktop Laminators Buying Guide,included,"August 9, 2026",60,,,,,zero-impression,,,"Inspect index status, canonical, age, duplication, and keyword demand; then retarget, merge, or keep only when the page has a distinct job.",quadruple-expansion-content.ts:generated
homeoffice,guide,https://homeoffice.madabase.com/guides/desktop-power-centers-buying-guide,Desktop Power Centers Buying Guide,included,"August 9, 2026",60,,,,,zero-impression,,,"Inspect index status, canonical, age, duplication, and keyword demand; then retarget, merge, or keep only when the page has a distinct job.",quadruple-expansion-content.ts:generated
homeoffice,guide,https://homeoffice.madabase.com/guides/desktop-power-centers-ownership-cost-and-maintenance,Desktop Power Centers: Ownership Cost and Maintenance,included,"August 9, 2026",60,,,,,zero-impression,,,"Inspect index status, canonical, age, duplication, and keyword demand; then retarget, merge, or keep only when the page has a distinct job.",quadruple-expansion-content.ts:generated
homeoffice,guide,https://homeoffice.madabase.com/guides/ergonomic-split-keyboards-buying-guide,Ergonomic Split Keyboards Buying Guide,included,"August 9, 2026",60,,,,,zero-impression,,,"Inspect index status, canonical, age, duplication, and keyword demand; then retarget, merge, or keep only when the page has a distinct job.",quadruple-expansion-content.ts:generated
homeoffice,guide,https://homeoffice.madabase.com/guides/ergonomic-split-keyboards-vs-alternatives,Ergonomic Split Keyboards vs. standard keyboards,included,"August 9, 2026",60,,,,,zero-impression,,,"Inspect index status, canonical, age, duplication, and keyword demand; then retarget, merge, or keep only when the page has a distinct job.",quadruple-expansion-content.ts:generated
homeoffice,guide,https://homeoffice.madabase.com/guides/flatbed-document-scanners-buying-guide,Flatbed Document Scanners Buying Guide,included,"August 9, 2026",60,,,,,zero-impression,,,"Inspect index status, canonical, age, duplication, and keyword demand; then retarget, merge, or keep only when the page has a distinct job.",quadruple-expansion-content.ts:generated
homeoffice,guide,https://homeoffice.madabase.com/guides/home-office-acoustic-panels-vs-alternatives,Home-office Acoustic Panels vs. soft furnishings or directional microphones,included,"August 9, 2026",60,,,,,zero-impression,long-title,,"Inspect index status, canonical, age, duplication, and keyword demand; then retarget, merge, or keep only when the page has a distinct job.",quadruple-expansion-content.ts:generated
homeoffice,guide,https://homeoffice.madabase.com/guides/keyboard-wrist-rests-buying-guide,"Keyboard wrist rests: Fit, Trade-offs & Buying Guide",included,"August 13, 2026",56,,,,,zero-impression,,,"Inspect index status, canonical, age, duplication, and keyword demand; then retarget, merge, or keep only when the page has a distinct job.",breadth-draft-120-plus-content.ts:generated
homeoffice,guide,https://homeoffice.madabase.com/guides/laptop-cooling-pads-buying-guide,"Laptop cooling pads: Fit, Trade-offs & Buying Guide",included,"August 13, 2026",56,,,,,zero-impression,,,"Inspect index status, canonical, age, duplication, and keyword demand; then retarget, merge, or keep only when the page has a distinct job.",breadth-draft-120-plus-content.ts:generated
homeoffice,guide,https://homeoffice.madabase.com/guides/monitor-arm-compatibility-checklist,Monitor Arm Compatibility Checklist,included,"June 28, 2026",102,,,,,zero-impression,,,"Inspect index status, canonical, age, duplication, and keyword demand; then retarget, merge, or keep only when the page has a distinct job.",expansion-guides.ts:158
homeoffice,guide,https://homeoffice.madabase.com/guides/monitor-arm-for-small-desk-guide,Monitor Arm Buying Guide for Small Desks,included,"June 23, 2026",107,,,,,zero-impression,,,"Inspect index status, canonical, age, duplication, and keyword demand; then retarget, merge, or keep only when the page has a distinct job.",content.ts:2042
homeoffice,guide,https://homeoffice.madabase.com/guides/monitor-color-calibrators-buying-guide,Monitor Color Calibrators Buying Guide,included,"August 9, 2026",60,,,,,zero-impression,,,"Inspect index status, canonical, age, duplication, and keyword demand; then retarget, merge, or keep only when the page has a distinct job.",quadruple-expansion-content.ts:generated
homeoffice,guide,https://homeoffice.madabase.com/guides/monitor-color-calibrators-vs-alternatives,Monitor Color Calibrators vs. factory-calibrated displays,included,"August 9, 2026",60,,,,,zero-impression,,,"Inspect index status, canonical, age, duplication, and keyword demand; then retarget, merge, or keep only when the page has a distinct job.",quadruple-expansion-content.ts:generated
homeoffice,guide,https://homeoffice.madabase.com/guides/monitor-mounted-key-light-vs-desk-light,Monitor-Mounted Key Light vs. Desk Lamp for Video Calls,included,"July 16, 2026",84,,,,,zero-impression,,,"Inspect index status, canonical, age, duplication, and keyword demand; then retarget, merge, or keep only when the page has a distinct job.",aggressive-portfolio-expansion-content.ts:329
homeoffice,guide,https://homeoffice.madabase.com/guides/office-call-headsets-ownership-cost-and-maintenance,Office Call Headsets: Ownership Cost and Maintenance,included,"August 9, 2026",60,,,,,zero-impression,,,"Inspect index status, canonical, age, duplication, and keyword demand; then retarget, merge, or keep only when the page has a distinct job.",quadruple-expansion-content.ts:generated
homeoffice,guide,https://homeoffice.madabase.com/guides/office-footrests-buying-guide,Office Footrests Buying Guide,included,"August 9, 2026",60,,,,,zero-impression,,,"Inspect index status, canonical, age, duplication, and keyword demand; then retarget, merge, or keep only when the page has a distinct job.",quadruple-expansion-content.ts:generated
homeoffice,guide,https://homeoffice.madabase.com/guides/office-footrests-compatibility-and-fit-guide,Office Footrests: Compatibility and Fit Guide,included,"August 9, 2026",60,,,,,zero-impression,,,"Inspect index status, canonical, age, duplication, and keyword demand; then retarget, merge, or keep only when the page has a distinct job.",quadruple-expansion-content.ts:generated
homeoffice,guide,https://homeoffice.madabase.com/guides/office-footrests-ownership-cost-and-maintenance,Office Footrests: Ownership Cost and Maintenance,included,"August 9, 2026",60,,,,,zero-impression,,,"Inspect index status, canonical, age, duplication, and keyword demand; then retarget, merge, or keep only when the page has a distinct job.",quadruple-expansion-content.ts:generated
homeoffice,guide,https://homeoffice.madabase.com/guides/office-lumbar-cushions-buying-guide,"Office lumbar support cushions: Fit, Trade-offs & Buying Guide",included,"August 13, 2026",56,,,,,zero-impression,,,"Inspect index status, canonical, age, duplication, and keyword demand; then retarget, merge, or keep only when the page has a distinct job.",breadth-draft-120-plus-content.ts:generated
homeoffice,guide,https://homeoffice.madabase.com/guides/office-printer-stands-buying-guide,"Office printer stands: Fit, Trade-offs & Buying Guide",included,"August 13, 2026",56,,,,,zero-impression,,,"Inspect index status, canonical, age, duplication, and keyword demand; then retarget, merge, or keep only when the page has a distinct job.",breadth-draft-120-plus-content.ts:generated
homeoffice,guide,https://homeoffice.madabase.com/guides/office-saddle-stools-buying-guide,Saddle Stool vs Office Chair: Which Fits Your Workday?,included,"September 7, 2026",31,,,,,zero-impression,,,"Inspect index status, canonical, age, duplication, and keyword demand; then retarget, merge, or keep only when the page has a distinct job.",breadth-draft-120-plus-content.ts:generated
homeoffice,guide,https://homeoffice.madabase.com/guides/office-seat-cushions-buying-guide,Seat Cushion vs New Office Chair: What Should You Fix First?,included,"September 7, 2026",31,,,,,zero-impression,,,"Inspect index status, canonical, age, duplication, and keyword demand; then retarget, merge, or keep only when the page has a distinct job.",breadth-draft-120-plus-content.ts:generated
homeoffice,guide,https://homeoffice.madabase.com/guides/office-trackballs-buying-guide,Office Trackballs Buying Guide,included,"August 9, 2026",60,,,,,zero-impression,,,"Inspect index status, canonical, age, duplication, and keyword demand; then retarget, merge, or keep only when the page has a distinct job.",quadruple-expansion-content.ts:generated
homeoffice,guide,https://homeoffice.madabase.com/guides/productivity-mice-buying-guide,Productivity Mice Buying Guide,included,"August 9, 2026",60,,,,,zero-impression,,,"Inspect index status, canonical, age, duplication, and keyword demand; then retarget, merge, or keep only when the page has a distinct job.",quadruple-expansion-content.ts:generated
homeoffice,guide,https://homeoffice.madabase.com/guides/productivity-mice-setup-and-daily-workflow,Productivity Mice: Setup and Daily Workflow,included,"August 9, 2026",60,,,,,zero-impression,,,"Inspect index status, canonical, age, duplication, and keyword demand; then retarget, merge, or keep only when the page has a distinct job.",quadruple-expansion-content.ts:generated
homeoffice,guide,https://homeoffice.madabase.com/guides/productivity-mice-vs-alternatives,Productivity Mice vs. basic wireless mice,included,"August 9, 2026",60,,,,,zero-impression,,,"Inspect index status, canonical, age, duplication, and keyword demand; then retarget, merge, or keep only when the page has a distinct job.",quadruple-expansion-content.ts:generated
homeoffice,guide,https://homeoffice.madabase.com/guides/sheetfed-document-scanners-compatibility-and-fit-guide,Sheet-fed Document Scanners: Compatibility and Fit Guide,included,"August 27, 2026",42,,,,,zero-impression,,,"Inspect index status, canonical, age, duplication, and keyword demand; then retarget, merge, or keep only when the page has a distinct job.",quadruple-expansion-content.ts:generated
homeoffice,guide,https://homeoffice.madabase.com/guides/sheetfed-document-scanners-ownership-cost-and-maintenance,Sheet-fed Document Scanners: Ownership Cost and Maintenance,included,"August 9, 2026",60,,,,,zero-impression,,,"Inspect index status, canonical, age, duplication, and keyword demand; then retarget, merge, or keep only when the page has a distinct job.",quadruple-expansion-content.ts:generated
homeoffice,guide,https://homeoffice.madabase.com/guides/standing-desk-anti-fatigue-mats-buying-guide,Standing-desk anti-fatigue Mats Buying Guide,included,"August 9, 2026",60,,,,,zero-impression,,,"Inspect index status, canonical, age, duplication, and keyword demand; then retarget, merge, or keep only when the page has a distinct job.",quadruple-expansion-content.ts:generated
homeoffice,guide,https://homeoffice.madabase.com/guides/standing-desk-anti-fatigue-mats-ownership-cost-and-maintenance,Standing-desk anti-fatigue Mats: Ownership Cost and Maintenance,included,"August 9, 2026",60,,,,,zero-impression,,,"Inspect index status, canonical, age, duplication, and keyword demand; then retarget, merge, or keep only when the page has a distinct job.",quadruple-expansion-content.ts:generated
homeoffice,guide,https://homeoffice.madabase.com/guides/standing-desk-converters-buying-guide,"Standing Desk Converter Buying Guide: Work Surface, Lift Range, and Stability",included,"August 10, 2026",59,,,,,zero-impression,long-title,,"Inspect index status, canonical, age, duplication, and keyword demand; then retarget, merge, or keep only when the page has a distinct job.",broad-product-pilot-content.ts:350
homeoffice,guide,https://homeoffice.madabase.com/guides/ultrawide-office-monitors-buying-guide,Ultrawide Office Monitors Buying Guide,included,"August 9, 2026",60,,,,,zero-impression,,,"Inspect index status, canonical, age, duplication, and keyword demand; then retarget, merge, or keep only when the page has a distinct job.",quadruple-expansion-content.ts:generated
homeoffice,guide,https://homeoffice.madabase.com/guides/under-desk-keyboard-trays-buying-guide,Under-desk Keyboard Trays Buying Guide,included,"August 9, 2026",60,,,,,zero-impression,,,"Inspect index status, canonical, age, duplication, and keyword demand; then retarget, merge, or keep only when the page has a distinct job.",quadruple-expansion-content.ts:generated
homeoffice,guide,https://homeoffice.madabase.com/guides/under-desk-keyboard-trays-ownership-cost-and-maintenance,Under-desk Keyboard Trays: Ownership Cost and Maintenance,included,"August 9, 2026",60,,,,,zero-impression,,,"Inspect index status, canonical, age, duplication, and keyword demand; then retarget, merge, or keep only when the page has a distinct job.",quadruple-expansion-content.ts:generated
homeoffice,guide,https://homeoffice.madabase.com/guides/under-desk-pedal-exercisers-buying-guide,"Under-desk pedal exercisers: Fit, Trade-offs & Buying Guide",included,"August 13, 2026",56,,,,,zero-impression,,,"Inspect index status, canonical, age, duplication, and keyword demand; then retarget, merge, or keep only when the page has a distinct job.",breadth-draft-120-plus-content.ts:generated
homeoffice,guide,https://homeoffice.madabase.com/guides/vertical-mice-buying-guide,Vertical Mice Buying Guide,included,"August 9, 2026",60,,,,,zero-impression,weak-title,,"Inspect index status, canonical, age, duplication, and keyword demand; then retarget, merge, or keep only when the page has a distinct job.",quadruple-expansion-content.ts:generated
homeoffice,guide,https://homeoffice.madabase.com/guides/vertical-mice-ownership-cost-and-maintenance,Vertical Mice: Ownership Cost and Maintenance,included,"August 9, 2026",60,,,,,zero-impression,,,"Inspect index status, canonical, age, duplication, and keyword demand; then retarget, merge, or keep only when the page has a distinct job.",quadruple-expansion-content.ts:generated
homeoffice,guide,https://homeoffice.madabase.com/guides/vertical-mice-setup-and-daily-workflow,Vertical Mice: Setup and Daily Workflow,included,"August 9, 2026",60,,,,,zero-impression,,,"Inspect index status, canonical, age, duplication, and keyword demand; then retarget, merge, or keep only when the page has a distinct job.",quadruple-expansion-content.ts:generated
homeoffice,guide,https://homeoffice.madabase.com/guides/vertical-mice-vs-alternatives,Vertical Mouse vs Trackball: Which Is Better for Work?,included,"September 4, 2026",34,,,,,zero-impression,,,"Inspect index status, canonical, age, duplication, and keyword demand; then retarget, merge, or keep only when the page has a distinct job.",quadruple-expansion-content.ts:generated
homeoffice,guide,https://homeoffice.madabase.com/guides/vertical-office-monitors-buying-guide,Vertical Office Monitors Buying Guide,included,"August 9, 2026",60,,,,,zero-impression,,,"Inspect index status, canonical, age, duplication, and keyword demand; then retarget, merge, or keep only when the page has a distinct job.",quadruple-expansion-content.ts:generated
homeoffice,guide,https://homeoffice.madabase.com/guides/wireless-conference-headsets-buying-guide,Wireless Conference Headsets Buying Guide,included,"August 9, 2026",60,,,,,zero-impression,,,"Inspect index status, canonical, age, duplication, and keyword demand; then retarget, merge, or keep only when the page has a distinct job.",quadruple-expansion-content.ts:generated
homeoffice,guide,https://homeoffice.madabase.com/guides/wireless-number-pads-buying-guide,Wireless Number Pads Buying Guide,included,"August 9, 2026",60,,,,,zero-impression,,,"Inspect index status, canonical, age, duplication, and keyword demand; then retarget, merge, or keep only when the page has a distinct job.",quadruple-expansion-content.ts:generated
homeoffice,guide,https://homeoffice.madabase.com/guides/xlr-office-microphones-buying-guide,XLR Microphones for Office Studios Buying Guide,included,"August 9, 2026",60,,,,,zero-impression,,,"Inspect index status, canonical, age, duplication, and keyword demand; then retarget, merge, or keep only when the page has a distinct job.",quadruple-expansion-content.ts:generated
homeoffice,guide,https://homeoffice.madabase.com/guides/xlr-office-microphones-compatibility-and-fit-guide,XLR Microphones for Office Studios: Compatibility and Fit Guide,included,"August 27, 2026",42,,,,,zero-impression,,,"Inspect index status, canonical, age, duplication, and keyword demand; then retarget, merge, or keep only when the page has a distinct job.",quadruple-expansion-content.ts:generated
homeoffice,guide,https://homeoffice.madabase.com/guides/xlr-office-microphones-ownership-cost-and-maintenance,XLR Microphones for Office Studios: Ownership Cost and Maintenance,included,"August 9, 2026",60,,,,,zero-impression,,,"Inspect index status, canonical, age, duplication, and keyword demand; then retarget, merge, or keep only when the page has a distinct job.",quadruple-expansion-content.ts:generated
homeoffice,guide,https://homeoffice.madabase.com/guides/xlr-office-microphones-vs-alternatives,XLR Microphones for Office Studios vs. USB microphones,included,"August 9, 2026",60,,,,,zero-impression,,,"Inspect index status, canonical, age, duplication, and keyword demand; then retarget, merge, or keep only when the page has a distinct job.",quadruple-expansion-content.ts:generated
homeoffice,product,https://homeoffice.madabase.com/reviews/ergear-48x24-electric-standing-desk,ErGear 48×24 Electric Standing Desk Guide: Is It Good for Small Spaces?,included,"July 23, 2026",77,,,,,zero-impression,implicit-evidence-mode,implemented,"Inspect index status, canonical, age, duplication, and keyword demand; then retarget, merge, or keep only when the page has a distinct job.",verified-affiliate-batch-content.ts:132
homeoffice,product,https://homeoffice.madabase.com/reviews/insta360-link-2-webcam,Insta360 Link 2 Guide: AI Tracking vs MX Brio,included,"August 8, 2026",61,,,,,zero-impression,,,"Inspect index status, canonical, age, duplication, and keyword demand; then retarget, merge, or keep only when the page has a distinct job.",august-2026-product-expansion-content.ts:268
homeoffice,product,https://homeoffice.madabase.com/reviews/satechi-dual-vertical-laptop-stand,Satechi Dual Vertical Laptop Stand Guide: Will Both Slots Fit?,soft-launch-excluded,"August 21, 2026",48,,,,,zero-impression,,,"Inspect index status, canonical, age, duplication, and keyword demand; then retarget, merge, or keep only when the page has a distinct job.",product-expansion-pilot-20260821-content.ts:218
network,roundup,https://network.madabase.com/best/arris-s33-vs-motorola-mb8611-vs-hitron-coda56,ARRIS S33 vs Motorola MB8611 vs Hitron CODA56,included,"July 9, 2026",91,,,,,zero-impression,,,"Inspect index status, canonical, age, duplication, and keyword demand; then retarget, merge, or keep only when the page has a distinct job.",network-accessory-expansion-content.ts:382
network,roundup,https://network.madabase.com/best/asus-zenwifi-bt6-vs-deco-be63,ASUS ZenWiFi BT6 vs Deco BE63: Control or Simpler Multi-Gig Mesh?,included,"July 1, 2026",99,,,,,zero-impression,,,"Inspect index status, canonical, age, duplication, and keyword demand; then retarget, merge, or keep only when the page has a distinct job.",commercial-expansion-content.ts:492
network,roundup,https://network.madabase.com/best/best-2-5g-home-network-upgrades,2.5G Home Network Upgrades Before Buying a New Router,included,"July 9, 2026",91,,,,,zero-impression,,,"Inspect index status, canonical, age, duplication, and keyword demand; then retarget, merge, or keep only when the page has a distinct job.",network-accessory-expansion-content.ts:405
network,roundup,https://network.madabase.com/best/best-cable-modems-for-xfinity-spectrum-cox,"Cable Modems for Xfinity, Spectrum and Cox Multi-Gig Plans",included,"July 9, 2026",91,,,,,zero-impression,,,"Inspect index status, canonical, age, duplication, and keyword demand; then retarget, merge, or keep only when the page has a distinct job.",network-accessory-expansion-content.ts:355
network,roundup,https://network.madabase.com/best/best-deco-wifi-7-mesh-for-wired-backhaul,"Deco Wi-Fi 7 Mesh for Wired Backhaul: BE25, BE63 or BE67?",included,"July 16, 2026",84,,,,,zero-impression,,,"Inspect index status, canonical, age, duplication, and keyword demand; then retarget, merge, or keep only when the page has a distinct job.",aggressive-portfolio-expansion-content.ts:6
network,roundup,https://network.madabase.com/best/best-mesh-wifi-for-2-5gbps-internet,Mesh Wi-Fi for 2.5Gbps Internet: 4 Practical Picks,included,"July 11, 2026",89,,,,,zero-impression,,,"Inspect index status, canonical, age, duplication, and keyword demand; then retarget, merge, or keep only when the page has a distinct job.",network-multigig-expansion-content.ts:33
network,roundup,https://network.madabase.com/best/best-mesh-wifi-for-apartments-and-homes,Mesh Wi-Fi for Apartments and Multi-Floor Homes,included,"June 25, 2026",105,,,,,zero-impression,,,"Inspect index status, canonical, age, duplication, and keyword demand; then retarget, merge, or keep only when the page has a distinct job.",network-content.ts:489
network,roundup,https://network.madabase.com/best/best-poe-switches-for-home-cameras-and-access-points,PoE Switches for Home Cameras and Access Points,included,"July 9, 2026",91,,,,,zero-impression,,,"Inspect index status, canonical, age, duplication, and keyword demand; then retarget, merge, or keep only when the page has a distinct job.",network-poe-expansion-content.ts:212
network,roundup,https://network.madabase.com/best/best-wifi-7-routers-for-home-networks,Wi-Fi 7 Router for One-Router Homes,included,"June 25, 2026",105,,,,,zero-impression,,,"Inspect index status, canonical, age, duplication, and keyword demand; then retarget, merge, or keep only when the page has a distinct job.",network-content.ts:512
network,roundup,https://network.madabase.com/best/best-wired-networking-upgrades,"Wired Home Network Upgrades: Switches, Cables & Hubs",included,"June 25, 2026",105,,,,,zero-impression,,,"Inspect index status, canonical, age, duplication, and keyword demand; then retarget, merge, or keep only when the page has a distinct job.",network-content.ts:535
network,roundup,https://network.madabase.com/best/deco-be85-vs-be67,Deco BE85 vs BE67: Is the Flagship Wi-Fi 7 Mesh Worth It?,included,"July 1, 2026",99,,,,,zero-impression,,,"Inspect index status, canonical, age, duplication, and keyword demand; then retarget, merge, or keep only when the page has a distinct job.",commercial-expansion-content.ts:484
network,roundup,https://network.madabase.com/best/netgear-gs308e-vs-tp-link-tl-sg108,NETGEAR GS308E vs TP-Link TL-SG108: Managed or Unmanaged 8-Port Switch?,included,"July 1, 2026",99,,,,,zero-impression,,,"Inspect index status, canonical, age, duplication, and keyword demand; then retarget, merge, or keep only when the page has a distinct job.",commercial-expansion-content.ts:611
network,roundup,https://network.madabase.com/best/tp-link-tl-sg1005p-vs-tl-sg108pe-vs-netgear-gs308epp,TP-Link TL-SG1005P vs TL-SG108PE vs NETGEAR GS308EPP,included,"July 9, 2026",91,,,,,zero-impression,,,"Inspect index status, canonical, age, duplication, and keyword demand; then retarget, merge, or keep only when the page has a distinct job.",network-poe-expansion-content.ts:240
network,roundup,https://network.madabase.com/best/tp-link-ue302c-vs-sabrent-nt-25ga,TP-Link UE302C vs Sabrent NT-25GA: Which 2.5G USB-C Adapter?,included,"July 9, 2026",91,,,,,zero-impression,,,"Inspect index status, canonical, age, duplication, and keyword demand; then retarget, merge, or keep only when the page has a distinct job.",network-accessory-expansion-content.ts:432
network,guide,https://network.madabase.com/guides/2-5g-vs-10g-switch-for-home-nas-guide,2.5G vs 10G Switch for a Home NAS,included,"July 9, 2026",91,,,,,zero-impression,,,"Inspect index status, canonical, age, duplication, and keyword demand; then retarget, merge, or keep only when the page has a distinct job.",network-accessory-expansion-content.ts:514
network,guide,https://network.madabase.com/guides/2-5gbe-home-network-upgrade-checklist,"2.5GbE Home Network Upgrade Checklist: Router, Switch, NAS and Cables",included,"July 11, 2026",89,,,,,zero-impression,,,"Inspect index status, canonical, age, duplication, and keyword demand; then retarget, merge, or keep only when the page has a distinct job.",network-multigig-expansion-content.ts:107
network,guide,https://network.madabase.com/guides/2-5gbe-switch-port-budget-for-nas-mesh,2.5GbE Switch for NAS and Wi-Fi 7 Mesh: Port Budget Checklist,included,"August 6, 2026",63,,,,,zero-impression,,implemented,"Inspect index status, canonical, age, duplication, and keyword demand; then retarget, merge, or keep only when the page has a distinct job.",network-switch-cluster-content.ts:409
network,guide,https://network.madabase.com/guides/2-5gbe-vs-10gbe-mesh-backhaul-checklist,2.5GbE vs 10GbE Mesh Backhaul: Which Port Speed Do You Need?,included,"July 11, 2026",89,,,,,zero-impression,,,"Inspect index status, canonical, age, duplication, and keyword demand; then retarget, merge, or keep only when the page has a distinct job.",network-multigig-expansion-content.ts:85
network,guide,https://network.madabase.com/guides/5-port-vs-8-port-2-5gbe-switch,5-Port vs 8-Port 2.5GbE Switch: Count the Uplink First,included,"July 21, 2026",79,,,,,zero-impression,,,"Inspect index status, canonical, age, duplication, and keyword demand; then retarget, merge, or keep only when the page has a distinct job.",network-switch-cluster-content.ts:350
network,guide,https://network.madabase.com/guides/bulk-ethernet-cable-reels-buying-guide,"Bulk Ethernet cable reels: Fit, Trade-offs & Buying Guide",included,"August 13, 2026",56,,,,,zero-impression,,,"Inspect index status, canonical, age, duplication, and keyword demand; then retarget, merge, or keep only when the page has a distinct job.",breadth-draft-120-plus-content.ts:generated
network,guide,https://network.madabase.com/guides/cable-modem-2-5g-port-buying-guide,Cable Modem 2.5GbE Port Buying Guide,included,"July 23, 2026",77,,,,,zero-impression,,implemented,"Inspect index status, canonical, age, duplication, and keyword demand; then retarget, merge, or keep only when the page has a distinct job.",network-accessory-expansion-content.ts:458
network,guide,https://network.madabase.com/guides/cloud-managed-access-points-buying-guide,"Cloud-managed Wi-Fi access points: Fit, Trade-offs & Buying Guide",included,"August 13, 2026",56,,,,,zero-impression,,,"Inspect index status, canonical, age, duplication, and keyword demand; then retarget, merge, or keep only when the page has a distinct job.",breadth-draft-120-plus-content.ts:generated
network,guide,https://network.madabase.com/guides/coax-cable-testers-buying-guide,"Coax cable testers: Fit, Trade-offs & Buying Guide",included,"August 13, 2026",56,,,,,zero-impression,,,"Inspect index status, canonical, age, duplication, and keyword demand; then retarget, merge, or keep only when the page has a distinct job.",breadth-draft-120-plus-content.ts:generated
network,guide,https://network.madabase.com/guides/coax-compression-tools-buying-guide,"Coax compression tools: Fit, Trade-offs & Buying Guide",included,"August 13, 2026",56,,,,,zero-impression,,,"Inspect index status, canonical, age, duplication, and keyword demand; then retarget, merge, or keep only when the page has a distinct job.",breadth-draft-120-plus-content.ts:generated
network,guide,https://network.madabase.com/guides/deco-be63-be67-wired-backhaul-port-checklist,Deco BE63 & BE67 Wired Backhaul Port Checklist,included,"July 16, 2026",84,,,,,zero-impression,,,"Inspect index status, canonical, age, duplication, and keyword demand; then retarget, merge, or keep only when the page has a distinct job.",aggressive-portfolio-expansion-content.ts:172
network,guide,https://network.madabase.com/guides/deco-be63-multigig-ports-guide,"Deco BE63 2.5GbE Ports Explained: WAN, LAN, Switches and Backhaul",included,"July 23, 2026",77,,,,,zero-impression,,implemented,"Inspect index status, canonical, age, duplication, and keyword demand; then retarget, merge, or keep only when the page has a distinct job.",expansion-guides.ts:374
network,guide,https://network.madabase.com/guides/deco-be67-10gbe-network-checklist,Deco BE67 10GbE Network Checklist,included,"July 28, 2026",72,,,,,zero-impression,,implemented,"Inspect index status, canonical, age, duplication, and keyword demand; then retarget, merge, or keep only when the page has a distinct job.",adjacent-expansion-content.ts:856
network,guide,https://network.madabase.com/guides/deco-mesh-connection-drops-troubleshooting,Deco Mesh Connection Drops: A Troubleshooting Checklist,included,"July 23, 2026",77,,,,,zero-impression,,implemented,"Inspect index status, canonical, age, duplication, and keyword demand; then retarget, merge, or keep only when the page has a distinct job.",topic-cluster-content.ts:128
network,guide,https://network.madabase.com/guides/direct-attach-copper-cables-buying-guide,Direct-attach Copper Cables Buying Guide,included,"August 9, 2026",60,,,,,zero-impression,,,"Inspect index status, canonical, age, duplication, and keyword demand; then retarget, merge, or keep only when the page has a distinct job.",quadruple-expansion-content.ts:generated
network,guide,https://network.madabase.com/guides/direct-attach-copper-cables-compatibility-and-fit-guide,Direct-attach Copper Cables: Compatibility and Fit Guide,included,"August 9, 2026",60,,,,,zero-impression,,,"Inspect index status, canonical, age, duplication, and keyword demand; then retarget, merge, or keep only when the page has a distinct job.",quadruple-expansion-content.ts:generated
network,guide,https://network.madabase.com/guides/direct-attach-copper-cables-ownership-cost-and-maintenance,Direct-attach Copper Cables: Ownership Cost and Maintenance,included,"August 9, 2026",60,,,,,zero-impression,,,"Inspect index status, canonical, age, duplication, and keyword demand; then retarget, merge, or keep only when the page has a distinct job.",quadruple-expansion-content.ts:generated
network,guide,https://network.madabase.com/guides/direct-attach-copper-cables-vs-alternatives,SFP+ DAC vs Fiber Transceivers: Which Link Is Better?,included,"September 4, 2026",34,,,,,zero-impression,,,"Inspect index status, canonical, age, duplication, and keyword demand; then retarget, merge, or keep only when the page has a distinct job.",quadruple-expansion-content.ts:generated
network,guide,https://network.madabase.com/guides/dual-wan-routers-compatibility-and-fit-guide,Dual-WAN Routers: Compatibility and Fit Guide,included,"August 9, 2026",60,,,,,zero-impression,,,"Inspect index status, canonical, age, duplication, and keyword demand; then retarget, merge, or keep only when the page has a distinct job.",quadruple-expansion-content.ts:generated
network,guide,https://network.madabase.com/guides/ethernet-cable-category-guide,Cat6 vs Cat6A vs Flat Ethernet Cable: What to Buy for Home,included,"June 25, 2026",105,,,,,zero-impression,,,"Inspect index status, canonical, age, duplication, and keyword demand; then retarget, merge, or keep only when the page has a distinct job.",network-content.ts:662
network,guide,https://network.madabase.com/guides/ethernet-cable-testers-compatibility-and-fit-guide,Ethernet Cable Testers: Compatibility and Fit Guide,included,"August 9, 2026",60,,,,,zero-impression,,,"Inspect index status, canonical, age, duplication, and keyword demand; then retarget, merge, or keep only when the page has a distinct job.",quadruple-expansion-content.ts:generated
network,guide,https://network.madabase.com/guides/ethernet-inline-couplers-buying-guide,"Ethernet inline couplers: Fit, Trade-offs & Buying Guide",included,"August 13, 2026",56,,,,,zero-impression,,,"Inspect index status, canonical, age, duplication, and keyword demand; then retarget, merge, or keep only when the page has a distinct job.",breadth-draft-120-plus-content.ts:generated
network,guide,https://network.madabase.com/guides/ethernet-keystone-jacks-buying-guide,"Ethernet Keystone Jack Buying Guide: Category, Termination, and Wall Fit",included,"August 10, 2026",59,,,,,zero-impression,,,"Inspect index status, canonical, age, duplication, and keyword demand; then retarget, merge, or keep only when the page has a distinct job.",broad-product-pilot-2-content.ts:19
network,guide,https://network.madabase.com/guides/ethernet-network-interface-cards-vs-alternatives,PCIe Ethernet Card vs USB Adapter: Which Is Better?,included,"September 4, 2026",34,,,,,zero-impression,,,"Inspect index status, canonical, age, duplication, and keyword demand; then retarget, merge, or keep only when the page has a distinct job.",quadruple-expansion-content.ts:generated
network,guide,https://network.madabase.com/guides/ethernet-network-taps-buying-guide,"Ethernet network taps: Fit, Trade-offs & Buying Guide",included,"August 13, 2026",56,,,,,zero-impression,,,"Inspect index status, canonical, age, duplication, and keyword demand; then retarget, merge, or keep only when the page has a distinct job.",breadth-draft-120-plus-content.ts:generated
network,guide,https://network.madabase.com/guides/ethernet-patch-panels-buying-guide,Ethernet Patch Panels Buying Guide,included,"August 9, 2026",60,,,,,zero-impression,,,"Inspect index status, canonical, age, duplication, and keyword demand; then retarget, merge, or keep only when the page has a distinct job.",quadruple-expansion-content.ts:generated
network,guide,https://network.madabase.com/guides/ethernet-surge-protectors-buying-guide,"Ethernet Surge Protector Buying Guide: Speed, PoE, and Grounding",included,"August 11, 2026",58,,,,,zero-impression,,,"Inspect index status, canonical, age, duplication, and keyword demand; then retarget, merge, or keep only when the page has a distinct job.",broad-product-pilot-3-content.ts:74
network,guide,https://network.madabase.com/guides/fiber-cleaning-kits-buying-guide,"Fiber optic cleaning kits: Fit, Trade-offs & Buying Guide",included,"August 13, 2026",56,,,,,zero-impression,,,"Inspect index status, canonical, age, duplication, and keyword demand; then retarget, merge, or keep only when the page has a distinct job.",breadth-draft-120-plus-content.ts:generated
network,guide,https://network.madabase.com/guides/fiber-media-converters-vs-alternatives,Fiber Media Converters vs. switches with native fiber ports,included,"August 9, 2026",60,,,,,zero-impression,,,"Inspect index status, canonical, age, duplication, and keyword demand; then retarget, merge, or keep only when the page has a distinct job.",quadruple-expansion-content.ts:generated
network,guide,https://network.madabase.com/guides/fiber-optic-patch-cables-buying-guide,"Fiber optic patch cables: Fit, Trade-offs & Buying Guide",included,"August 13, 2026",56,,,,,zero-impression,,,"Inspect index status, canonical, age, duplication, and keyword demand; then retarget, merge, or keep only when the page has a distinct job.",breadth-draft-120-plus-content.ts:generated
network,guide,https://network.madabase.com/guides/fiber-optic-power-meters-buying-guide,"Fiber optic power meters: Fit, Trade-offs & Buying Guide",included,"August 13, 2026",56,,,,,zero-impression,,,"Inspect index status, canonical, age, duplication, and keyword demand; then retarget, merge, or keep only when the page has a distinct job.",breadth-draft-120-plus-content.ts:generated
network,guide,https://network.madabase.com/guides/fiber-visual-fault-locators-buying-guide,"Fiber visual fault locators: Fit, Trade-offs & Buying Guide",included,"August 13, 2026",56,,,,,zero-impression,,,"Inspect index status, canonical, age, duplication, and keyword demand; then retarget, merge, or keep only when the page has a distinct job.",breadth-draft-120-plus-content.ts:generated
network,guide,https://network.madabase.com/guides/five-g-home-internet-gateways-compatibility-and-fit-guide,5G Home Internet Gateways: Compatibility and Fit Guide,included,"August 9, 2026",60,,,,,zero-impression,,,"Inspect index status, canonical, age, duplication, and keyword demand; then retarget, merge, or keep only when the page has a distinct job.",quadruple-expansion-content.ts:generated
network,guide,https://network.madabase.com/guides/hardware-firewall-appliances-buying-guide,Hardware Firewall Appliances Buying Guide,included,"August 9, 2026",60,,,,,zero-impression,,,"Inspect index status, canonical, age, duplication, and keyword demand; then retarget, merge, or keep only when the page has a distinct job.",quadruple-expansion-content.ts:generated
network,guide,https://network.madabase.com/guides/hardware-firewall-appliances-compatibility-and-fit-guide,Hardware Firewall Appliances: Compatibility and Fit Guide,included,"August 9, 2026",60,,,,,zero-impression,,,"Inspect index status, canonical, age, duplication, and keyword demand; then retarget, merge, or keep only when the page has a distinct job.",quadruple-expansion-content.ts:generated
network,guide,https://network.madabase.com/guides/hardware-firewall-appliances-ownership-cost-and-maintenance,Hardware Firewall Appliances: Ownership Cost and Maintenance,included,"August 9, 2026",60,,,,,zero-impression,,,"Inspect index status, canonical, age, duplication, and keyword demand; then retarget, merge, or keep only when the page has a distinct job.",quadruple-expansion-content.ts:generated
network,guide,https://network.madabase.com/guides/hardware-firewall-appliances-vs-alternatives,Hardware Firewall Appliances vs. security features built into a router,included,"August 9, 2026",60,,,,,zero-impression,,,"Inspect index status, canonical, age, duplication, and keyword demand; then retarget, merge, or keep only when the page has a distinct job.",quadruple-expansion-content.ts:generated
network,guide,https://network.madabase.com/guides/home-ethernet-switch-guide,"Home Ethernet Switch Buying Guide: Gigabit, 2.5G and Smart Features",included,"June 25, 2026",105,,,,,zero-impression,,,"Inspect index status, canonical, age, duplication, and keyword demand; then retarget, merge, or keep only when the page has a distinct job.",network-content.ts:677
network,guide,https://network.madabase.com/guides/indoor-wifi-access-points-vs-alternatives,Wired Access Point vs Mesh Wi-Fi: Which Is Better?,included,"September 4, 2026",34,,,,,zero-impression,,,"Inspect index status, canonical, age, duplication, and keyword demand; then retarget, merge, or keep only when the page has a distinct job.",quadruple-expansion-content.ts:generated
network,guide,https://network.madabase.com/guides/industrial-ethernet-switches-buying-guide,"Industrial Ethernet switches: Fit, Trade-offs & Buying Guide",included,"August 13, 2026",56,,,,,zero-impression,,,"Inspect index status, canonical, age, duplication, and keyword demand; then retarget, merge, or keep only when the page has a distinct job.",breadth-draft-120-plus-content.ts:generated
network,guide,https://network.madabase.com/guides/kvm-over-ip-extenders-buying-guide,"KVM over IP extenders: Fit, Trade-offs & Buying Guide",included,"August 13, 2026",56,,,,,zero-impression,,,"Inspect index status, canonical, age, duplication, and keyword demand; then retarget, merge, or keep only when the page has a distinct job.",breadth-draft-120-plus-content.ts:generated
network,guide,https://network.madabase.com/guides/managed-2-5gbe-switches-buying-guide,"Managed 2.5GbE switches: Fit, Trade-offs & Buying Guide",included,"August 13, 2026",56,,,,,zero-impression,,,"Inspect index status, canonical, age, duplication, and keyword demand; then retarget, merge, or keep only when the page has a distinct job.",breadth-draft-120-plus-content.ts:generated
network,guide,https://network.madabase.com/guides/managed-vs-unmanaged-poe-switch-home-guide,Managed vs Unmanaged PoE Switch for Home Cameras,included,"July 9, 2026",91,,,,,zero-impression,,,"Inspect index status, canonical, age, duplication, and keyword demand; then retarget, merge, or keep only when the page has a distinct job.",network-poe-expansion-content.ts:301
network,guide,https://network.madabase.com/guides/mesh-wifi-node-placement-guide,Mesh Wi-Fi Node Placement Guide: Fix Dead Zones Without Overbuying,included,"June 28, 2026",102,,,,,zero-impression,,,"Inspect index status, canonical, age, duplication, and keyword demand; then retarget, merge, or keep only when the page has a distinct job.",network-content.ts:631
network,guide,https://network.madabase.com/guides/mesh-wifi-vs-single-router-guide,Mesh Wi-Fi vs Single Router: Which Should You Buy for Your Home?,included,"June 28, 2026",102,,,,,zero-impression,,,"Inspect index status, canonical, age, duplication, and keyword demand; then retarget, merge, or keep only when the page has a distinct job.",expansion-guides.ts:4
network,guide,https://network.madabase.com/guides/mini-ups-for-routers-buying-guide,"Mini UPS units for routers: Fit, Trade-offs & Buying Guide",included,"August 13, 2026",56,,,,,zero-impression,,,"Inspect index status, canonical, age, duplication, and keyword demand; then retarget, merge, or keep only when the page has a distinct job.",breadth-draft-120-plus-content.ts:generated
network,guide,https://network.madabase.com/guides/mobile-hotspots-buying-guide,Mobile Hotspots Buying Guide,included,"August 9, 2026",60,,,,,zero-impression,,,"Inspect index status, canonical, age, duplication, and keyword demand; then retarget, merge, or keep only when the page has a distinct job.",quadruple-expansion-content.ts:generated
network,guide,https://network.madabase.com/guides/moca-2-5-vs-ethernet-run-guide,MoCA 2.5 vs Running Ethernet: Which Wired Backhaul Should You Buy?,included,"July 9, 2026",91,,,,,zero-impression,,,"Inspect index status, canonical, age, duplication, and keyword demand; then retarget, merge, or keep only when the page has a distinct job.",network-accessory-expansion-content.ts:478
network,guide,https://network.madabase.com/guides/moca-network-adapters-vs-alternatives,MoCA vs Powerline: Which Home Network Link Is Better?,included,"September 4, 2026",34,,,,,zero-impression,,,"Inspect index status, canonical, age, duplication, and keyword demand; then retarget, merge, or keep only when the page has a distinct job.",quadruple-expansion-content.ts:generated
network,guide,https://network.madabase.com/guides/moca-splitter-filter-checklist,MoCA Splitter and Filter Checklist,included,"July 9, 2026",91,,,,,zero-impression,,,"Inspect index status, canonical, age, duplication, and keyword demand; then retarget, merge, or keep only when the page has a distinct job.",network-accessory-expansion-content.ts:550
network,guide,https://network.madabase.com/guides/modem-router-combo-vs-separate-modem-router-guide,Modem Router Combo vs Separate Modem and Router,included,"July 9, 2026",91,,,,,zero-impression,,,"Inspect index status, canonical, age, duplication, and keyword demand; then retarget, merge, or keep only when the page has a distinct job.",network-accessory-expansion-content.ts:494
network,guide,https://network.madabase.com/guides/multigig-poe-switches-buying-guide,"Multi-Gig PoE Switch Buying Guide: Ports, Power Budget, and Uplinks",included,"August 10, 2026",59,,,,,zero-impression,,,"Inspect index status, canonical, age, duplication, and keyword demand; then retarget, merge, or keep only when the page has a distinct job.",broad-product-pilot-content.ts:19
network,guide,https://network.madabase.com/guides/network-attached-storage-vs-alternatives,Network-attached Storage Appliances vs. direct-attached storage or cloud storage,included,"August 9, 2026",60,,,,,zero-impression,long-title,,"Inspect index status, canonical, age, duplication, and keyword demand; then retarget, merge, or keep only when the page has a distinct job.",quadruple-expansion-content.ts:generated
network,guide,https://network.madabase.com/guides/network-cable-toner-probes-buying-guide,"Network Cable Toner and Probe Buying Guide: Trace First, Test Second",included,"August 10, 2026",59,,,,,zero-impression,,,"Inspect index status, canonical, age, duplication, and keyword demand; then retarget, merge, or keep only when the page has a distinct job.",broad-product-pilot-content.ts:135
network,guide,https://network.madabase.com/guides/network-punch-down-tools-buying-guide,"Network Punch-Down Tool Buying Guide: Blade, Impact, and Termination Fit",included,"August 11, 2026",58,,,,,zero-impression,,,"Inspect index status, canonical, age, duplication, and keyword demand; then retarget, merge, or keep only when the page has a distinct job.",broad-product-pilot-3-content.ts:166
network,guide,https://network.madabase.com/guides/network-rack-cooling-fans-buying-guide,"Network rack cooling fans: Fit, Trade-offs & Buying Guide",included,"August 13, 2026",56,,,,,zero-impression,,,"Inspect index status, canonical, age, duplication, and keyword demand; then retarget, merge, or keep only when the page has a distinct job.",breadth-draft-120-plus-content.ts:generated
network,guide,https://network.madabase.com/guides/network-rack-shelves-buying-guide,"Network rack shelves: Fit, Trade-offs & Buying Guide",included,"August 13, 2026",56,,,,,zero-impression,,,"Inspect index status, canonical, age, duplication, and keyword demand; then retarget, merge, or keep only when the page has a distinct job.",breadth-draft-120-plus-content.ts:generated
network,guide,https://network.madabase.com/guides/optical-time-domain-reflectometers-buying-guide,"Optical time-domain reflectometers: Fit, Trade-offs & Buying Guide",included,"August 13, 2026",56,,,,,zero-impression,,,"Inspect index status, canonical, age, duplication, and keyword demand; then retarget, merge, or keep only when the page has a distinct job.",breadth-draft-120-plus-content.ts:generated
network,guide,https://network.madabase.com/guides/outdoor-wifi-access-points-vs-alternatives,Outdoor Wi-Fi Access Points vs. indoor access points in weather-protected locations,included,"August 9, 2026",60,,,,,zero-impression,long-title,,"Inspect index status, canonical, age, duplication, and keyword demand; then retarget, merge, or keep only when the page has a distinct job.",quadruple-expansion-content.ts:generated
network,guide,https://network.madabase.com/guides/pcie-wifi-adapters-buying-guide,PCIe Wi-Fi Adapters Buying Guide,included,"August 9, 2026",60,,,,,zero-impression,,,"Inspect index status, canonical, age, duplication, and keyword demand; then retarget, merge, or keep only when the page has a distinct job.",quadruple-expansion-content.ts:generated
network,guide,https://network.madabase.com/guides/pcie-wifi-adapters-compatibility-and-fit-guide,PCIe Wi-Fi Adapters: Compatibility and Fit Guide,included,"August 9, 2026",60,,,,,zero-impression,,,"Inspect index status, canonical, age, duplication, and keyword demand; then retarget, merge, or keep only when the page has a distinct job.",quadruple-expansion-content.ts:generated
network,guide,https://network.madabase.com/guides/pcie-wifi-adapters-ownership-cost-and-maintenance,PCIe Wi-Fi Adapters: Ownership Cost and Maintenance,included,"August 9, 2026",60,,,,,zero-impression,,,"Inspect index status, canonical, age, duplication, and keyword demand; then retarget, merge, or keep only when the page has a distinct job.",quadruple-expansion-content.ts:generated
network,guide,https://network.madabase.com/guides/pcie-wifi-adapters-vs-alternatives,PCIe Wi-Fi Adapters vs. USB Wi-Fi adapters,included,"August 9, 2026",60,,,,,zero-impression,,,"Inspect index status, canonical, age, duplication, and keyword demand; then retarget, merge, or keep only when the page has a distinct job.",quadruple-expansion-content.ts:generated
network,guide,https://network.madabase.com/guides/poe-extenders-vs-alternatives,PoE Extenders vs. fiber or a closer powered switch,included,"August 9, 2026",60,,,,,zero-impression,,,"Inspect index status, canonical, age, duplication, and keyword demand; then retarget, merge, or keep only when the page has a distinct job.",quadruple-expansion-content.ts:generated
network,guide,https://network.madabase.com/guides/poe-injectors-vs-alternatives,PoE Injector vs PoE Switch: Which Should You Use?,included,"September 4, 2026",34,,,,,zero-impression,,,"Inspect index status, canonical, age, duplication, and keyword demand; then retarget, merge, or keep only when the page has a distinct job.",quadruple-expansion-content.ts:generated
network,guide,https://network.madabase.com/guides/poe-network-video-recorders-buying-guide,"PoE NVR Buying Guide: Camera Compatibility, Storage, and Power Budget",included,"August 11, 2026",58,,,,,zero-impression,,,"Inspect index status, canonical, age, duplication, and keyword demand; then retarget, merge, or keep only when the page has a distinct job.",broad-product-pilot-3-content.ts:304
network,guide,https://network.madabase.com/guides/poe-splitters-vs-alternatives,PoE Splitters vs. local device power adapters,included,"August 9, 2026",60,,,,,zero-impression,,,"Inspect index status, canonical, age, duplication, and keyword demand; then retarget, merge, or keep only when the page has a distinct job.",quadruple-expansion-content.ts:generated
network,guide,https://network.madabase.com/guides/poe-switch-for-home-cameras-and-access-points-guide,PoE Switch for Home Cameras and Access Points,included,"July 9, 2026",91,,,,,zero-impression,,,"Inspect index status, canonical, age, duplication, and keyword demand; then retarget, merge, or keep only when the page has a distinct job.",network-accessory-expansion-content.ts:534
network,guide,https://network.madabase.com/guides/poe-switch-power-budget-calculator-guide,PoE Switch Power Budget Calculator Guide,included,"July 9, 2026",91,,,,,zero-impression,,,"Inspect index status, canonical, age, duplication, and keyword demand; then retarget, merge, or keep only when the page has a distinct job.",network-poe-expansion-content.ts:269
network,guide,https://network.madabase.com/guides/poe-vs-poe-plus-for-cameras-access-points,PoE vs PoE+ for Cameras and Access Points,included,"July 9, 2026",91,,,,,zero-impression,,,"Inspect index status, canonical, age, duplication, and keyword demand; then retarget, merge, or keep only when the page has a distinct job.",network-poe-expansion-content.ts:285
network,guide,https://network.madabase.com/guides/powerline-network-adapters-vs-alternatives,Powerline Network Adapters vs. MoCA or wired access points,included,"August 9, 2026",60,,,,,zero-impression,,,"Inspect index status, canonical, age, duplication, and keyword demand; then retarget, merge, or keep only when the page has a distinct job.",quadruple-expansion-content.ts:generated
network,guide,https://network.madabase.com/guides/preterminated-fiber-runs-buying-guide,"Preterminated fiber cable runs: Fit, Trade-offs & Buying Guide",included,"August 13, 2026",56,,,,,zero-impression,,,"Inspect index status, canonical, age, duplication, and keyword demand; then retarget, merge, or keep only when the page has a distinct job.",breadth-draft-120-plus-content.ts:generated
network,guide,https://network.madabase.com/guides/rack-blanking-panels-buying-guide,"Rack blanking panels: Fit, Trade-offs & Buying Guide",included,"August 13, 2026",56,,,,,zero-impression,,,"Inspect index status, canonical, age, duplication, and keyword demand; then retarget, merge, or keep only when the page has a distinct job.",breadth-draft-120-plus-content.ts:generated
network,guide,https://network.madabase.com/guides/rack-cable-management-panels-buying-guide,"Rack Cable Management Panel Guide: D-Rings, Brush Panels, and Bend Radius",included,"August 11, 2026",58,,,,,zero-impression,long-title,,"Inspect index status, canonical, age, duplication, and keyword demand; then retarget, merge, or keep only when the page has a distinct job.",broad-product-pilot-3-content.ts:212
network,guide,https://network.madabase.com/guides/rackmount-network-ups-buying-guide,"Rackmount UPS units for network gear: Fit, Trade-offs & Buying Guide",included,"August 13, 2026",56,,,,,zero-impression,,,"Inspect index status, canonical, age, duplication, and keyword demand; then retarget, merge, or keep only when the page has a distinct job.",breadth-draft-120-plus-content.ts:generated
network,guide,https://network.madabase.com/guides/rackmount-power-distribution-units-buying-guide,"Rackmount PDU Buying Guide: Outlets, Load, Surge Protection, and UPS Fit",included,"August 10, 2026",59,,,,,zero-impression,,,"Inspect index status, canonical, age, duplication, and keyword demand; then retarget, merge, or keep only when the page has a distinct job.",broad-product-pilot-content.ts:77
network,guide,https://network.madabase.com/guides/rj45-modular-plugs-buying-guide,"RJ45 Modular Plug Buying Guide: Cable Fit, Pass-Through, and Strain Relief",included,"August 11, 2026",58,,,,,zero-impression,long-title,,"Inspect index status, canonical, age, duplication, and keyword demand; then retarget, merge, or keep only when the page has a distinct job.",broad-product-pilot-3-content.ts:120
network,guide,https://network.madabase.com/guides/router-placement-guide,Router Placement Guide Before Buying Mesh Wi-Fi,included,"June 25, 2026",105,,,,,zero-impression,,,"Inspect index status, canonical, age, duplication, and keyword demand; then retarget, merge, or keep only when the page has a distinct job.",network-content.ts:647
network,guide,https://network.madabase.com/guides/router-ups-runtime-guide,"Router UPS Runtime: Size Backup Power for Modem, ONT and Mesh",included,"July 22, 2026",78,,,,,zero-impression,,,"Inspect index status, canonical, age, duplication, and keyword demand; then retarget, merge, or keep only when the page has a distinct job.",network-ups-content.ts:377
network,guide,https://network.madabase.com/guides/serial-device-servers-buying-guide,"Serial device servers: Fit, Trade-offs & Buying Guide",included,"August 13, 2026",56,,,,,zero-impression,,,"Inspect index status, canonical, age, duplication, and keyword demand; then retarget, merge, or keep only when the page has a distinct job.",breadth-draft-120-plus-content.ts:generated
network,guide,https://network.madabase.com/guides/sfp-plus-network-switches-vs-alternatives,SFP+ Network Switches vs. RJ45 10GbE switches,included,"August 27, 2026",42,,,,,zero-impression,,,"Inspect index status, canonical, age, duplication, and keyword demand; then retarget, merge, or keep only when the page has a distinct job.",quadruple-expansion-content.ts:generated
network,guide,https://network.madabase.com/guides/sfp-plus-transceivers-compatibility-and-fit-guide,SFP+ Transceivers: Compatibility and Fit Guide,included,"August 9, 2026",60,,,,,zero-impression,,,"Inspect index status, canonical, age, duplication, and keyword demand; then retarget, merge, or keep only when the page has a distinct job.",quadruple-expansion-content.ts:generated
network,guide,https://network.madabase.com/guides/sfp28-network-switches-buying-guide,"SFP28 network switches: Fit, Trade-offs & Buying Guide",included,"August 13, 2026",56,,,,,zero-impression,,,"Inspect index status, canonical, age, duplication, and keyword demand; then retarget, merge, or keep only when the page has a distinct job.",breadth-draft-120-plus-content.ts:generated
network,guide,https://network.madabase.com/guides/sfp28-transceivers-buying-guide,"SFP28 transceivers: Fit, Trade-offs & Buying Guide",included,"August 13, 2026",56,,,,,zero-impression,,,"Inspect index status, canonical, age, duplication, and keyword demand; then retarget, merge, or keep only when the page has a distinct job.",breadth-draft-120-plus-content.ts:generated
network,guide,https://network.madabase.com/guides/structured-media-enclosures-buying-guide,"Structured Media Enclosure Buying Guide: Size, Wireless, Power, and Service Access",included,"August 10, 2026",59,,,,,zero-impression,long-title,,"Inspect index status, canonical, age, duplication, and keyword demand; then retarget, merge, or keep only when the page has a distinct job.",broad-product-pilot-2-content.ts:760
network,guide,https://network.madabase.com/guides/ten-gigabit-ethernet-switches-buying-guide,10GbE Switches Buying Guide,included,"August 9, 2026",60,,,,,zero-impression,weak-title,,"Inspect index status, canonical, age, duplication, and keyword demand; then retarget, merge, or keep only when the page has a distinct job.",quadruple-expansion-content.ts:generated
network,guide,https://network.madabase.com/guides/ten-gigabit-ethernet-switches-compatibility-and-fit-guide,10GbE Switches: Compatibility and Fit Guide,included,"August 9, 2026",60,,,,,zero-impression,,,"Inspect index status, canonical, age, duplication, and keyword demand; then retarget, merge, or keep only when the page has a distinct job.",quadruple-expansion-content.ts:generated
network,guide,https://network.madabase.com/guides/ten-gigabit-ethernet-switches-ownership-cost-and-maintenance,10GbE Switches: Ownership Cost and Maintenance,included,"August 9, 2026",60,,,,,zero-impression,,,"Inspect index status, canonical, age, duplication, and keyword demand; then retarget, merge, or keep only when the page has a distinct job.",quadruple-expansion-content.ts:generated
network,guide,https://network.madabase.com/guides/ten-gigabit-ethernet-switches-vs-alternatives,2.5GbE vs 10GbE Switch: Which Upgrade Makes Sense?,included,"September 4, 2026",34,,,,,zero-impression,,,"Inspect index status, canonical, age, duplication, and keyword demand; then retarget, merge, or keep only when the page has a distinct job.",quadruple-expansion-content.ts:generated
network,guide,https://network.madabase.com/guides/travel-router-vpn-guide,"Travel Router Use Cases: Hotels, Rentals, RVs and VPNs",included,"June 25, 2026",105,,,,,zero-impression,,,"Inspect index status, canonical, age, duplication, and keyword demand; then retarget, merge, or keep only when the page has a distinct job.",network-content.ts:707
network,guide,https://network.madabase.com/guides/usb-c-ethernet-adapter-guide,USB-C Ethernet Adapter vs Dock: What to Buy for a Laptop,included,"July 23, 2026",77,,,,,zero-impression,,implemented,"Inspect index status, canonical, age, duplication, and keyword demand; then retarget, merge, or keep only when the page has a distinct job.",network-content.ts:693
network,guide,https://network.madabase.com/guides/usb-c-ethernet-adapters-vs-alternatives,USB-C Ethernet Adapters vs. internal network interface cards,included,"August 9, 2026",60,,,,,zero-impression,,,"Inspect index status, canonical, age, duplication, and keyword demand; then retarget, merge, or keep only when the page has a distinct job.",quadruple-expansion-content.ts:generated
network,guide,https://network.madabase.com/guides/usb-print-servers-buying-guide,"USB Print Server Buying Guide: Printer Language, Drivers, and Network Fit",included,"August 11, 2026",58,,,,,zero-impression,long-title,,"Inspect index status, canonical, age, duplication, and keyword demand; then retarget, merge, or keep only when the page has a distinct job.",broad-product-pilot-3-content.ts:258
network,guide,https://network.madabase.com/guides/usb-wifi-adapters-buying-guide,USB Wi-Fi Adapter vs PCIe Card: Which Is Better?,included,"September 4, 2026",34,,,,,zero-impression,,,"Inspect index status, canonical, age, duplication, and keyword demand; then retarget, merge, or keep only when the page has a distinct job.",quadruple-expansion-content.ts:generated
network,guide,https://network.madabase.com/guides/vpn-gateways-buying-guide,Dedicated VPN Gateways Buying Guide,included,"August 9, 2026",60,,,,,zero-impression,,,"Inspect index status, canonical, age, duplication, and keyword demand; then retarget, merge, or keep only when the page has a distinct job.",quadruple-expansion-content.ts:generated
network,guide,https://network.madabase.com/guides/wall-plate-access-points-buying-guide,"Wall-plate Wi-Fi access points: Fit, Trade-offs & Buying Guide",included,"August 13, 2026",56,,,,,zero-impression,,,"Inspect index status, canonical, age, duplication, and keyword demand; then retarget, merge, or keep only when the page has a distinct job.",breadth-draft-120-plus-content.ts:generated
network,guide,https://network.madabase.com/guides/waterproof-rj45-couplers-buying-guide,"Waterproof RJ45 couplers: Fit, Trade-offs & Buying Guide",included,"August 13, 2026",56,,,,,zero-impression,,,"Inspect index status, canonical, age, duplication, and keyword demand; then retarget, merge, or keep only when the page has a distinct job.",breadth-draft-120-plus-content.ts:generated
network,guide,https://network.madabase.com/guides/wifi-7-device-compatibility-checklist,Wi-Fi 7 Device Compatibility Checklist,included,"July 1, 2026",99,,,,,zero-impression,,,"Inspect index status, canonical, age, duplication, and keyword demand; then retarget, merge, or keep only when the page has a distinct job.",expansion-guides.ts:403
network,guide,https://network.madabase.com/guides/wifi-7-vs-wifi-6-guide,Wi-Fi 7 vs Wi-Fi 6: Is the Upgrade Worth It for Home Internet?,included,"August 20, 2026",49,,,,,zero-impression,,,"Inspect index status, canonical, age, duplication, and keyword demand; then retarget, merge, or keep only when the page has a distinct job.",network-content.ts:604
network,guide,https://network.madabase.com/guides/wifi-range-extenders-vs-alternatives,Wi-Fi Range Extenders vs. mesh nodes or wired access points,included,"August 9, 2026",60,,,,,zero-impression,,,"Inspect index status, canonical, age, duplication, and keyword demand; then retarget, merge, or keep only when the page has a distinct job.",quadruple-expansion-content.ts:generated
network,guide,https://network.madabase.com/guides/wired-vs-wireless-mesh-backhaul-guide,Wired vs Wireless Mesh Backhaul: When Ethernet Between Nodes Is Worth It,included,"June 28, 2026",102,,,,,zero-impression,,,"Inspect index status, canonical, age, duplication, and keyword demand; then retarget, merge, or keep only when the page has a distinct job.",expansion-guides.ts:109
network,guide,https://network.madabase.com/guides/xfinity-gateway-bridge-mode-vs-own-router-guide,Xfinity Gateway Bridge Mode vs Buying Your Own Router,included,"July 28, 2026",72,,,,,zero-impression,,implemented,"Inspect index status, canonical, age, duplication, and keyword demand; then retarget, merge, or keep only when the page has a distinct job.",network-accessory-expansion-content.ts:566
network,product,https://network.madabase.com/reviews/apc-back-ups-router-modem-bundle,"APC BE850G2 Guide: Router, ONT and NAS Backup",included,"July 22, 2026",78,,,,,zero-impression,,,"Inspect index status, canonical, age, duplication, and keyword demand; then retarget, merge, or keep only when the page has a distinct job.",network-ups-content.ts:8
network,product,https://network.madabase.com/reviews/apc-be600m1-router-ups,APC BE600M1 Guide: Small Router and Modem UPS,included,"August 6, 2026",63,,,,,zero-impression,,implemented,"Inspect index status, canonical, age, duplication, and keyword demand; then retarget, merge, or keep only when the page has a distinct job.",network-ups-content.ts:111
network,product,https://network.madabase.com/reviews/arris-surfboard-s33-cable-modem,ARRIS SURFboard S33 Guide: 2.5GbE Cable Modem Buying Notes,included,"July 9, 2026",91,,,,,zero-impression,implicit-evidence-mode,,"Inspect index status, canonical, age, duplication, and keyword demand; then retarget, merge, or keep only when the page has a distinct job.",network-accessory-expansion-content.ts:6
network,product,https://network.madabase.com/reviews/asus-rt-be86u-wifi-7-gaming-router,"ASUS RT-BE86U Guide: Dual-Band Wi-Fi 7, 10G & 2.5G Ports",included,"July 26, 2026",74,,,,,zero-impression,,,"Inspect index status, canonical, age, duplication, and keyword demand; then retarget, merge, or keep only when the page has a distinct job.",network-content.ts:252
network,product,https://network.madabase.com/reviews/asus-zenwifi-bt6-wifi-7-mesh,ASUS ZenWiFi BT6 Guide: Wi-Fi 7 Mesh vs. Deco BE63,included,"July 28, 2026",72,,,,,zero-impression,implicit-evidence-mode,implemented,"Inspect index status, canonical, age, duplication, and keyword demand; then retarget, merge, or keep only when the page has a distinct job.",commercial-expansion-content.ts:70
network,product,https://network.madabase.com/reviews/cyberpower-sl700u-router-ups,CyberPower SL700U Guide: Slim Router UPS Tradeoffs,included,"July 22, 2026",78,,,,,zero-impression,,,"Inspect index status, canonical, age, duplication, and keyword demand; then retarget, merge, or keep only when the page has a distinct job.",network-ups-content.ts:214
network,product,https://network.madabase.com/reviews/glinet-beryl-ax-travel-router,"GL.iNet Beryl AX Guide: Ports, VPN Speed & Travel Setup",included,"July 26, 2026",74,,,,,zero-impression,,,"Inspect index status, canonical, age, duplication, and keyword demand; then retarget, merge, or keep only when the page has a distinct job.",network-content.ts:290
network,product,https://network.madabase.com/reviews/hitron-coda56-cable-modem,Hitron CODA56 Guide: Budget 2.5GbE DOCSIS 3.1 Modem,included,"July 9, 2026",91,,,,,zero-impression,implicit-evidence-mode,,"Inspect index status, canonical, age, duplication, and keyword demand; then retarget, merge, or keep only when the page has a distinct job.",network-accessory-expansion-content.ts:106
network,product,https://network.madabase.com/reviews/motorola-mb8611-cable-modem,"Motorola MB8611 Guide: DOCSIS 3.1, 2.5GbE & ISP Fit",included,"July 9, 2026",91,,,,,zero-impression,implicit-evidence-mode,,"Inspect index status, canonical, age, duplication, and keyword demand; then retarget, merge, or keep only when the page has a distinct job.",network-accessory-expansion-content.ts:56
network,product,https://network.madabase.com/reviews/netgear-gs308e-gigabit-switch,"NETGEAR GS308E Guide: VLANs, QoS & Hardware Version Checks",included,"June 30, 2026",100,,,,,zero-impression,implicit-evidence-mode,,"Inspect index status, canonical, age, duplication, and keyword demand; then retarget, merge, or keep only when the page has a distinct job.",network-content.ts:360
network,product,https://network.madabase.com/reviews/netgear-gs308epp-poe-switch,NETGEAR GS308EPP Guide: 8-Port PoE+ Switch Buying Guide,included,"July 9, 2026",91,,,,,zero-impression,implicit-evidence-mode,,"Inspect index status, canonical, age, duplication, and keyword demand; then retarget, merge, or keep only when the page has a distinct job.",network-poe-expansion-content.ts:110
network,product,https://network.madabase.com/reviews/netgear-ms305-2-5g-switch,NETGEAR MS305 Guide: Compact 5-Port 2.5G Fanless Switch,included,"July 21, 2026",79,,,,,zero-impression,,,"Inspect index status, canonical, age, duplication, and keyword demand; then retarget, merge, or keep only when the page has a distinct job.",network-switch-cluster-content.ts:119
network,product,https://network.madabase.com/reviews/reolink-rla-ps1-poe-switch,Reolink RLA-PS1 Guide: PoE Switch for Camera Systems,included,"July 9, 2026",91,,,,,zero-impression,implicit-evidence-mode,,"Inspect index status, canonical, age, duplication, and keyword demand; then retarget, merge, or keep only when the page has a distinct job.",network-poe-expansion-content.ts:158
network,product,https://network.madabase.com/reviews/sabrent-nt-25ga-2-5g-usb-c-ethernet-adapter,Sabrent NT-25GA Guide: 2.5GbE USB-C Adapter Buying Notes,included,"July 9, 2026",91,,,,,zero-impression,implicit-evidence-mode,,"Inspect index status, canonical, age, duplication, and keyword demand; then retarget, merge, or keep only when the page has a distinct job.",network-accessory-expansion-content.ts:255
network,product,https://network.madabase.com/reviews/screenbeam-ecb7250k02-moca-2-5-adapter-kit,ScreenBeam ECB7250K02 Guide: MoCA 2.5 Over Coax Starter Kit,included,"July 9, 2026",91,,,,,zero-impression,implicit-evidence-mode,,"Inspect index status, canonical, age, duplication, and keyword demand; then retarget, merge, or keep only when the page has a distinct job.",network-accessory-expansion-content.ts:304
network,product,https://network.madabase.com/reviews/tp-link-tl-sg1005p-poe-switch,TP-Link TL-SG1005P Guide: 5-Port PoE Switch Buying Notes,included,"July 28, 2026",72,,,,,zero-impression,implicit-evidence-mode,implemented,"Inspect index status, canonical, age, duplication, and keyword demand; then retarget, merge, or keep only when the page has a distinct job.",network-poe-expansion-content.ts:8
network,product,https://network.madabase.com/reviews/tp-link-tl-sg105-m2-2-5g-switch,TP-Link TL-SG105-M2 Guide: 5-Port 2.5G Switch & Version Risks,included,"August 6, 2026",63,,,,,zero-impression,,implemented,"Inspect index status, canonical, age, duplication, and keyword demand; then retarget, merge, or keep only when the page has a distinct job.",network-switch-cluster-content.ts:8
network,product,https://network.madabase.com/reviews/tp-link-tl-sg108pe-poe-switch,TP-Link TL-SG108PE Guide: Easy Smart PoE Switch Guide,included,"July 9, 2026",91,,,,,zero-impression,implicit-evidence-mode,,"Inspect index status, canonical, age, duplication, and keyword demand; then retarget, merge, or keep only when the page has a distinct job.",network-poe-expansion-content.ts:59
network,product,https://network.madabase.com/reviews/trendnet-teg-s350-2-5g-switch,TRENDnet TEG-S350 Guide: 5-Port 2.5G Switch Buying Notes,included,"August 6, 2026",63,,,,,zero-impression,implicit-evidence-mode,implemented,"Inspect index status, canonical, age, duplication, and keyword demand; then retarget, merge, or keep only when the page has a distinct job.",network-accessory-expansion-content.ts:156
network,product,https://network.madabase.com/reviews/trendnet-teg-s380-2-5g-switch,"TRENDnet TEG-S380 Guide: 8-Port 2.5G Switch, Versions & Bottlenecks",included,"August 6, 2026",63,,,,,zero-impression,implicit-evidence-mode,implemented,"Inspect index status, canonical, age, duplication, and keyword demand; then retarget, merge, or keep only when the page has a distinct job.",verified-affiliate-batch-content.ts:331
network,product,https://network.madabase.com/reviews/trendnet-teg-s750-10gbe-switch,TRENDnet TEG-S750 Guide: 5-Port 10GbE Without a Fan,soft-launch-excluded,"August 21, 2026",48,,,,,zero-impression,,,"Inspect index status, canonical, age, duplication, and keyword demand; then retarget, merge, or keep only when the page has a distinct job.",product-expansion-pilot-20260821-content.ts:16
network,tool,https://network.madabase.com/tools/mesh-node-and-backhaul-planner,Mesh Node and Backhaul Planner,included,"July 26, 2026",74,,,,,zero-impression,,,"Inspect index status, canonical, age, duplication, and keyword demand; then retarget, merge, or keep only when the page has a distinct job.",topic-cluster-content.ts:478
network,tool,https://network.madabase.com/tools/wifi-coverage-estimator,Wi-Fi Coverage Estimator for Router and Mesh Nodes,included,"July 26, 2026",74,,,,,zero-impression,,,"Inspect index status, canonical, age, duplication, and keyword demand; then retarget, merge, or keep only when the page has a distinct job.",network-content.ts:725
pet,roundup,https://pets.madabase.com/best/best-automatic-cat-feeders,Automatic Cat Feeders for Consistent Meals,included,"June 21, 2026",109,,,,,zero-impression,,,"Inspect index status, canonical, age, duplication, and keyword demand; then retarget, merge, or keep only when the page has a distinct job.",content.ts:1474
pet,roundup,https://pets.madabase.com/best/best-pet-cameras-for-apartments,Pet Cameras for Apartments,included,"June 21, 2026",109,,,,,zero-impression,weak-title,,"Inspect index status, canonical, age, duplication, and keyword demand; then retarget, merge, or keep only when the page has a distinct job.",content.ts:1497
pet,roundup,https://pets.madabase.com/best/best-pet-odor-and-litter-upgrades,Pet Odor and Litter Upgrades for Apartments,included,"June 22, 2026",108,,,,,zero-impression,,,"Inspect index status, canonical, age, duplication, and keyword demand; then retarget, merge, or keep only when the page has a distinct job.",content.ts:1520
pet,roundup,https://pets.madabase.com/best/coway-mighty2-vs-shark-neverchange-max,Coway Mighty2 vs. Shark NeverChange MAX,included,"July 1, 2026",99,,,,,zero-impression,,,"Inspect index status, canonical, age, duplication, and keyword demand; then retarget, merge, or keep only when the page has a distinct job.",commercial-expansion-content.ts:603
pet,roundup,https://pets.madabase.com/best/coway-mighty2-vs-winix-5510-vs-levoit-vital-200s,Levoit Vital 200S vs Coway Mighty2 vs Winix 5510,included,"July 23, 2026",77,,,,,zero-impression,,implemented,"Inspect index status, canonical, age, duplication, and keyword demand; then retarget, merge, or keep only when the page has a distinct job.",commercial-expansion-content.ts:524
pet,roundup,https://pets.madabase.com/best/furbo-360-vs-wyze-cam-pan-v3-for-pets,Furbo 360 vs Wyze Cam Pan v3: Pet Camera or Budget Pan Cam?,included,"July 16, 2026",84,,,,,zero-impression,,,"Inspect index status, canonical, age, duplication, and keyword demand; then retarget, merge, or keep only when the page has a distinct job.",aggressive-portfolio-expansion-content.ts:121
pet,roundup,https://pets.madabase.com/best/petlibro-one-rfid-vs-granary-smart-feeder,PETLIBRO One RFID vs Granary: Access Control or Simple Scheduling?,included,"July 28, 2026",72,,,,,zero-impression,,implemented,"Inspect index status, canonical, age, duplication, and keyword demand; then retarget, merge, or keep only when the page has a distinct job.",verified-affiliate-batch-content.ts:537
pet,guide,https://pets.madabase.com/guides/air-purifier-pet-hair-dander-odor-guide,"Air Purifier Guide for Pet Hair, Dander and Odor",included,"July 1, 2026",99,,,,,zero-impression,,,"Inspect index status, canonical, age, duplication, and keyword demand; then retarget, merge, or keep only when the page has a distinct job.",adjacent-expansion-content.ts:875
pet,guide,https://pets.madabase.com/guides/air-purifier-pet-odor-source-control-guide,Air Purifier for Pet Odor vs. Source Control,included,"July 1, 2026",99,,,,,zero-impression,,,"Inspect index status, canonical, age, duplication, and keyword demand; then retarget, merge, or keep only when the page has a distinct job.",expansion-guides.ts:493
pet,guide,https://pets.madabase.com/guides/airline-dog-crates-buying-guide,"Airline dog crates Buying Guide: Sizing, Setup, and Safe Use",included,"August 13, 2026",56,,,,,zero-impression,,,"Inspect index status, canonical, age, duplication, and keyword demand; then retarget, merge, or keep only when the page has a distinct job.",breadth-draft-120-plus-content.ts:generated
pet,guide,https://pets.madabase.com/guides/airtag-pet-collar-holders-setup-and-daily-workflow,AirTag Pet Collar Holders: Setup and Daily Workflow,included,"August 9, 2026",60,,,,,zero-impression,,,"Inspect index status, canonical, age, duplication, and keyword demand; then retarget, merge, or keep only when the page has a distinct job.",quadruple-expansion-content.ts:generated
pet,guide,https://pets.madabase.com/guides/apartment-litter-odor-control-guide,Apartment Litter Odor Control Guide,included,"June 28, 2026",102,,,,,zero-impression,,,"Inspect index status, canonical, age, duplication, and keyword demand; then retarget, merge, or keep only when the page has a distinct job.",content.ts:1928
pet,guide,https://pets.madabase.com/guides/aquarium-air-pumps-buying-guide,"Aquarium air pumps Buying Guide: Sizing, Setup, and Safe Use",included,"August 13, 2026",56,,,,,zero-impression,,,"Inspect index status, canonical, age, duplication, and keyword demand; then retarget, merge, or keep only when the page has a distinct job.",breadth-draft-120-plus-content.ts:generated
pet,guide,https://pets.madabase.com/guides/aquarium-canister-filters-buying-guide,"Aquarium canister filters Buying Guide: Sizing, Setup, and Safe Use",included,"August 13, 2026",56,,,,,zero-impression,,,"Inspect index status, canonical, age, duplication, and keyword demand; then retarget, merge, or keep only when the page has a distinct job.",breadth-draft-120-plus-content.ts:generated
pet,guide,https://pets.madabase.com/guides/aquarium-heaters-buying-guide,"Aquarium heaters Buying Guide: Sizing, Setup, and Safe Use",included,"August 13, 2026",56,,,,,zero-impression,,,"Inspect index status, canonical, age, duplication, and keyword demand; then retarget, merge, or keep only when the page has a distinct job.",breadth-draft-120-plus-content.ts:generated
pet,guide,https://pets.madabase.com/guides/aquarium-led-lights-buying-guide,"Aquarium LED lights Buying Guide: Sizing, Setup, and Safe Use",included,"August 13, 2026",56,,,,,zero-impression,,,"Inspect index status, canonical, age, duplication, and keyword demand; then retarget, merge, or keep only when the page has a distinct job.",breadth-draft-120-plus-content.ts:generated
pet,guide,https://pets.madabase.com/guides/aquarium-water-monitors-setup-and-daily-workflow,Aquarium Water Monitors: Setup and Daily Workflow,included,"August 9, 2026",60,,,,,zero-impression,,,"Inspect index status, canonical, age, duplication, and keyword demand; then retarget, merge, or keep only when the page has a distinct job.",quadruple-expansion-content.ts:generated
pet,guide,https://pets.madabase.com/guides/automatic-aquarium-feeders-setup-and-daily-workflow,Automatic Aquarium Feeders: Setup and Daily Workflow,included,"August 9, 2026",60,,,,,zero-impression,,,"Inspect index status, canonical, age, duplication, and keyword demand; then retarget, merge, or keep only when the page has a distinct job.",quadruple-expansion-content.ts:generated
pet,guide,https://pets.madabase.com/guides/automatic-ball-launchers-buying-guide,Automatic Ball Launchers Buying Guide,included,"August 9, 2026",60,,,,,zero-impression,,,"Inspect index status, canonical, age, duplication, and keyword demand; then retarget, merge, or keep only when the page has a distinct job.",quadruple-expansion-content.ts:generated
pet,guide,https://pets.madabase.com/guides/automatic-feeder-buying-guide,How to Choose an Automatic Pet Feeder,included,"July 28, 2026",72,,,,,zero-impression,,implemented,"Inspect index status, canonical, age, duplication, and keyword demand; then retarget, merge, or keep only when the page has a distinct job.",content.ts:1897
pet,guide,https://pets.madabase.com/guides/automatic-feeder-cleaning-checklist,Automatic Pet Feeder Cleaning Checklist,included,"July 28, 2026",72,,,,,zero-impression,,implemented,"Inspect index status, canonical, age, duplication, and keyword demand; then retarget, merge, or keep only when the page has a distinct job.",expansion-guides.ts:187
pet,guide,https://pets.madabase.com/guides/automatic-feeder-portion-size-guide,Automatic Feeder Portion Size Guide,included,"July 28, 2026",72,,,,,zero-impression,,implemented,"Inspect index status, canonical, age, duplication, and keyword demand; then retarget, merge, or keep only when the page has a distinct job.",content.ts:1973
pet,guide,https://pets.madabase.com/guides/automatic-litter-box-accessories-cost-guide,Automatic Litter Box Accessories and Annual Cost Guide,included,"August 8, 2026",61,,,,,zero-impression,,,"Inspect index status, canonical, age, duplication, and keyword demand; then retarget, merge, or keep only when the page has a distinct job.",second-round-august-2026-content.ts:479
pet,guide,https://pets.madabase.com/guides/cat-exercise-wheels-buying-guide,"Cat exercise wheels Buying Guide: Sizing, Setup, and Safe Use",included,"August 13, 2026",56,,,,,zero-impression,,,"Inspect index status, canonical, age, duplication, and keyword demand; then retarget, merge, or keep only when the page has a distinct job.",breadth-draft-120-plus-content.ts:generated
pet,guide,https://pets.madabase.com/guides/cat-fountain-filter-replacement-guide,Cat Fountain Filter Replacement Guide,included,"June 25, 2026",105,,,,,zero-impression,,,"Inspect index status, canonical, age, duplication, and keyword demand; then retarget, merge, or keep only when the page has a distinct job.",content.ts:2012
pet,guide,https://pets.madabase.com/guides/cat-gps-trackers-setup-and-daily-workflow,Cat GPS Trackers: Setup and Daily Workflow,included,"August 9, 2026",60,,,,,zero-impression,,,"Inspect index status, canonical, age, duplication, and keyword demand; then retarget, merge, or keep only when the page has a distinct job.",quadruple-expansion-content.ts:generated
pet,guide,https://pets.madabase.com/guides/cat-grooming-gloves-buying-guide,"Cat grooming gloves Buying Guide: Sizing, Setup, and Safe Use",included,"August 13, 2026",56,,,,,zero-impression,,,"Inspect index status, canonical, age, duplication, and keyword demand; then retarget, merge, or keep only when the page has a distinct job.",breadth-draft-120-plus-content.ts:generated
pet,guide,https://pets.madabase.com/guides/cat-litter-disposal-systems-buying-guide,"Cat litter disposal systems Buying Guide: Sizing, Setup, and Safe Use",included,"August 13, 2026",56,,,,,zero-impression,,,"Inspect index status, canonical, age, duplication, and keyword demand; then retarget, merge, or keep only when the page has a distinct job.",breadth-draft-120-plus-content.ts:generated
pet,guide,https://pets.madabase.com/guides/cat-litter-enclosures-buying-guide,"Cat litter box enclosures Buying Guide: Sizing, Setup, and Safe Use",included,"August 13, 2026",56,,,,,zero-impression,,,"Inspect index status, canonical, age, duplication, and keyword demand; then retarget, merge, or keep only when the page has a distinct job.",breadth-draft-120-plus-content.ts:generated
pet,guide,https://pets.madabase.com/guides/cat-litter-mats-compatibility-and-fit-guide,Cat Litter Mats: Compatibility and Fit Guide,included,"August 9, 2026",60,,,,,zero-impression,,,"Inspect index status, canonical, age, duplication, and keyword demand; then retarget, merge, or keep only when the page has a distinct job.",quadruple-expansion-content.ts:generated
pet,guide,https://pets.madabase.com/guides/cat-play-tunnels-buying-guide,"Cat play tunnels Buying Guide: Sizing, Setup, and Safe Use",included,"August 13, 2026",56,,,,,zero-impression,,,"Inspect index status, canonical, age, duplication, and keyword demand; then retarget, merge, or keep only when the page has a distinct job.",breadth-draft-120-plus-content.ts:generated
pet,guide,https://pets.madabase.com/guides/cat-scratching-posts-buying-guide,"Cat Scratching Post Buying Guide: Height, Stability, and Surface",included,"August 11, 2026",58,,,,,zero-impression,,,"Inspect index status, canonical, age, duplication, and keyword demand; then retarget, merge, or keep only when the page has a distinct job.",broad-product-pilot-3-content.ts:1295
pet,guide,https://pets.madabase.com/guides/cat-trees-and-towers-buying-guide,"Cat Tree and Tower Buying Guide: Stability, Perch Size, Scratching, and Placement",included,"August 10, 2026",59,,,,,zero-impression,long-title,,"Inspect index status, canonical, age, duplication, and keyword demand; then retarget, merge, or keep only when the page has a distinct job.",broad-product-pilot-content.ts:725
pet,guide,https://pets.madabase.com/guides/cat-wall-shelves-buying-guide,"Cat wall shelves Buying Guide: Sizing, Setup, and Safe Use",included,"August 13, 2026",56,,,,,zero-impression,,,"Inspect index status, canonical, age, duplication, and keyword demand; then retarget, merge, or keep only when the page has a distinct job.",breadth-draft-120-plus-content.ts:generated
pet,guide,https://pets.madabase.com/guides/cat-water-fountain-buying-guide,Cat Water Fountain Buying Guide,included,"July 23, 2026",77,,,,,zero-impression,,implemented,"Inspect index status, canonical, age, duplication, and keyword demand; then retarget, merge, or keep only when the page has a distinct job.",content.ts:1944
pet,guide,https://pets.madabase.com/guides/cat-window-perches-buying-guide,"Cat window perches Buying Guide: Sizing, Setup, and Safe Use",included,"August 13, 2026",56,,,,,zero-impression,,,"Inspect index status, canonical, age, duplication, and keyword demand; then retarget, merge, or keep only when the page has a distinct job.",breadth-draft-120-plus-content.ts:generated
pet,guide,https://pets.madabase.com/guides/ceramic-pet-fountains-buying-guide,"Ceramic pet fountains Buying Guide: Sizing, Setup, and Safe Use",included,"August 13, 2026",56,,,,,zero-impression,,,"Inspect index status, canonical, age, duplication, and keyword demand; then retarget, merge, or keep only when the page has a distinct job.",breadth-draft-120-plus-content.ts:generated
pet,guide,https://pets.madabase.com/guides/collapsible-travel-pet-bowls-buying-guide,"Collapsible travel pet bowls Buying Guide: Sizing, Setup, and Safe Use",included,"August 13, 2026",56,,,,,zero-impression,,,"Inspect index status, canonical, age, duplication, and keyword demand; then retarget, merge, or keep only when the page has a distinct job.",breadth-draft-120-plus-content.ts:generated
pet,guide,https://pets.madabase.com/guides/collapsible-wire-dog-crates-buying-guide,"Collapsible Wire Dog Crate Buying Guide: Size, Door Path, Divider, and Safe Setup",included,"August 10, 2026",59,,,,,zero-impression,long-title,,"Inspect index status, canonical, age, duplication, and keyword demand; then retarget, merge, or keep only when the page has a distinct job.",broad-product-pilot-content.ts:668
pet,guide,https://pets.madabase.com/guides/cooling-pet-beds-setup-and-daily-workflow,Cooling Pet Beds: Setup and Daily Workflow,included,"August 9, 2026",60,,,,,zero-impression,,,"Inspect index status, canonical, age, duplication, and keyword demand; then retarget, merge, or keep only when the page has a distinct job.",quadruple-expansion-content.ts:generated
pet,guide,https://pets.madabase.com/guides/covered-self-cleaning-litter-boxes-buying-guide,"Covered self-cleaning litter boxes: Fit, Trade-offs & Buying Guide",included,"August 13, 2026",56,,,,,zero-impression,,,"Inspect index status, canonical, age, duplication, and keyword demand; then retarget, merge, or keep only when the page has a distinct job.",breadth-draft-120-plus-content.ts:generated
pet,guide,https://pets.madabase.com/guides/deshedding-brushes-vs-alternatives,Deshedding Brush vs Undercoat Rake: Which Tool Fits?,included,"September 4, 2026",34,,,,,zero-impression,,,"Inspect index status, canonical, age, duplication, and keyword demand; then retarget, merge, or keep only when the page has a distinct job.",quadruple-expansion-content.ts:generated
pet,guide,https://pets.madabase.com/guides/dog-activity-collars-buying-guide,Dog Activity Collars Buying Guide,included,"August 9, 2026",60,,,,,zero-impression,,,"Inspect index status, canonical, age, duplication, and keyword demand; then retarget, merge, or keep only when the page has a distinct job.",quadruple-expansion-content.ts:generated
pet,guide,https://pets.madabase.com/guides/dog-backpacks-buying-guide,"Dog backpacks Buying Guide: Sizing, Setup, and Safe Use",included,"August 13, 2026",56,,,,,zero-impression,,,"Inspect index status, canonical, age, duplication, and keyword demand; then retarget, merge, or keep only when the page has a distinct job.",breadth-draft-120-plus-content.ts:generated
pet,guide,https://pets.madabase.com/guides/dog-bath-sprayers-buying-guide,"Dog bath sprayers Buying Guide: Sizing, Setup, and Safe Use",included,"August 13, 2026",56,,,,,zero-impression,,,"Inspect index status, canonical, age, duplication, and keyword demand; then retarget, merge, or keep only when the page has a distinct job.",breadth-draft-120-plus-content.ts:generated
pet,guide,https://pets.madabase.com/guides/dog-bed-for-small-apartment-guide,How to Pick a Dog Bed for a Small Apartment,included,"June 23, 2026",107,,,,,zero-impression,,,"Inspect index status, canonical, age, duplication, and keyword demand; then retarget, merge, or keep only when the page has a distinct job.",content.ts:1958
pet,guide,https://pets.madabase.com/guides/dog-bicycle-baskets-buying-guide,"Dog bicycle baskets Buying Guide: Sizing, Setup, and Safe Use",included,"August 13, 2026",56,,,,,zero-impression,,,"Inspect index status, canonical, age, duplication, and keyword demand; then retarget, merge, or keep only when the page has a distinct job.",breadth-draft-120-plus-content.ts:generated
pet,guide,https://pets.madabase.com/guides/dog-bike-trailers-buying-guide,"Dog bike trailers Buying Guide: Sizing, Setup, and Safe Use",included,"August 13, 2026",56,,,,,zero-impression,,,"Inspect index status, canonical, age, duplication, and keyword demand; then retarget, merge, or keep only when the page has a distinct job.",breadth-draft-120-plus-content.ts:generated
pet,guide,https://pets.madabase.com/guides/dog-boots-buying-guide,"Dog boots Buying Guide: Sizing, Setup, and Safe Use",included,"August 13, 2026",56,,,,,zero-impression,,,"Inspect index status, canonical, age, duplication, and keyword demand; then retarget, merge, or keep only when the page has a distinct job.",breadth-draft-120-plus-content.ts:generated
pet,guide,https://pets.madabase.com/guides/dog-car-seat-covers-buying-guide,"Dog Car Seat Cover Buying Guide: Seat Fit, Anchors, and Restraint Access",included,"August 11, 2026",58,,,,,zero-impression,,,"Inspect index status, canonical, age, duplication, and keyword demand; then retarget, merge, or keep only when the page has a distinct job.",broad-product-pilot-3-content.ts:1160
pet,guide,https://pets.madabase.com/guides/dog-cooling-bandanas-buying-guide,"Dog cooling bandanas Buying Guide: Sizing, Setup, and Safe Use",included,"August 13, 2026",56,,,,,zero-impression,,,"Inspect index status, canonical, age, duplication, and keyword demand; then retarget, merge, or keep only when the page has a distinct job.",breadth-draft-120-plus-content.ts:generated
pet,guide,https://pets.madabase.com/guides/dog-cooling-vests-buying-guide,"Dog Cooling Vest Guide: Fit, Evaporation, and Heat-Safety Limits",included,"August 11, 2026",58,,,,,zero-impression,,,"Inspect index status, canonical, age, duplication, and keyword demand; then retarget, merge, or keep only when the page has a distinct job.",broad-product-pilot-3-content.ts:1385
pet,guide,https://pets.madabase.com/guides/dog-exercise-pens-buying-guide,"Dog Exercise Pen Buying Guide: Height, Footprint, Anchoring, and Supervision",included,"August 10, 2026",59,,,,,zero-impression,long-title,,"Inspect index status, canonical, age, duplication, and keyword demand; then retarget, merge, or keep only when the page has a distinct job.",broad-product-pilot-2-content.ts:589
pet,guide,https://pets.madabase.com/guides/dog-life-jackets-buying-guide,"Dog Life Jacket Buying Guide: Wet Fit, Buoyancy, Visibility, and Rescue Handles",included,"August 10, 2026",59,,,,,zero-impression,long-title,,"Inspect index status, canonical, age, duplication, and keyword demand; then retarget, merge, or keep only when the page has a distinct job.",broad-product-pilot-2-content.ts:646
pet,guide,https://pets.madabase.com/guides/dog-paw-washers-buying-guide,"Dog paw washers Buying Guide: Sizing, Setup, and Safe Use",included,"August 13, 2026",56,,,,,zero-impression,,,"Inspect index status, canonical, age, duplication, and keyword demand; then retarget, merge, or keep only when the page has a distinct job.",breadth-draft-120-plus-content.ts:generated
pet,guide,https://pets.madabase.com/guides/dog-raincoats-buying-guide,"Dog raincoats Buying Guide: Sizing, Setup, and Safe Use",included,"August 13, 2026",56,,,,,zero-impression,,,"Inspect index status, canonical, age, duplication, and keyword demand; then retarget, merge, or keep only when the page has a distinct job.",breadth-draft-120-plus-content.ts:generated
pet,guide,https://pets.madabase.com/guides/dog-ramps-vs-alternatives,Dog Ramp vs Pet Stairs: Which Is Safer for Your Dog?,included,"September 4, 2026",34,,,,,zero-impression,,,"Inspect index status, canonical, age, duplication, and keyword demand; then retarget, merge, or keep only when the page has a distinct job.",quadruple-expansion-content.ts:generated
pet,guide,https://pets.madabase.com/guides/elevated-dog-bowls-buying-guide,"Elevated dog bowls Buying Guide: Sizing, Setup, and Safe Use",included,"August 13, 2026",56,,,,,zero-impression,,,"Inspect index status, canonical, age, duplication, and keyword demand; then retarget, merge, or keep only when the page has a distinct job.",breadth-draft-120-plus-content.ts:generated
pet,guide,https://pets.madabase.com/guides/furbo-360-placement-height-and-wifi-guide,Furbo 360 Placement Height & Wi-Fi Guide,included,"July 23, 2026",77,,,,,zero-impression,,implemented,"Inspect index status, canonical, age, duplication, and keyword demand; then retarget, merge, or keep only when the page has a distinct job.",aggressive-portfolio-expansion-content.ts:454
pet,guide,https://pets.madabase.com/guides/furbo-360-treat-size-and-jam-guide,Furbo 360 Treat Size & Jam Prevention Guide,included,"July 16, 2026",84,,,,,zero-impression,,,"Inspect index status, canonical, age, duplication, and keyword demand; then retarget, merge, or keep only when the page has a distinct job.",aggressive-portfolio-expansion-content.ts:431
pet,guide,https://pets.madabase.com/guides/gravity-pet-waterers-buying-guide,"Gravity pet waterers Buying Guide: Sizing, Setup, and Safe Use",included,"August 13, 2026",56,,,,,zero-impression,,,"Inspect index status, canonical, age, duplication, and keyword demand; then retarget, merge, or keep only when the page has a distinct job.",breadth-draft-120-plus-content.ts:generated
pet,guide,https://pets.madabase.com/guides/hands-free-dog-leashes-buying-guide,"Hands-free dog leashes Buying Guide: Sizing, Setup, and Safe Use",included,"August 13, 2026",56,,,,,zero-impression,,,"Inspect index status, canonical, age, duplication, and keyword demand; then retarget, merge, or keep only when the page has a distinct job.",breadth-draft-120-plus-content.ts:generated
pet,guide,https://pets.madabase.com/guides/hard-sided-pet-carriers-buying-guide,"Hard-sided pet carriers Buying Guide: Sizing, Setup, and Safe Use",included,"August 13, 2026",56,,,,,zero-impression,,,"Inspect index status, canonical, age, duplication, and keyword demand; then retarget, merge, or keep only when the page has a distinct job.",breadth-draft-120-plus-content.ts:generated
pet,guide,https://pets.madabase.com/guides/interactive-puzzle-feeders-buying-guide,Interactive Puzzle Feeders Buying Guide,included,"August 9, 2026",60,,,,,zero-impression,,,"Inspect index status, canonical, age, duplication, and keyword demand; then retarget, merge, or keep only when the page has a distinct job.",quadruple-expansion-content.ts:generated
pet,guide,https://pets.madabase.com/guides/large-dog-water-fountains-vs-alternatives,Pet Water Fountain vs Water Bowl: Which Is Better?,included,"September 4, 2026",34,,,,,zero-impression,,,"Inspect index status, canonical, age, duplication, and keyword demand; then retarget, merge, or keep only when the page has a distinct job.",quadruple-expansion-content.ts:generated
pet,guide,https://pets.madabase.com/guides/levoit-vital-200s-p-filter-cost-and-maintenance,Levoit Vital 200S-P Filter Cost and Maintenance Guide,included,"July 23, 2026",77,,,,,zero-impression,,implemented,"Inspect index status, canonical, age, duplication, and keyword demand; then retarget, merge, or keep only when the page has a distinct job.",topic-cluster-content.ts:169
pet,guide,https://pets.madabase.com/guides/microchip-pet-doors-vs-alternatives,Microchip Pet Doors vs. collar-tag electronic doors,included,"August 9, 2026",60,,,,,zero-impression,,,"Inspect index status, canonical, age, duplication, and keyword demand; then retarget, merge, or keep only when the page has a distinct job.",quadruple-expansion-content.ts:generated
pet,guide,https://pets.madabase.com/guides/microchip-pet-feeders-buying-guide,Microchip Pet Feeders Buying Guide,included,"August 9, 2026",60,,,,,zero-impression,,,"Inspect index status, canonical, age, duplication, and keyword demand; then retarget, merge, or keep only when the page has a distinct job.",quadruple-expansion-content.ts:generated
pet,guide,https://pets.madabase.com/guides/microchip-pet-feeders-compatibility-and-fit-guide,Microchip Pet Feeders: Compatibility and Fit Guide,included,"August 9, 2026",60,,,,,zero-impression,,,"Inspect index status, canonical, age, duplication, and keyword demand; then retarget, merge, or keep only when the page has a distinct job.",quadruple-expansion-content.ts:generated
pet,guide,https://pets.madabase.com/guides/microchip-pet-feeders-ownership-cost-and-maintenance,Microchip Pet Feeders: Ownership Cost and Maintenance,included,"August 9, 2026",60,,,,,zero-impression,,,"Inspect index status, canonical, age, duplication, and keyword demand; then retarget, merge, or keep only when the page has a distinct job.",quadruple-expansion-content.ts:generated
pet,guide,https://pets.madabase.com/guides/microchip-pet-feeders-setup-and-daily-workflow,Microchip Pet Feeders: Setup and Daily Workflow,included,"August 9, 2026",60,,,,,zero-impression,,,"Inspect index status, canonical, age, duplication, and keyword demand; then retarget, merge, or keep only when the page has a distinct job.",quadruple-expansion-content.ts:generated
pet,guide,https://pets.madabase.com/guides/microchip-pet-feeders-vs-alternatives,Microchip Pet Feeders vs. RFID-tag feeders,included,"August 9, 2026",60,,,,,zero-impression,,,"Inspect index status, canonical, age, duplication, and keyword demand; then retarget, merge, or keep only when the page has a distinct job.",quadruple-expansion-content.ts:generated
pet,guide,https://pets.madabase.com/guides/motorized-smart-pet-doors-buying-guide,Motorized Smart Pet Doors Buying Guide,included,"August 9, 2026",60,,,,,zero-impression,,,"Inspect index status, canonical, age, duplication, and keyword demand; then retarget, merge, or keep only when the page has a distinct job.",quadruple-expansion-content.ts:generated
pet,guide,https://pets.madabase.com/guides/motorized-smart-pet-doors-compatibility-and-fit-guide,Motorized Smart Pet Doors: Compatibility and Fit Guide,included,"August 9, 2026",60,,,,,zero-impression,,,"Inspect index status, canonical, age, duplication, and keyword demand; then retarget, merge, or keep only when the page has a distinct job.",quadruple-expansion-content.ts:generated
pet,guide,https://pets.madabase.com/guides/motorized-smart-pet-doors-ownership-cost-and-maintenance,Motorized Smart Pet Doors: Ownership Cost and Maintenance,included,"August 9, 2026",60,,,,,zero-impression,,,"Inspect index status, canonical, age, duplication, and keyword demand; then retarget, merge, or keep only when the page has a distinct job.",quadruple-expansion-content.ts:generated
pet,guide,https://pets.madabase.com/guides/motorized-smart-pet-doors-setup-and-daily-workflow,Motorized Smart Pet Doors: Setup and Daily Workflow,included,"August 9, 2026",60,,,,,zero-impression,,,"Inspect index status, canonical, age, duplication, and keyword demand; then retarget, merge, or keep only when the page has a distinct job.",quadruple-expansion-content.ts:generated
pet,guide,https://pets.madabase.com/guides/motorized-smart-pet-doors-vs-alternatives,Motorized Smart Pet Doors vs. standard flap doors,included,"August 9, 2026",60,,,,,zero-impression,,,"Inspect index status, canonical, age, duplication, and keyword demand; then retarget, merge, or keep only when the page has a distinct job.",quadruple-expansion-content.ts:generated
pet,guide,https://pets.madabase.com/guides/no-pull-dog-harnesses-buying-guide,"No-pull dog harnesses Buying Guide: Sizing, Setup, and Safe Use",included,"August 13, 2026",56,,,,,zero-impression,,,"Inspect index status, canonical, age, duplication, and keyword demand; then retarget, merge, or keep only when the page has a distinct job.",breadth-draft-120-plus-content.ts:generated
pet,guide,https://pets.madabase.com/guides/open-top-self-cleaning-litter-boxes-buying-guide,Open-top self-cleaning Litter Boxes Buying Guide,included,"August 9, 2026",60,,,,,zero-impression,,,"Inspect index status, canonical, age, duplication, and keyword demand; then retarget, merge, or keep only when the page has a distinct job.",quadruple-expansion-content.ts:generated
pet,guide,https://pets.madabase.com/guides/open-top-self-cleaning-litter-boxes-compatibility-and-fit-guide,Open-top self-cleaning Litter Boxes: Compatibility and Fit Guide,included,"August 9, 2026",60,,,,,zero-impression,,,"Inspect index status, canonical, age, duplication, and keyword demand; then retarget, merge, or keep only when the page has a distinct job.",quadruple-expansion-content.ts:generated
pet,guide,https://pets.madabase.com/guides/open-top-self-cleaning-litter-boxes-ownership-cost-and-maintenance,Open-top self-cleaning Litter Boxes: Ownership Cost and Maintenance,included,"August 9, 2026",60,,,,,zero-impression,,,"Inspect index status, canonical, age, duplication, and keyword demand; then retarget, merge, or keep only when the page has a distinct job.",quadruple-expansion-content.ts:generated
pet,guide,https://pets.madabase.com/guides/open-top-self-cleaning-litter-boxes-setup-and-daily-workflow,Open-top self-cleaning Litter Boxes: Setup and Daily Workflow,included,"August 9, 2026",60,,,,,zero-impression,,,"Inspect index status, canonical, age, duplication, and keyword demand; then retarget, merge, or keep only when the page has a distinct job.",quadruple-expansion-content.ts:generated
pet,guide,https://pets.madabase.com/guides/open-top-self-cleaning-litter-boxes-vs-alternatives,Open-top self-cleaning Litter Boxes vs. enclosed automatic litter boxes,included,"August 9, 2026",60,,,,,zero-impression,,,"Inspect index status, canonical, age, duplication, and keyword demand; then retarget, merge, or keep only when the page has a distinct job.",quadruple-expansion-content.ts:generated
pet,guide,https://pets.madabase.com/guides/pet-air-purifier-one-year-cost-guide,Pet Air Purifier One-Year Cost Guide,included,"July 1, 2026",99,,,,,zero-impression,,,"Inspect index status, canonical, age, duplication, and keyword demand; then retarget, merge, or keep only when the page has a distinct job.",commercial-expansion-content.ts:648
pet,guide,https://pets.madabase.com/guides/pet-camera-without-too-many-subscriptions,How to Choose a Pet Camera Without Overpaying for Alerts,included,"June 23, 2026",107,,,,,zero-impression,,,"Inspect index status, canonical, age, duplication, and keyword demand; then retarget, merge, or keep only when the page has a distinct job.",content.ts:1913
pet,guide,https://pets.madabase.com/guides/pet-dryers-buying-guide,Pet Dryers Buying Guide,included,"August 9, 2026",60,,,,,zero-impression,weak-title,,"Inspect index status, canonical, age, duplication, and keyword demand; then retarget, merge, or keep only when the page has a distinct job.",quadruple-expansion-content.ts:generated
pet,guide,https://pets.madabase.com/guides/pet-dryers-compatibility-and-fit-guide,Pet Dryers: Compatibility and Fit Guide,included,"August 9, 2026",60,,,,,zero-impression,,,"Inspect index status, canonical, age, duplication, and keyword demand; then retarget, merge, or keep only when the page has a distinct job.",quadruple-expansion-content.ts:generated
pet,guide,https://pets.madabase.com/guides/pet-dryers-ownership-cost-and-maintenance,Pet Dryers: Ownership Cost and Maintenance,included,"August 9, 2026",60,,,,,zero-impression,,,"Inspect index status, canonical, age, duplication, and keyword demand; then retarget, merge, or keep only when the page has a distinct job.",quadruple-expansion-content.ts:generated
pet,guide,https://pets.madabase.com/guides/pet-dryers-setup-and-daily-workflow,Pet Dryers: Setup and Daily Workflow,included,"August 9, 2026",60,,,,,zero-impression,,,"Inspect index status, canonical, age, duplication, and keyword demand; then retarget, merge, or keep only when the page has a distinct job.",quadruple-expansion-content.ts:generated
pet,guide,https://pets.madabase.com/guides/pet-dryers-vs-alternatives,Pet Dryers vs. towels and human-safe low-airflow drying,included,"August 9, 2026",60,,,,,zero-impression,,,"Inspect index status, canonical, age, duplication, and keyword demand; then retarget, merge, or keep only when the page has a distinct job.",quadruple-expansion-content.ts:generated
pet,guide,https://pets.madabase.com/guides/pet-food-storage-containers-buying-guide,"Pet food storage containers Buying Guide: Sizing, Setup, and Safe Use",included,"August 13, 2026",56,,,,,zero-impression,,,"Inspect index status, canonical, age, duplication, and keyword demand; then retarget, merge, or keep only when the page has a distinct job.",breadth-draft-120-plus-content.ts:generated
pet,guide,https://pets.madabase.com/guides/pet-grooming-tables-buying-guide,"Pet Grooming Table Buying Guide: Surface, Height, Arm, Loop, and Safe Handling",included,"August 10, 2026",59,,,,,zero-impression,long-title,,"Inspect index status, canonical, age, duplication, and keyword demand; then retarget, merge, or keep only when the page has a distinct job.",broad-product-pilot-2-content.ts:703
pet,guide,https://pets.madabase.com/guides/pet-grooming-vacuum-noise-coat-cleaning-guide,"Pet Grooming Vacuum Noise, Coat, and Cleaning Guide",included,"August 8, 2026",61,,,,,zero-impression,,,"Inspect index status, canonical, age, duplication, and keyword demand; then retarget, merge, or keep only when the page has a distinct job.",second-round-august-2026-content.ts:469
pet,guide,https://pets.madabase.com/guides/pet-hair-clippers-buying-guide,Pet Hair Clippers Buying Guide,included,"August 9, 2026",60,,,,,zero-impression,,,"Inspect index status, canonical, age, duplication, and keyword demand; then retarget, merge, or keep only when the page has a distinct job.",quadruple-expansion-content.ts:generated
pet,guide,https://pets.madabase.com/guides/pet-hair-clippers-compatibility-and-fit-guide,Pet Hair Clippers: Compatibility and Fit Guide,included,"August 9, 2026",60,,,,,zero-impression,,,"Inspect index status, canonical, age, duplication, and keyword demand; then retarget, merge, or keep only when the page has a distinct job.",quadruple-expansion-content.ts:generated
pet,guide,https://pets.madabase.com/guides/pet-hair-clippers-ownership-cost-and-maintenance,Pet Hair Clippers: Ownership Cost and Maintenance,included,"August 9, 2026",60,,,,,zero-impression,,,"Inspect index status, canonical, age, duplication, and keyword demand; then retarget, merge, or keep only when the page has a distinct job.",quadruple-expansion-content.ts:generated
pet,guide,https://pets.madabase.com/guides/pet-hair-clippers-setup-and-daily-workflow,Pet Hair Clippers: Setup and Daily Workflow,included,"August 9, 2026",60,,,,,zero-impression,,,"Inspect index status, canonical, age, duplication, and keyword demand; then retarget, merge, or keep only when the page has a distinct job.",quadruple-expansion-content.ts:generated
pet,guide,https://pets.madabase.com/guides/pet-hair-clippers-vs-alternatives,Pet Hair Clippers vs. professional grooming,included,"August 9, 2026",60,,,,,zero-impression,,,"Inspect index status, canonical, age, duplication, and keyword demand; then retarget, merge, or keep only when the page has a distinct job.",quadruple-expansion-content.ts:generated
pet,guide,https://pets.madabase.com/guides/pet-hair-vacuum-tools-buying-guide,Pet-hair Vacuum Tools Buying Guide,included,"August 9, 2026",60,,,,,zero-impression,,,"Inspect index status, canonical, age, duplication, and keyword demand; then retarget, merge, or keep only when the page has a distinct job.",quadruple-expansion-content.ts:generated
pet,guide,https://pets.madabase.com/guides/pet-hair-vacuum-tools-compatibility-and-fit-guide,Pet-hair Vacuum Tools: Compatibility and Fit Guide,included,"August 9, 2026",60,,,,,zero-impression,,,"Inspect index status, canonical, age, duplication, and keyword demand; then retarget, merge, or keep only when the page has a distinct job.",quadruple-expansion-content.ts:generated
pet,guide,https://pets.madabase.com/guides/pet-hair-vacuum-tools-ownership-cost-and-maintenance,Pet-hair Vacuum Tools: Ownership Cost and Maintenance,included,"August 9, 2026",60,,,,,zero-impression,,,"Inspect index status, canonical, age, duplication, and keyword demand; then retarget, merge, or keep only when the page has a distinct job.",quadruple-expansion-content.ts:generated
pet,guide,https://pets.madabase.com/guides/pet-hair-vacuum-tools-setup-and-daily-workflow,Pet-hair Vacuum Tools: Setup and Daily Workflow,included,"August 9, 2026",60,,,,,zero-impression,,,"Inspect index status, canonical, age, duplication, and keyword demand; then retarget, merge, or keep only when the page has a distinct job.",quadruple-expansion-content.ts:generated
pet,guide,https://pets.madabase.com/guides/pet-hair-vacuum-tools-vs-alternatives,Pet-hair Vacuum Tools vs. manual rollers and brushes,included,"August 9, 2026",60,,,,,zero-impression,,,"Inspect index status, canonical, age, duplication, and keyword demand; then retarget, merge, or keep only when the page has a distinct job.",quadruple-expansion-content.ts:generated
pet,guide,https://pets.madabase.com/guides/pet-monitoring-cameras-buying-guide,"Pet monitoring cameras Buying Guide: Sizing, Setup, and Safe Use",included,"August 13, 2026",56,,,,,zero-impression,,,"Inspect index status, canonical, age, duplication, and keyword demand; then retarget, merge, or keep only when the page has a distinct job.",breadth-draft-120-plus-content.ts:generated
pet,guide,https://pets.madabase.com/guides/pet-nail-grinders-compatibility-and-fit-guide,Pet Nail Grinders: Compatibility and Fit Guide,included,"August 9, 2026",60,,,,,zero-impression,,,"Inspect index status, canonical, age, duplication, and keyword demand; then retarget, merge, or keep only when the page has a distinct job.",quadruple-expansion-content.ts:generated
pet,guide,https://pets.madabase.com/guides/pet-nail-grinders-ownership-cost-and-maintenance,Pet Nail Grinders: Ownership Cost and Maintenance,included,"August 9, 2026",60,,,,,zero-impression,,,"Inspect index status, canonical, age, duplication, and keyword demand; then retarget, merge, or keep only when the page has a distinct job.",quadruple-expansion-content.ts:generated
pet,guide,https://pets.madabase.com/guides/pet-nail-grinders-vs-alternatives,Dog Nail Grinder vs Clippers: Which Is Better?,included,"September 4, 2026",34,,,,,zero-impression,,,"Inspect index status, canonical, age, duplication, and keyword demand; then retarget, merge, or keep only when the page has a distinct job.",quadruple-expansion-content.ts:generated
pet,guide,https://pets.madabase.com/guides/pet-stain-carpet-cleaners-buying-guide,Pet-stain Carpet Cleaners Buying Guide,included,"August 9, 2026",60,,,,,zero-impression,,,"Inspect index status, canonical, age, duplication, and keyword demand; then retarget, merge, or keep only when the page has a distinct job.",quadruple-expansion-content.ts:generated
pet,guide,https://pets.madabase.com/guides/pet-stairs-buying-guide,"Pet stairs Buying Guide: Sizing, Setup, and Safe Use",included,"August 13, 2026",56,,,,,zero-impression,,,"Inspect index status, canonical, age, duplication, and keyword demand; then retarget, merge, or keep only when the page has a distinct job.",breadth-draft-120-plus-content.ts:generated
pet,guide,https://pets.madabase.com/guides/pet-strollers-buying-guide,"Pet Stroller Buying Guide: Cabin Fit, Entry, Wheels, Brakes, and Folding",included,"August 10, 2026",59,,,,,zero-impression,,,"Inspect index status, canonical, age, duplication, and keyword demand; then retarget, merge, or keep only when the page has a distinct job.",broad-product-pilot-content.ts:775
pet,guide,https://pets.madabase.com/guides/portable-dog-water-bottles-buying-guide,"Portable dog water bottles Buying Guide: Sizing, Setup, and Safe Use",included,"August 13, 2026",56,,,,,zero-impression,,,"Inspect index status, canonical, age, duplication, and keyword demand; then retarget, merge, or keep only when the page has a distinct job.",breadth-draft-120-plus-content.ts:generated
pet,guide,https://pets.madabase.com/guides/pressure-mounted-pet-gates-buying-guide,"Pressure-Mounted Pet Gate Guide: Opening Fit, Height, and Stair Limits",included,"August 11, 2026",58,,,,,zero-impression,,,"Inspect index status, canonical, age, duplication, and keyword demand; then retarget, merge, or keep only when the page has a distinct job.",broad-product-pilot-3-content.ts:1205
pet,guide,https://pets.madabase.com/guides/quick-dry-dog-towels-buying-guide,"Quick-dry dog towels Buying Guide: Sizing, Setup, and Safe Use",included,"August 13, 2026",56,,,,,zero-impression,,,"Inspect index status, canonical, age, duplication, and keyword demand; then retarget, merge, or keep only when the page has a distinct job.",breadth-draft-120-plus-content.ts:generated
pet,guide,https://pets.madabase.com/guides/reflective-dog-harnesses-buying-guide,"Reflective dog harnesses Buying Guide: Sizing, Setup, and Safe Use",included,"August 13, 2026",56,,,,,zero-impression,,,"Inspect index status, canonical, age, duplication, and keyword demand; then retarget, merge, or keep only when the page has a distinct job.",breadth-draft-120-plus-content.ts:generated
pet,guide,https://pets.madabase.com/guides/reptile-thermostat-controllers-buying-guide,"Reptile thermostat controllers Buying Guide: Sizing, Setup, and Safe Use",included,"August 13, 2026",56,,,,,zero-impression,,,"Inspect index status, canonical, age, duplication, and keyword demand; then retarget, merge, or keep only when the page has a distinct job.",breadth-draft-120-plus-content.ts:generated
pet,guide,https://pets.madabase.com/guides/rfid-feeder-vs-microchip-feeder-guide,RFID Collar Feeder vs Implanted-Microchip Feeder,included,"July 23, 2026",77,,,,,zero-impression,,implemented,"Inspect index status, canonical, age, duplication, and keyword demand; then retarget, merge, or keep only when the page has a distinct job.",verified-affiliate-batch-content.ts:726
pet,guide,https://pets.madabase.com/guides/robot-vacuums-for-pet-hair-buying-guide,Robot Vacuum vs Cordless Vacuum for Pet Hair,included,"September 4, 2026",34,,,,,zero-impression,,,"Inspect index status, canonical, age, duplication, and keyword demand; then retarget, merge, or keep only when the page has a distinct job.",quadruple-expansion-content.ts:generated
pet,guide,https://pets.madabase.com/guides/slow-feeder-dog-bowls-buying-guide,"Slow Feeder Dog Bowl Guide: Maze Fit, Portion Size, and Cleaning",included,"August 11, 2026",58,,,,,zero-impression,,,"Inspect index status, canonical, age, duplication, and keyword demand; then retarget, merge, or keep only when the page has a distinct job.",broad-product-pilot-3-content.ts:1250
pet,guide,https://pets.madabase.com/guides/smart-bird-feeders-buying-guide,Smart Bird Feeders Buying Guide,included,"August 9, 2026",60,,,,,zero-impression,,,"Inspect index status, canonical, age, duplication, and keyword demand; then retarget, merge, or keep only when the page has a distinct job.",quadruple-expansion-content.ts:generated
pet,guide,https://pets.madabase.com/guides/smart-bird-feeders-compatibility-and-fit-guide,Smart Bird Feeders: Compatibility and Fit Guide,included,"August 9, 2026",60,,,,,zero-impression,,,"Inspect index status, canonical, age, duplication, and keyword demand; then retarget, merge, or keep only when the page has a distinct job.",quadruple-expansion-content.ts:generated
pet,guide,https://pets.madabase.com/guides/smart-bird-feeders-ownership-cost-and-maintenance,Smart Bird Feeders: Ownership Cost and Maintenance,included,"August 9, 2026",60,,,,,zero-impression,,,"Inspect index status, canonical, age, duplication, and keyword demand; then retarget, merge, or keep only when the page has a distinct job.",quadruple-expansion-content.ts:generated
pet,guide,https://pets.madabase.com/guides/smart-bird-feeders-setup-and-daily-workflow,Smart Bird Feeders: Setup and Daily Workflow,included,"August 9, 2026",60,,,,,zero-impression,,,"Inspect index status, canonical, age, duplication, and keyword demand; then retarget, merge, or keep only when the page has a distinct job.",quadruple-expansion-content.ts:generated
pet,guide,https://pets.madabase.com/guides/smart-bird-feeders-vs-alternatives,Smart Bird Feeders vs. standard wildlife feeders,included,"August 9, 2026",60,,,,,zero-impression,,,"Inspect index status, canonical, age, duplication, and keyword demand; then retarget, merge, or keep only when the page has a distinct job.",quadruple-expansion-content.ts:generated
pet,guide,https://pets.madabase.com/guides/soft-sided-pet-carriers-buying-guide,Soft-sided Pet Carriers Buying Guide,included,"August 9, 2026",60,,,,,zero-impression,,,"Inspect index status, canonical, age, duplication, and keyword demand; then retarget, merge, or keep only when the page has a distinct job.",quadruple-expansion-content.ts:generated
pet,guide,https://pets.madabase.com/guides/soft-sided-pet-carriers-compatibility-and-fit-guide,Soft-sided Pet Carriers: Compatibility and Fit Guide,included,"August 9, 2026",60,,,,,zero-impression,,,"Inspect index status, canonical, age, duplication, and keyword demand; then retarget, merge, or keep only when the page has a distinct job.",quadruple-expansion-content.ts:generated
pet,guide,https://pets.madabase.com/guides/soft-sided-pet-carriers-ownership-cost-and-maintenance,Soft-sided Pet Carriers: Ownership Cost and Maintenance,included,"August 9, 2026",60,,,,,zero-impression,,,"Inspect index status, canonical, age, duplication, and keyword demand; then retarget, merge, or keep only when the page has a distinct job.",quadruple-expansion-content.ts:generated
pet,guide,https://pets.madabase.com/guides/soft-sided-pet-carriers-setup-and-daily-workflow,Soft-sided Pet Carriers: Setup and Daily Workflow,included,"August 9, 2026",60,,,,,zero-impression,,,"Inspect index status, canonical, age, duplication, and keyword demand; then retarget, merge, or keep only when the page has a distinct job.",quadruple-expansion-content.ts:generated
pet,guide,https://pets.madabase.com/guides/soft-sided-pet-carriers-vs-alternatives,Soft vs Hard Pet Carrier: Which Is Better for Travel?,included,"September 4, 2026",34,,,,,zero-impression,,,"Inspect index status, canonical, age, duplication, and keyword demand; then retarget, merge, or keep only when the page has a distinct job.",quadruple-expansion-content.ts:generated
pet,guide,https://pets.madabase.com/guides/stainless-steel-pet-fountains-buying-guide,"Stainless steel pet fountains Buying Guide: Sizing, Setup, and Safe Use",included,"August 13, 2026",56,,,,,zero-impression,,,"Inspect index status, canonical, age, duplication, and keyword demand; then retarget, merge, or keep only when the page has a distinct job.",breadth-draft-120-plus-content.ts:generated
pet,guide,https://pets.madabase.com/guides/top-entry-litter-boxes-buying-guide,Top-entry Litter Boxes Buying Guide,included,"August 9, 2026",60,,,,,zero-impression,,,"Inspect index status, canonical, age, duplication, and keyword demand; then retarget, merge, or keep only when the page has a distinct job.",quadruple-expansion-content.ts:generated
pet,guide,https://pets.madabase.com/guides/top-entry-litter-boxes-compatibility-and-fit-guide,Top-entry Litter Boxes: Compatibility and Fit Guide,included,"August 9, 2026",60,,,,,zero-impression,,,"Inspect index status, canonical, age, duplication, and keyword demand; then retarget, merge, or keep only when the page has a distinct job.",quadruple-expansion-content.ts:generated
pet,guide,https://pets.madabase.com/guides/top-entry-litter-boxes-ownership-cost-and-maintenance,Top-entry Litter Boxes: Ownership Cost and Maintenance,included,"August 9, 2026",60,,,,,zero-impression,,,"Inspect index status, canonical, age, duplication, and keyword demand; then retarget, merge, or keep only when the page has a distinct job.",quadruple-expansion-content.ts:generated
pet,guide,https://pets.madabase.com/guides/top-entry-litter-boxes-setup-and-daily-workflow,Top-entry Litter Boxes: Setup and Daily Workflow,included,"August 9, 2026",60,,,,,zero-impression,,,"Inspect index status, canonical, age, duplication, and keyword demand; then retarget, merge, or keep only when the page has a distinct job.",quadruple-expansion-content.ts:generated
pet,guide,https://pets.madabase.com/guides/top-entry-litter-boxes-vs-alternatives,Top-entry Litter Boxes vs. front-entry litter boxes,included,"August 9, 2026",60,,,,,zero-impression,,,"Inspect index status, canonical, age, duplication, and keyword demand; then retarget, merge, or keep only when the page has a distinct job.",quadruple-expansion-content.ts:generated
pet,guide,https://pets.madabase.com/guides/treat-dispensing-pet-cameras-buying-guide,Treat-dispensing Pet Cameras Buying Guide,included,"August 9, 2026",60,,,,,zero-impression,,,"Inspect index status, canonical, age, duplication, and keyword demand; then retarget, merge, or keep only when the page has a distinct job.",quadruple-expansion-content.ts:generated
pet,guide,https://pets.madabase.com/guides/treat-dispensing-pet-cameras-compatibility-and-fit-guide,Treat-dispensing Pet Cameras: Compatibility and Fit Guide,included,"August 9, 2026",60,,,,,zero-impression,,,"Inspect index status, canonical, age, duplication, and keyword demand; then retarget, merge, or keep only when the page has a distinct job.",quadruple-expansion-content.ts:generated
pet,guide,https://pets.madabase.com/guides/treat-dispensing-pet-cameras-ownership-cost-and-maintenance,Treat-dispensing Pet Cameras: Ownership Cost and Maintenance,included,"August 9, 2026",60,,,,,zero-impression,,,"Inspect index status, canonical, age, duplication, and keyword demand; then retarget, merge, or keep only when the page has a distinct job.",quadruple-expansion-content.ts:generated
pet,guide,https://pets.madabase.com/guides/treat-dispensing-pet-cameras-vs-alternatives,Treat-dispensing Pet Cameras vs. general indoor cameras,included,"August 9, 2026",60,,,,,zero-impression,,,"Inspect index status, canonical, age, duplication, and keyword demand; then retarget, merge, or keep only when the page has a distinct job.",quadruple-expansion-content.ts:generated
pet,guide,https://pets.madabase.com/guides/vehicle-pet-restraints-buying-guide,Vehicle Pet Restraints Buying Guide,included,"August 9, 2026",60,,,,,zero-impression,,,"Inspect index status, canonical, age, duplication, and keyword demand; then retarget, merge, or keep only when the page has a distinct job.",quadruple-expansion-content.ts:generated
pet,guide,https://pets.madabase.com/guides/vehicle-pet-restraints-compatibility-and-fit-guide,Vehicle Pet Restraints: Compatibility and Fit Guide,included,"August 9, 2026",60,,,,,zero-impression,,,"Inspect index status, canonical, age, duplication, and keyword demand; then retarget, merge, or keep only when the page has a distinct job.",quadruple-expansion-content.ts:generated
pet,guide,https://pets.madabase.com/guides/vehicle-pet-restraints-ownership-cost-and-maintenance,Vehicle Pet Restraints: Ownership Cost and Maintenance,included,"August 9, 2026",60,,,,,zero-impression,,,"Inspect index status, canonical, age, duplication, and keyword demand; then retarget, merge, or keep only when the page has a distinct job.",quadruple-expansion-content.ts:generated
pet,guide,https://pets.madabase.com/guides/vehicle-pet-restraints-setup-and-daily-workflow,Vehicle Pet Restraints: Setup and Daily Workflow,included,"August 9, 2026",60,,,,,zero-impression,,,"Inspect index status, canonical, age, duplication, and keyword demand; then retarget, merge, or keep only when the page has a distinct job.",quadruple-expansion-content.ts:generated
pet,guide,https://pets.madabase.com/guides/vehicle-pet-restraints-vs-alternatives,Vehicle Pet Restraints vs. secured travel crates,included,"August 9, 2026",60,,,,,zero-impression,,,"Inspect index status, canonical, age, duplication, and keyword demand; then retarget, merge, or keep only when the page has a distinct job.",quadruple-expansion-content.ts:generated
pet,guide,https://pets.madabase.com/guides/washable-orthopedic-pet-beds-buying-guide,Washable Orthopedic Pet Beds Buying Guide,included,"August 9, 2026",60,,,,,zero-impression,,,"Inspect index status, canonical, age, duplication, and keyword demand; then retarget, merge, or keep only when the page has a distinct job.",quadruple-expansion-content.ts:generated
pet,guide,https://pets.madabase.com/guides/wet-food-automatic-feeders-buying-guide,Wet-food Automatic Feeders Buying Guide,included,"August 9, 2026",60,,,,,zero-impression,,,"Inspect index status, canonical, age, duplication, and keyword demand; then retarget, merge, or keep only when the page has a distinct job.",quadruple-expansion-content.ts:generated
pet,guide,https://pets.madabase.com/guides/wet-food-automatic-feeders-compatibility-and-fit-guide,Wet-food Automatic Feeders: Compatibility and Fit Guide,included,"August 9, 2026",60,,,,,zero-impression,,,"Inspect index status, canonical, age, duplication, and keyword demand; then retarget, merge, or keep only when the page has a distinct job.",quadruple-expansion-content.ts:generated
pet,guide,https://pets.madabase.com/guides/wet-food-automatic-feeders-ownership-cost-and-maintenance,Wet-food Automatic Feeders: Ownership Cost and Maintenance,included,"August 9, 2026",60,,,,,zero-impression,,,"Inspect index status, canonical, age, duplication, and keyword demand; then retarget, merge, or keep only when the page has a distinct job.",quadruple-expansion-content.ts:generated
pet,guide,https://pets.madabase.com/guides/wet-food-automatic-feeders-setup-and-daily-workflow,Wet-food Automatic Feeders: Setup and Daily Workflow,included,"August 9, 2026",60,,,,,zero-impression,,,"Inspect index status, canonical, age, duplication, and keyword demand; then retarget, merge, or keep only when the page has a distinct job.",quadruple-expansion-content.ts:generated
pet,guide,https://pets.madabase.com/guides/wet-food-automatic-feeders-vs-alternatives,Wet-food Automatic Feeders vs. dry-food feeders or manual feeding,included,"August 9, 2026",60,,,,,zero-impression,,,"Inspect index status, canonical, age, duplication, and keyword demand; then retarget, merge, or keep only when the page has a distinct job.",quadruple-expansion-content.ts:generated
pet,guide,https://pets.madabase.com/guides/wireless-dog-doorbells-buying-guide,"Wireless dog doorbells Buying Guide: Sizing, Setup, and Safe Use",included,"August 13, 2026",56,,,,,zero-impression,,,"Inspect index status, canonical, age, duplication, and keyword demand; then retarget, merge, or keep only when the page has a distinct job.",breadth-draft-120-plus-content.ts:generated
pet,guide,https://pets.madabase.com/guides/wireless-pump-pet-fountains-buying-guide,Wireless-pump Pet Fountains Buying Guide,included,"August 9, 2026",60,,,,,zero-impression,,,"Inspect index status, canonical, age, duplication, and keyword demand; then retarget, merge, or keep only when the page has a distinct job.",quadruple-expansion-content.ts:generated
pet,guide,https://pets.madabase.com/guides/wireless-pump-pet-fountains-compatibility-and-fit-guide,Wireless-pump Pet Fountains: Compatibility and Fit Guide,included,"August 9, 2026",60,,,,,zero-impression,,,"Inspect index status, canonical, age, duplication, and keyword demand; then retarget, merge, or keep only when the page has a distinct job.",quadruple-expansion-content.ts:generated
pet,guide,https://pets.madabase.com/guides/wireless-pump-pet-fountains-ownership-cost-and-maintenance,Wireless-pump Pet Fountains: Ownership Cost and Maintenance,included,"August 9, 2026",60,,,,,zero-impression,,,"Inspect index status, canonical, age, duplication, and keyword demand; then retarget, merge, or keep only when the page has a distinct job.",quadruple-expansion-content.ts:generated
pet,guide,https://pets.madabase.com/guides/wireless-pump-pet-fountains-setup-and-daily-workflow,Wireless-pump Pet Fountains: Setup and Daily Workflow,included,"August 9, 2026",60,,,,,zero-impression,,,"Inspect index status, canonical, age, duplication, and keyword demand; then retarget, merge, or keep only when the page has a distinct job.",quadruple-expansion-content.ts:generated
pet,guide,https://pets.madabase.com/guides/wireless-pump-pet-fountains-vs-alternatives,Cordless vs Corded Pet Fountain: Which Is Better?,included,"September 4, 2026",34,,,,,zero-impression,,,"Inspect index status, canonical, age, duplication, and keyword demand; then retarget, merge, or keep only when the page has a distinct job.",quadruple-expansion-content.ts:generated
pet,product,https://pets.madabase.com/reviews/catit-flower-cat-water-fountain,"Catit Flower Fountain Guide: 3L Capacity, Filters & Cleaning",included,"July 26, 2026",74,,,,,zero-impression,,,"Inspect index status, canonical, age, duplication, and keyword demand; then retarget, merge, or keep only when the page has a distinct job.",content.ts:197
pet,product,https://pets.madabase.com/reviews/chomchom-roller-pet-hair-remover,"ChomChom Roller Guide: Surfaces, Cleaning & Reusable Fit",included,"July 26, 2026",74,,,,,zero-impression,,,"Inspect index status, canonical, age, duplication, and keyword demand; then retarget, merge, or keep only when the page has a distinct job.",content.ts:456
pet,product,https://pets.madabase.com/reviews/litter-genie-plus-pail,"Litter Genie Plus Pail Guide: Refill Fit, Capacity & Cost",included,"July 26, 2026",74,,,,,zero-impression,,,"Inspect index status, canonical, age, duplication, and keyword demand; then retarget, merge, or keep only when the page has a distinct job.",content.ts:376
pet,product,https://pets.madabase.com/reviews/neakasa-m1-plus-self-cleaning-litter-box,"Neakasa M1 Plus Guide: Open Top, Cat Size & PuraMax 2",included,"August 8, 2026",61,,,,,zero-impression,,,"Inspect index status, canonical, age, duplication, and keyword demand; then retarget, merge, or keep only when the page has a distinct job.",august-2026-product-expansion-content.ts:524
pet,product,https://pets.madabase.com/reviews/neakasa-p1-pro-pet-grooming-vacuum,"Neakasa P1 Pro Guide: Noise, Coat Fit & Cleaning",included,"August 8, 2026",61,,,,,zero-impression,,,"Inspect index status, canonical, age, duplication, and keyword demand; then retarget, merge, or keep only when the page has a distinct job.",second-round-august-2026-content.ts:346
pet,product,https://pets.madabase.com/reviews/petfusion-ultimate-dog-bed,"PetFusion Ultimate Dog Bed Guide: Size, Foam & Cover Checks",included,"July 26, 2026",74,,,,,zero-impression,,,"Inspect index status, canonical, age, duplication, and keyword demand; then retarget, merge, or keep only when the page has a distinct job.",content.ts:416
pet,product,https://pets.madabase.com/reviews/petlibro-one-rfid-smart-feeder,"PETLIBRO One RFID Feeder Guide: Collar Tag, Portions & Multi-Cat Fit",included,"July 23, 2026",77,,,,,zero-impression,,implemented,"Inspect index status, canonical, age, duplication, and keyword demand; then retarget, merge, or keep only when the page has a distinct job.",verified-affiliate-batch-content.ts:6
pet,product,https://pets.madabase.com/reviews/shark-neverchange-max-air-purifier,"Shark NeverChange MAX HP302 Buying Guide: Pet Dander, Odor & Filter Life",included,"July 26, 2026",74,,,,,zero-impression,,,"Inspect index status, canonical, age, duplication, and keyword demand; then retarget, merge, or keep only when the page has a distinct job.",content.ts:496
pet,product,https://pets.madabase.com/reviews/surefeed-microchip-pet-feeder,"SureFeed Microchip Feeder Guide: Chip Access, Training & Cleaning",soft-launch-excluded,"August 21, 2026",48,,,,,zero-impression,,,"Inspect index status, canonical, age, duplication, and keyword demand; then retarget, merge, or keep only when the page has a distinct job.",product-expansion-pilot-20260821-content.ts:418
pet,product,https://pets.madabase.com/reviews/tractive-dog-6-gps-tracker,Tractive DOG 6 Guide: Subscription Cost & Coverage,included,"August 8, 2026",61,,,,,zero-impression,,,"Inspect index status, canonical, age, duplication, and keyword demand; then retarget, merge, or keep only when the page has a distinct job.",second-round-august-2026-content.ts:377
pet,tool,https://pets.madabase.com/tools/pet-feeding-calculator,Pet Feeding Schedule Calculator by Meals and Calories,included,"July 26, 2026",74,,,,,zero-impression,,,"Inspect index status, canonical, age, duplication, and keyword demand; then retarget, merge, or keep only when the page has a distinct job.",content.ts:2329
pet,tool,https://pets.madabase.com/tools/pet-room-air-change-calculator,Pet Room Air-Change and CADR Calculator,included,"July 26, 2026",74,,,,,zero-impression,,,"Inspect index status, canonical, age, duplication, and keyword demand; then retarget, merge, or keep only when the page has a distinct job.",topic-cluster-content.ts:459
smarthome,roundup,https://smarthome.madabase.com/best/aqara-t1-vs-yolink-bulldog-vs-moen-flo,Aqara T1 vs YoLink Bulldog vs Moen Flo Smart Shutoff,included,"August 6, 2026",63,,,,,zero-impression,,implemented,"Inspect index status, canonical, age, duplication, and keyword demand; then retarget, merge, or keep only when the page has a distinct job.",smarthome-water-shutoff-content.ts:376
smarthome,roundup,https://smarthome.madabase.com/best/aqara-vs-govee-vs-xsense-vs-yolink-leak-sensors,Aqara vs Govee vs X-Sense vs YoLink Water Leak Sensors,included,"July 9, 2026",91,,,,,zero-impression,,,"Inspect index status, canonical, age, duplication, and keyword demand; then retarget, merge, or keep only when the page has a distinct job.",smarthome-leak-expansion-content.ts:259
smarthome,roundup,https://smarthome.madabase.com/best/best-smart-water-shutoff-valves-retrofit-inline,Smart Water Shutoff Valves: Retrofit vs Inline Systems,included,"August 6, 2026",63,,,,,zero-impression,,implemented,"Inspect index status, canonical, age, duplication, and keyword demand; then retarget, merge, or keep only when the page has a distinct job.",smarthome-water-shutoff-content.ts:319
smarthome,roundup,https://smarthome.madabase.com/best/best-tapo-matter-smart-plug-for-energy-or-compact-control,Tapo Matter Smart Plug: P110M Energy vs P125M Size,included,"July 16, 2026",84,,,,,zero-impression,,,"Inspect index status, canonical, age, duplication, and keyword demand; then retarget, merge, or keep only when the page has a distinct job.",aggressive-portfolio-expansion-content.ts:34
smarthome,roundup,https://smarthome.madabase.com/best/best-water-leak-sensors-for-sinks-water-heaters,"Water Leak Sensors for Sinks, Water Heaters and Basements",included,"July 9, 2026",91,,,,,zero-impression,,,"Inspect index status, canonical, age, duplication, and keyword demand; then retarget, merge, or keep only when the page has a distinct job.",smarthome-leak-expansion-content.ts:231
smarthome,roundup,https://smarthome.madabase.com/best/ecobee-premium-vs-nest-learning-thermostat-4th-gen,ecobee Premium vs Nest Learning Thermostat 4th Gen,included,"June 30, 2026",100,,,,,zero-impression,,,"Inspect index status, canonical, age, duplication, and keyword demand; then retarget, merge, or keep only when the page has a distinct job.",smarthome-content.ts:317
smarthome,roundup,https://smarthome.madabase.com/best/eufy-e340-vs-ring-battery-doorbell-plus,eufy E340 vs. Ring Battery Doorbell Plus (2nd Gen),included,"July 1, 2026",99,,,,,zero-impression,,,"Inspect index status, canonical, age, duplication, and keyword demand; then retarget, merge, or keep only when the page has a distinct job.",commercial-expansion-content.ts:563
smarthome,roundup,https://smarthome.madabase.com/best/eufy-e340-vs-tapo-d210,eufy E340 vs. Tapo D210,included,"July 23, 2026",77,,,,,zero-impression,weak-title,implemented,"Inspect index status, canonical, age, duplication, and keyword demand; then retarget, merge, or keep only when the page has a distinct job.",commercial-expansion-content.ts:579
smarthome,roundup,https://smarthome.madabase.com/best/matter-starter-kit-hub-sensor-smart-plug,"Matter Starter Kit: Hub, Contact Sensor and Smart Plug",included,"July 26, 2026",74,,,,,zero-impression,,,"Inspect index status, canonical, age, duplication, and keyword demand; then retarget, merge, or keep only when the page has a distinct job.",adjacent-expansion-content.ts:719
smarthome,roundup,https://smarthome.madabase.com/best/ring-battery-doorbell-plus-2nd-gen-vs-tapo-d210,Tapo D210 vs Ring Doorbell Plus: Local Storage or Ring Plan?,included,"July 28, 2026",72,,,,,zero-impression,,implemented,"Inspect index status, canonical, age, duplication, and keyword demand; then retarget, merge, or keep only when the page has a distinct job.",smarthome-content.ts:291
smarthome,roundup,https://smarthome.madabase.com/best/schlage-encode-plus-vs-yale-assure-lock-2-touch,Schlage Encode Plus vs. Yale Assure Lock 2 Touch,included,"July 1, 2026",99,,,,,zero-impression,,,"Inspect index status, canonical, age, duplication, and keyword demand; then retarget, merge, or keep only when the page has a distinct job.",commercial-expansion-content.ts:555
smarthome,roundup,https://smarthome.madabase.com/best/ultraloq-bolt-se-vs-aqara-u400,ULTRALOQ Bolt SE vs Aqara U400: Fingerprint Value or UWB Entry?,included,"July 23, 2026",77,,,,,zero-impression,,implemented,"Inspect index status, canonical, age, duplication, and keyword demand; then retarget, merge, or keep only when the page has a distinct job.",verified-affiliate-batch-content.ts:663
smarthome,guide,https://smarthome.madabase.com/guides/apple-home-key-smart-lock-buying-guide,Apple Home Key Smart Lock Buying Guide,included,"July 1, 2026",99,,,,,zero-impression,,,"Inspect index status, canonical, age, duplication, and keyword demand; then retarget, merge, or keep only when the page has a distinct job.",commercial-expansion-content.ts:655
smarthome,guide,https://smarthome.madabase.com/guides/aqara-hub-m3-home-assistant-matter-guide,Aqara Hub M3 with Home Assistant: Matter Bridge Setup Guide,included,"July 16, 2026",84,,,,,zero-impression,,,"Inspect index status, canonical, age, duplication, and keyword demand; then retarget, merge, or keep only when the page has a distinct job.",topic-cluster-content.ts:234
smarthome,guide,https://smarthome.madabase.com/guides/aqara-hub-m3-matter-thread-setup,"Aqara Hub M3 Setup: Matter, Thread, PoE & Migration Checklist",included,"July 23, 2026",77,,,,,zero-impression,,implemented,"Inspect index status, canonical, age, duplication, and keyword demand; then retarget, merge, or keep only when the page has a distinct job.",adjacent-expansion-content.ts:755
smarthome,guide,https://smarthome.madabase.com/guides/aqara-p2-vs-p1-door-window-sensor,Aqara P2 vs. P1 Door and Window Sensor,included,"July 1, 2026",99,,,,,zero-impression,,,"Inspect index status, canonical, age, duplication, and keyword demand; then retarget, merge, or keep only when the page has a distinct job.",topic-cluster-content.ts:275
smarthome,guide,https://smarthome.madabase.com/guides/diy-smart-alarm-kits-buying-guide,DIY Smart Alarm Kits Buying Guide,included,"August 9, 2026",60,,,,,zero-impression,,,"Inspect index status, canonical, age, duplication, and keyword demand; then retarget, merge, or keep only when the page has a distinct job.",quadruple-expansion-content.ts:generated
smarthome,guide,https://smarthome.madabase.com/guides/eufy-e340-local-storage-and-homebase-guide,eufy E340 Local Storage and HomeBase Guide,included,"July 1, 2026",99,,,,,zero-impression,,,"Inspect index status, canonical, age, duplication, and keyword demand; then retarget, merge, or keep only when the page has a distinct job.",commercial-expansion-content.ts:669
smarthome,guide,https://smarthome.madabase.com/guides/floodlight-security-cameras-buying-guide,Floodlight Security Cameras Buying Guide,included,"August 9, 2026",60,,,,,zero-impression,,,"Inspect index status, canonical, age, duplication, and keyword demand; then retarget, merge, or keep only when the page has a distinct job.",quadruple-expansion-content.ts:generated
smarthome,guide,https://smarthome.madabase.com/guides/floodlight-security-cameras-compatibility-and-fit-guide,Floodlight Security Cameras: Compatibility and Fit Guide,included,"August 9, 2026",60,,,,,zero-impression,,,"Inspect index status, canonical, age, duplication, and keyword demand; then retarget, merge, or keep only when the page has a distinct job.",quadruple-expansion-content.ts:generated
smarthome,guide,https://smarthome.madabase.com/guides/floodlight-security-cameras-ownership-cost-and-maintenance,Floodlight Security Cameras: Ownership Cost and Maintenance,included,"August 9, 2026",60,,,,,zero-impression,,,"Inspect index status, canonical, age, duplication, and keyword demand; then retarget, merge, or keep only when the page has a distinct job.",quadruple-expansion-content.ts:generated
smarthome,guide,https://smarthome.madabase.com/guides/floodlight-security-cameras-setup-and-daily-workflow,Floodlight Security Cameras: Setup and Daily Workflow,included,"August 9, 2026",60,,,,,zero-impression,,,"Inspect index status, canonical, age, duplication, and keyword demand; then retarget, merge, or keep only when the page has a distinct job.",quadruple-expansion-content.ts:generated
smarthome,guide,https://smarthome.madabase.com/guides/ikea-parasoll-vs-myggbett-zigbee-matter-thread,"IKEA PARASOLL vs MYGGBETT: Zigbee, Matter, Thread & DIRIGERA",included,"July 17, 2026",83,,,,,zero-impression,,,"Inspect index status, canonical, age, duplication, and keyword demand; then retarget, merge, or keep only when the page has a distinct job.",adjacent-expansion-content.ts:819
smarthome,guide,https://smarthome.madabase.com/guides/in-wall-smart-relays-buying-guide,"In-Wall Smart Relay Buying Guide: Wiring, Load, Protocol, and Local Control",included,"August 10, 2026",59,,,,,zero-impression,long-title,,"Inspect index status, canonical, age, duplication, and keyword demand; then retarget, merge, or keep only when the page has a distinct job.",broad-product-pilot-content.ts:193
smarthome,guide,https://smarthome.madabase.com/guides/indoor-air-quality-monitors-buying-guide,Indoor air-quality Monitors Buying Guide,included,"August 9, 2026",60,,,,,zero-impression,,,"Inspect index status, canonical, age, duplication, and keyword demand; then retarget, merge, or keep only when the page has a distinct job.",quadruple-expansion-content.ts:generated
smarthome,guide,https://smarthome.madabase.com/guides/indoor-air-quality-monitors-compatibility-and-fit-guide,Indoor air-quality Monitors: Compatibility and Fit Guide,included,"August 9, 2026",60,,,,,zero-impression,,,"Inspect index status, canonical, age, duplication, and keyword demand; then retarget, merge, or keep only when the page has a distinct job.",quadruple-expansion-content.ts:generated
smarthome,guide,https://smarthome.madabase.com/guides/indoor-air-quality-monitors-ownership-cost-and-maintenance,Indoor air-quality Monitors: Ownership Cost and Maintenance,included,"August 9, 2026",60,,,,,zero-impression,,,"Inspect index status, canonical, age, duplication, and keyword demand; then retarget, merge, or keep only when the page has a distinct job.",quadruple-expansion-content.ts:generated
smarthome,guide,https://smarthome.madabase.com/guides/indoor-air-quality-monitors-setup-and-daily-workflow,Indoor air-quality Monitors: Setup and Daily Workflow,included,"August 9, 2026",60,,,,,zero-impression,,,"Inspect index status, canonical, age, duplication, and keyword demand; then retarget, merge, or keep only when the page has a distinct job.",quadruple-expansion-content.ts:generated
smarthome,guide,https://smarthome.madabase.com/guides/indoor-air-quality-monitors-vs-alternatives,Air Quality Monitor vs CO2 Monitor: Which Do You Need?,included,"September 4, 2026",34,,,,,zero-impression,,,"Inspect index status, canonical, age, duplication, and keyword demand; then retarget, merge, or keep only when the page has a distinct job.",quadruple-expansion-content.ts:generated
smarthome,guide,https://smarthome.madabase.com/guides/indoor-security-cameras-buying-guide,Indoor Security Cameras Buying Guide,included,"August 9, 2026",60,,,,,zero-impression,,,"Inspect index status, canonical, age, duplication, and keyword demand; then retarget, merge, or keep only when the page has a distinct job.",quadruple-expansion-content.ts:generated
smarthome,guide,https://smarthome.madabase.com/guides/indoor-security-cameras-compatibility-and-fit-guide,Indoor Security Cameras: Compatibility and Fit Guide,included,"August 9, 2026",60,,,,,zero-impression,,,"Inspect index status, canonical, age, duplication, and keyword demand; then retarget, merge, or keep only when the page has a distinct job.",quadruple-expansion-content.ts:generated
smarthome,guide,https://smarthome.madabase.com/guides/indoor-security-cameras-ownership-cost-and-maintenance,Indoor Security Cameras: Ownership Cost and Maintenance,included,"August 9, 2026",60,,,,,zero-impression,,,"Inspect index status, canonical, age, duplication, and keyword demand; then retarget, merge, or keep only when the page has a distinct job.",quadruple-expansion-content.ts:generated
smarthome,guide,https://smarthome.madabase.com/guides/indoor-security-cameras-setup-and-daily-workflow,Indoor Security Cameras: Setup and Daily Workflow,included,"August 9, 2026",60,,,,,zero-impression,,,"Inspect index status, canonical, age, duplication, and keyword demand; then retarget, merge, or keep only when the page has a distinct job.",quadruple-expansion-content.ts:generated
smarthome,guide,https://smarthome.madabase.com/guides/indoor-security-cameras-vs-alternatives,Indoor Security Cameras vs. privacy shutters or local sensors,included,"August 9, 2026",60,,,,,zero-impression,,,"Inspect index status, canonical, age, duplication, and keyword demand; then retarget, merge, or keep only when the page has a distinct job.",quadruple-expansion-content.ts:generated
smarthome,guide,https://smarthome.madabase.com/guides/leak-sensor-to-water-shutoff-automation-guide,Leak Sensor to Automatic Water Shutoff: Build a Safer Response Chain,included,"July 22, 2026",78,,,,,zero-impression,,,"Inspect index status, canonical, age, duplication, and keyword demand; then retarget, merge, or keep only when the page has a distinct job.",smarthome-water-shutoff-content.ts:494
smarthome,guide,https://smarthome.madabase.com/guides/matter-controller-vs-thread-border-router,Thread Border Router vs. Matter Controller,included,"July 26, 2026",74,,,,,zero-impression,,,"Inspect index status, canonical, age, duplication, and keyword demand; then retarget, merge, or keep only when the page has a distinct job.",topic-cluster-content.ts:315
smarthome,guide,https://smarthome.madabase.com/guides/matter-hubs-bridges-buying-guide,Matter Hubs and Bridges Buying Guide,included,"August 9, 2026",60,,,,,zero-impression,,,"Inspect index status, canonical, age, duplication, and keyword demand; then retarget, merge, or keep only when the page has a distinct job.",quadruple-expansion-content.ts:generated
smarthome,guide,https://smarthome.madabase.com/guides/matter-hubs-bridges-compatibility-and-fit-guide,Matter Hubs and Bridges: Compatibility and Fit Guide,included,"August 9, 2026",60,,,,,zero-impression,,,"Inspect index status, canonical, age, duplication, and keyword demand; then retarget, merge, or keep only when the page has a distinct job.",quadruple-expansion-content.ts:generated
smarthome,guide,https://smarthome.madabase.com/guides/matter-hubs-bridges-ownership-cost-and-maintenance,Matter Hubs and Bridges: Ownership Cost and Maintenance,included,"August 9, 2026",60,,,,,zero-impression,,,"Inspect index status, canonical, age, duplication, and keyword demand; then retarget, merge, or keep only when the page has a distinct job.",quadruple-expansion-content.ts:generated
smarthome,guide,https://smarthome.madabase.com/guides/matter-hubs-bridges-setup-and-daily-workflow,Matter Hubs and Bridges: Setup and Daily Workflow,included,"August 9, 2026",60,,,,,zero-impression,,,"Inspect index status, canonical, age, duplication, and keyword demand; then retarget, merge, or keep only when the page has a distinct job.",quadruple-expansion-content.ts:generated
smarthome,guide,https://smarthome.madabase.com/guides/matter-hubs-bridges-vs-alternatives,Matter Hubs and Bridges vs. platform-native controllers,included,"August 9, 2026",60,,,,,zero-impression,,,"Inspect index status, canonical, age, duplication, and keyword demand; then retarget, merge, or keep only when the page has a distinct job.",quadruple-expansion-content.ts:generated
smarthome,guide,https://smarthome.madabase.com/guides/matter-smart-bulbs-buying-guide,Matter Smart Bulbs Buying Guide,included,"August 9, 2026",60,,,,,zero-impression,,,"Inspect index status, canonical, age, duplication, and keyword demand; then retarget, merge, or keep only when the page has a distinct job.",quadruple-expansion-content.ts:generated
smarthome,guide,https://smarthome.madabase.com/guides/matter-smart-bulbs-compatibility-and-fit-guide,Matter Smart Bulbs: Compatibility and Fit Guide,included,"August 9, 2026",60,,,,,zero-impression,,,"Inspect index status, canonical, age, duplication, and keyword demand; then retarget, merge, or keep only when the page has a distinct job.",quadruple-expansion-content.ts:generated
smarthome,guide,https://smarthome.madabase.com/guides/matter-smart-bulbs-ownership-cost-and-maintenance,Matter Smart Bulbs: Ownership Cost and Maintenance,included,"August 9, 2026",60,,,,,zero-impression,,,"Inspect index status, canonical, age, duplication, and keyword demand; then retarget, merge, or keep only when the page has a distinct job.",quadruple-expansion-content.ts:generated
smarthome,guide,https://smarthome.madabase.com/guides/matter-smart-bulbs-setup-and-daily-workflow,Matter Smart Bulbs: Setup and Daily Workflow,included,"August 9, 2026",60,,,,,zero-impression,,,"Inspect index status, canonical, age, duplication, and keyword demand; then retarget, merge, or keep only when the page has a distinct job.",quadruple-expansion-content.ts:generated
smarthome,guide,https://smarthome.madabase.com/guides/matter-smart-bulbs-vs-alternatives,Smart Bulb vs Smart Switch: Which Lighting Setup Wins?,included,"September 4, 2026",34,,,,,zero-impression,,,"Inspect index status, canonical, age, duplication, and keyword demand; then retarget, merge, or keep only when the page has a distinct job.",quadruple-expansion-content.ts:generated
smarthome,guide,https://smarthome.madabase.com/guides/matter-smart-lock-controller-checklist,Matter Smart Lock Controller & Thread Checklist,included,"July 2, 2026",98,,,,,zero-impression,,,"Inspect index status, canonical, age, duplication, and keyword demand; then retarget, merge, or keep only when the page has a distinct job.",verified-affiliate-batch-content.ts:892
smarthome,guide,https://smarthome.madabase.com/guides/mmwave-presence-sensors-buying-guide,mmWave Presence Sensors Buying Guide,included,"August 9, 2026",60,,,,,zero-impression,,,"Inspect index status, canonical, age, duplication, and keyword demand; then retarget, merge, or keep only when the page has a distinct job.",quadruple-expansion-content.ts:generated
smarthome,guide,https://smarthome.madabase.com/guides/mmwave-presence-sensors-compatibility-and-fit-guide,mmWave Presence Sensors: Compatibility and Fit Guide,included,"August 9, 2026",60,,,,,zero-impression,,,"Inspect index status, canonical, age, duplication, and keyword demand; then retarget, merge, or keep only when the page has a distinct job.",quadruple-expansion-content.ts:generated
smarthome,guide,https://smarthome.madabase.com/guides/mmwave-presence-sensors-ownership-cost-and-maintenance,mmWave Presence Sensors: Ownership Cost and Maintenance,included,"August 9, 2026",60,,,,,zero-impression,,,"Inspect index status, canonical, age, duplication, and keyword demand; then retarget, merge, or keep only when the page has a distinct job.",quadruple-expansion-content.ts:generated
smarthome,guide,https://smarthome.madabase.com/guides/mmwave-presence-sensors-setup-and-daily-workflow,mmWave Presence Sensors: Setup and Daily Workflow,included,"August 27, 2026",42,,,,,zero-impression,,,"Inspect index status, canonical, age, duplication, and keyword demand; then retarget, merge, or keep only when the page has a distinct job.",quadruple-expansion-content.ts:generated
smarthome,guide,https://smarthome.madabase.com/guides/mmwave-presence-sensors-vs-alternatives,mmWave Presence Sensors vs. PIR motion sensors,included,"August 9, 2026",60,,,,,zero-impression,,,"Inspect index status, canonical, age, duplication, and keyword demand; then retarget, merge, or keep only when the page has a distinct job.",quadruple-expansion-content.ts:generated
smarthome,guide,https://smarthome.madabase.com/guides/outdoor-security-cameras-buying-guide,Outdoor Security Cameras Buying Guide,included,"August 9, 2026",60,,,,,zero-impression,,,"Inspect index status, canonical, age, duplication, and keyword demand; then retarget, merge, or keep only when the page has a distinct job.",quadruple-expansion-content.ts:generated
smarthome,guide,https://smarthome.madabase.com/guides/outdoor-security-cameras-compatibility-and-fit-guide,Outdoor Security Cameras: Compatibility and Fit Guide,included,"August 9, 2026",60,,,,,zero-impression,,,"Inspect index status, canonical, age, duplication, and keyword demand; then retarget, merge, or keep only when the page has a distinct job.",quadruple-expansion-content.ts:generated
smarthome,guide,https://smarthome.madabase.com/guides/outdoor-security-cameras-ownership-cost-and-maintenance,Outdoor Security Cameras: Ownership Cost and Maintenance,included,"August 9, 2026",60,,,,,zero-impression,,,"Inspect index status, canonical, age, duplication, and keyword demand; then retarget, merge, or keep only when the page has a distinct job.",quadruple-expansion-content.ts:generated
smarthome,guide,https://smarthome.madabase.com/guides/outdoor-security-cameras-setup-and-daily-workflow,Outdoor Security Cameras: Setup and Daily Workflow,included,"August 9, 2026",60,,,,,zero-impression,,,"Inspect index status, canonical, age, duplication, and keyword demand; then retarget, merge, or keep only when the page has a distinct job.",quadruple-expansion-content.ts:generated
smarthome,guide,https://smarthome.madabase.com/guides/outdoor-security-cameras-vs-alternatives,Outdoor Security Camera vs Video Doorbell: Which First?,included,"September 4, 2026",34,,,,,zero-impression,,,"Inspect index status, canonical, age, duplication, and keyword demand; then retarget, merge, or keep only when the page has a distinct job.",quadruple-expansion-content.ts:generated
smarthome,guide,https://smarthome.madabase.com/guides/outdoor-smart-plugs-buying-guide,Outdoor Smart Plugs Buying Guide,included,"August 9, 2026",60,,,,,zero-impression,,,"Inspect index status, canonical, age, duplication, and keyword demand; then retarget, merge, or keep only when the page has a distinct job.",quadruple-expansion-content.ts:generated
smarthome,guide,https://smarthome.madabase.com/guides/outdoor-smart-plugs-compatibility-and-fit-guide,Outdoor Smart Plugs: Compatibility and Fit Guide,included,"August 9, 2026",60,,,,,zero-impression,,,"Inspect index status, canonical, age, duplication, and keyword demand; then retarget, merge, or keep only when the page has a distinct job.",quadruple-expansion-content.ts:generated
smarthome,guide,https://smarthome.madabase.com/guides/outdoor-smart-plugs-ownership-cost-and-maintenance,Outdoor Smart Plugs: Ownership Cost and Maintenance,included,"August 9, 2026",60,,,,,zero-impression,,,"Inspect index status, canonical, age, duplication, and keyword demand; then retarget, merge, or keep only when the page has a distinct job.",quadruple-expansion-content.ts:generated
smarthome,guide,https://smarthome.madabase.com/guides/outdoor-smart-plugs-setup-and-daily-workflow,Outdoor Smart Plugs: Setup and Daily Workflow,included,"August 9, 2026",60,,,,,zero-impression,,,"Inspect index status, canonical, age, duplication, and keyword demand; then retarget, merge, or keep only when the page has a distinct job.",quadruple-expansion-content.ts:generated
smarthome,guide,https://smarthome.madabase.com/guides/outdoor-smart-plugs-vs-alternatives,Outdoor Smart Plugs vs. weather-rated timers,included,"August 9, 2026",60,,,,,zero-impression,,,"Inspect index status, canonical, age, duplication, and keyword demand; then retarget, merge, or keep only when the page has a distinct job.",quadruple-expansion-content.ts:generated
smarthome,guide,https://smarthome.madabase.com/guides/robot-lawn-mowers-buying-guide,"Robot Lawn Mower Buying Guide: Boundary, Slope, Obstacles, and Recovery",included,"August 11, 2026",58,,,,,zero-impression,,,"Inspect index status, canonical, age, duplication, and keyword demand; then retarget, merge, or keep only when the page has a distinct job.",broad-product-pilot-3-content.ts:530
smarthome,guide,https://smarthome.madabase.com/guides/robot-mops-buying-guide,Robot Mops Buying Guide,included,"August 9, 2026",60,,,,,zero-impression,weak-title,,"Inspect index status, canonical, age, duplication, and keyword demand; then retarget, merge, or keep only when the page has a distinct job.",quadruple-expansion-content.ts:generated
smarthome,guide,https://smarthome.madabase.com/guides/robot-mops-compatibility-and-fit-guide,Robot Mops: Compatibility and Fit Guide,included,"August 9, 2026",60,,,,,zero-impression,,,"Inspect index status, canonical, age, duplication, and keyword demand; then retarget, merge, or keep only when the page has a distinct job.",quadruple-expansion-content.ts:generated
smarthome,guide,https://smarthome.madabase.com/guides/robot-mops-ownership-cost-and-maintenance,Robot Mops: Ownership Cost and Maintenance,included,"August 9, 2026",60,,,,,zero-impression,,,"Inspect index status, canonical, age, duplication, and keyword demand; then retarget, merge, or keep only when the page has a distinct job.",quadruple-expansion-content.ts:generated
smarthome,guide,https://smarthome.madabase.com/guides/robot-mops-setup-and-daily-workflow,Robot Mops: Setup and Daily Workflow,included,"August 9, 2026",60,,,,,zero-impression,,,"Inspect index status, canonical, age, duplication, and keyword demand; then retarget, merge, or keep only when the page has a distinct job.",quadruple-expansion-content.ts:generated
smarthome,guide,https://smarthome.madabase.com/guides/robot-mops-vs-alternatives,Robot Mops vs. combined vacuum-mop robots,included,"August 9, 2026",60,,,,,zero-impression,,,"Inspect index status, canonical, age, duplication, and keyword demand; then retarget, merge, or keep only when the page has a distinct job.",quadruple-expansion-content.ts:generated
smarthome,guide,https://smarthome.madabase.com/guides/robot-vacuums-buying-guide,Robot Vacuums Buying Guide,included,"August 9, 2026",60,,,,,zero-impression,weak-title,,"Inspect index status, canonical, age, duplication, and keyword demand; then retarget, merge, or keep only when the page has a distinct job.",quadruple-expansion-content.ts:generated
smarthome,guide,https://smarthome.madabase.com/guides/robot-vacuums-compatibility-and-fit-guide,Robot Vacuums: Compatibility and Fit Guide,included,"August 9, 2026",60,,,,,zero-impression,,,"Inspect index status, canonical, age, duplication, and keyword demand; then retarget, merge, or keep only when the page has a distinct job.",quadruple-expansion-content.ts:generated
smarthome,guide,https://smarthome.madabase.com/guides/robot-vacuums-ownership-cost-and-maintenance,Robot Vacuums: Ownership Cost and Maintenance,included,"August 9, 2026",60,,,,,zero-impression,,,"Inspect index status, canonical, age, duplication, and keyword demand; then retarget, merge, or keep only when the page has a distinct job.",quadruple-expansion-content.ts:generated
smarthome,guide,https://smarthome.madabase.com/guides/robot-vacuums-setup-and-daily-workflow,Robot Vacuums: Setup and Daily Workflow,included,"August 9, 2026",60,,,,,zero-impression,,,"Inspect index status, canonical, age, duplication, and keyword demand; then retarget, merge, or keep only when the page has a distinct job.",quadruple-expansion-content.ts:generated
smarthome,guide,https://smarthome.madabase.com/guides/robot-vacuums-vs-alternatives,Robot Vacuum vs Cordless Vacuum: Which Is Better?,included,"September 4, 2026",34,,,,,zero-impression,,,"Inspect index status, canonical, age, duplication, and keyword demand; then retarget, merge, or keep only when the page has a distinct job.",quadruple-expansion-content.ts:generated
smarthome,guide,https://smarthome.madabase.com/guides/smart-air-purifiers-buying-guide,"Smart Air Purifier Buying Guide: CADR, Filters, Sensors, and App Value",included,"August 11, 2026",58,,,,,zero-impression,,,"Inspect index status, canonical, age, duplication, and keyword demand; then retarget, merge, or keep only when the page has a distinct job.",broad-product-pilot-3-content.ts:395
smarthome,guide,https://smarthome.madabase.com/guides/smart-aroma-diffusers-buying-guide,Aroma Diffuser vs Humidifier: Which Job Do You Need?,included,"September 7, 2026",31,,,,,zero-impression,,,"Inspect index status, canonical, age, duplication, and keyword demand; then retarget, merge, or keep only when the page has a distinct job.",breadth-draft-120-plus-content.ts:generated
smarthome,guide,https://smarthome.madabase.com/guides/smart-bathroom-exhaust-fans-buying-guide,"Smart bathroom exhaust fans Buying Guide: Fit, Local Control, and Safety",included,"August 13, 2026",56,,,,,zero-impression,,,"Inspect index status, canonical, age, duplication, and keyword demand; then retarget, merge, or keep only when the page has a distinct job.",breadth-draft-120-plus-content.ts:generated
smarthome,guide,https://smarthome.madabase.com/guides/smart-blind-motor-hub-local-control-guide,Smart Blind Motor Hub and Local-Control Guide,included,"August 8, 2026",61,,,,,zero-impression,,,"Inspect index status, canonical, age, duplication, and keyword demand; then retarget, merge, or keep only when the page has a distinct job.",second-round-august-2026-content.ts:420
smarthome,guide,https://smarthome.madabase.com/guides/smart-blind-motors-buying-guide,Smart Blind Motors Buying Guide,included,"August 9, 2026",60,,,,,zero-impression,,,"Inspect index status, canonical, age, duplication, and keyword demand; then retarget, merge, or keep only when the page has a distinct job.",quadruple-expansion-content.ts:generated
smarthome,guide,https://smarthome.madabase.com/guides/smart-blind-motors-compatibility-and-fit-guide,Smart Blind Motors: Compatibility and Fit Guide,included,"August 9, 2026",60,,,,,zero-impression,,,"Inspect index status, canonical, age, duplication, and keyword demand; then retarget, merge, or keep only when the page has a distinct job.",quadruple-expansion-content.ts:generated
smarthome,guide,https://smarthome.madabase.com/guides/smart-blind-motors-ownership-cost-and-maintenance,Smart Blind Motors: Ownership Cost and Maintenance,included,"August 9, 2026",60,,,,,zero-impression,,,"Inspect index status, canonical, age, duplication, and keyword demand; then retarget, merge, or keep only when the page has a distinct job.",quadruple-expansion-content.ts:generated
smarthome,guide,https://smarthome.madabase.com/guides/smart-blind-motors-setup-and-daily-workflow,Smart Blind Motors: Setup and Daily Workflow,included,"August 9, 2026",60,,,,,zero-impression,,,"Inspect index status, canonical, age, duplication, and keyword demand; then retarget, merge, or keep only when the page has a distinct job.",quadruple-expansion-content.ts:generated
smarthome,guide,https://smarthome.madabase.com/guides/smart-blind-motors-vs-alternatives,Smart Blind Motors vs. complete motorized shades,included,"August 9, 2026",60,,,,,zero-impression,,,"Inspect index status, canonical, age, duplication, and keyword demand; then retarget, merge, or keep only when the page has a distinct job.",quadruple-expansion-content.ts:generated
smarthome,guide,https://smarthome.madabase.com/guides/smart-ceiling-fan-controllers-buying-guide,"Smart Ceiling-Fan Controller Buying Guide: RF Compatibility, Speed, and Fallback",included,"August 10, 2026",59,,,,,zero-impression,long-title,,"Inspect index status, canonical, age, duplication, and keyword demand; then retarget, merge, or keep only when the page has a distinct job.",broad-product-pilot-content.ts:249
smarthome,guide,https://smarthome.madabase.com/guides/smart-ceiling-lights-buying-guide,"Smart Ceiling Light Buying Guide: Lumens, Wiring, Matter, and Wall Controls",included,"August 11, 2026",58,,,,,zero-impression,long-title,,"Inspect index status, canonical, age, duplication, and keyword demand; then retarget, merge, or keep only when the page has a distinct job.",broad-product-pilot-3-content.ts:575
smarthome,guide,https://smarthome.madabase.com/guides/smart-coffee-makers-buying-guide,Smart vs Programmable Coffee Maker: Is App Control Useful?,included,"September 7, 2026",31,,,,,zero-impression,,,"Inspect index status, canonical, age, duplication, and keyword demand; then retarget, merge, or keep only when the page has a distinct job.",breadth-draft-120-plus-content.ts:generated
smarthome,guide,https://smarthome.madabase.com/guides/smart-contact-sensors-buying-guide,Smart Contact Sensors Buying Guide,included,"August 9, 2026",60,,,,,zero-impression,,,"Inspect index status, canonical, age, duplication, and keyword demand; then retarget, merge, or keep only when the page has a distinct job.",quadruple-expansion-content.ts:generated
smarthome,guide,https://smarthome.madabase.com/guides/smart-contact-sensors-compatibility-and-fit-guide,Smart Contact Sensors: Compatibility and Fit Guide,included,"August 9, 2026",60,,,,,zero-impression,,,"Inspect index status, canonical, age, duplication, and keyword demand; then retarget, merge, or keep only when the page has a distinct job.",quadruple-expansion-content.ts:generated
smarthome,guide,https://smarthome.madabase.com/guides/smart-contact-sensors-ownership-cost-and-maintenance,Smart Contact Sensors: Ownership Cost and Maintenance,included,"August 9, 2026",60,,,,,zero-impression,,,"Inspect index status, canonical, age, duplication, and keyword demand; then retarget, merge, or keep only when the page has a distinct job.",quadruple-expansion-content.ts:generated
smarthome,guide,https://smarthome.madabase.com/guides/smart-contact-sensors-setup-and-daily-workflow,Smart Contact Sensors: Setup and Daily Workflow,included,"August 9, 2026",60,,,,,zero-impression,,,"Inspect index status, canonical, age, duplication, and keyword demand; then retarget, merge, or keep only when the page has a distinct job.",quadruple-expansion-content.ts:generated
smarthome,guide,https://smarthome.madabase.com/guides/smart-contact-sensors-vs-alternatives,Smart Contact Sensors vs. motion sensors,included,"August 9, 2026",60,,,,,zero-impression,,,"Inspect index status, canonical, age, duplication, and keyword demand; then retarget, merge, or keep only when the page has a distinct job.",quadruple-expansion-content.ts:generated
smarthome,guide,https://smarthome.madabase.com/guides/smart-countertop-composters-buying-guide,Electric Countertop Composter vs Compost Bin: Which Fits?,included,"September 7, 2026",31,,,,,zero-impression,,,"Inspect index status, canonical, age, duplication, and keyword demand; then retarget, merge, or keep only when the page has a distinct job.",breadth-draft-120-plus-content.ts:generated
smarthome,guide,https://smarthome.madabase.com/guides/smart-curtain-motors-buying-guide,Smart Curtain Motors Buying Guide,included,"August 9, 2026",60,,,,,zero-impression,,,"Inspect index status, canonical, age, duplication, and keyword demand; then retarget, merge, or keep only when the page has a distinct job.",quadruple-expansion-content.ts:generated
smarthome,guide,https://smarthome.madabase.com/guides/smart-curtain-motors-compatibility-and-fit-guide,Smart Curtain Motors: Compatibility and Fit Guide,included,"August 9, 2026",60,,,,,zero-impression,,,"Inspect index status, canonical, age, duplication, and keyword demand; then retarget, merge, or keep only when the page has a distinct job.",quadruple-expansion-content.ts:generated
smarthome,guide,https://smarthome.madabase.com/guides/smart-curtain-motors-ownership-cost-and-maintenance,Smart Curtain Motors: Ownership Cost and Maintenance,included,"August 9, 2026",60,,,,,zero-impression,,,"Inspect index status, canonical, age, duplication, and keyword demand; then retarget, merge, or keep only when the page has a distinct job.",quadruple-expansion-content.ts:generated
smarthome,guide,https://smarthome.madabase.com/guides/smart-curtain-motors-setup-and-daily-workflow,Smart Curtain Motors: Setup and Daily Workflow,included,"August 9, 2026",60,,,,,zero-impression,,,"Inspect index status, canonical, age, duplication, and keyword demand; then retarget, merge, or keep only when the page has a distinct job.",quadruple-expansion-content.ts:generated
smarthome,guide,https://smarthome.madabase.com/guides/smart-curtain-motors-vs-alternatives,Smart Curtain Motors vs. motorized curtain tracks,included,"August 9, 2026",60,,,,,zero-impression,,,"Inspect index status, canonical, age, duplication, and keyword demand; then retarget, merge, or keep only when the page has a distinct job.",quadruple-expansion-content.ts:generated
smarthome,guide,https://smarthome.madabase.com/guides/smart-dehumidifiers-buying-guide,"Smart Dehumidifier Buying Guide: Capacity, Drainage, and App Control",included,"August 10, 2026",59,,,,,zero-impression,,,"Inspect index status, canonical, age, duplication, and keyword demand; then retarget, merge, or keep only when the page has a distinct job.",broad-product-pilot-2-content.ts:190
smarthome,guide,https://smarthome.madabase.com/guides/smart-dimmer-switches-buying-guide,Smart Dimmer Switches Buying Guide,included,"August 9, 2026",60,,,,,zero-impression,,,"Inspect index status, canonical, age, duplication, and keyword demand; then retarget, merge, or keep only when the page has a distinct job.",quadruple-expansion-content.ts:generated
smarthome,guide,https://smarthome.madabase.com/guides/smart-dimmer-switches-compatibility-and-fit-guide,Smart Dimmer Switches: Compatibility and Fit Guide,included,"August 9, 2026",60,,,,,zero-impression,,,"Inspect index status, canonical, age, duplication, and keyword demand; then retarget, merge, or keep only when the page has a distinct job.",quadruple-expansion-content.ts:generated
smarthome,guide,https://smarthome.madabase.com/guides/smart-dimmer-switches-ownership-cost-and-maintenance,Smart Dimmer Switches: Ownership Cost and Maintenance,included,"August 9, 2026",60,,,,,zero-impression,,,"Inspect index status, canonical, age, duplication, and keyword demand; then retarget, merge, or keep only when the page has a distinct job.",quadruple-expansion-content.ts:generated
smarthome,guide,https://smarthome.madabase.com/guides/smart-dimmer-switches-setup-and-daily-workflow,Smart Dimmer Switches: Setup and Daily Workflow,included,"August 9, 2026",60,,,,,zero-impression,,,"Inspect index status, canonical, age, duplication, and keyword demand; then retarget, merge, or keep only when the page has a distinct job.",quadruple-expansion-content.ts:generated
smarthome,guide,https://smarthome.madabase.com/guides/smart-displays-buying-guide,Smart Display vs Smart Speaker: Which Should You Buy?,included,"September 4, 2026",34,,,,,zero-impression,,,"Inspect index status, canonical, age, duplication, and keyword demand; then retarget, merge, or keep only when the page has a distinct job.",quadruple-expansion-content.ts:generated
smarthome,guide,https://smarthome.madabase.com/guides/smart-electric-kettles-buying-guide,"Smart Electric Kettle Buying Guide: Temperature, App Control, and Safe Routines",included,"August 11, 2026",58,,,,,zero-impression,long-title,,"Inspect index status, canonical, age, duplication, and keyword demand; then retarget, merge, or keep only when the page has a distinct job.",broad-product-pilot-3-content.ts:350
smarthome,guide,https://smarthome.madabase.com/guides/smart-ev-chargers-buying-guide,Smart EV Chargers Buying Guide,included,"August 9, 2026",60,,,,,zero-impression,,,"Inspect index status, canonical, age, duplication, and keyword demand; then retarget, merge, or keep only when the page has a distinct job.",quadruple-expansion-content.ts:generated
smarthome,guide,https://smarthome.madabase.com/guides/smart-ev-chargers-compatibility-and-fit-guide,Smart EV Chargers: Compatibility and Fit Guide,included,"August 9, 2026",60,,,,,zero-impression,,,"Inspect index status, canonical, age, duplication, and keyword demand; then retarget, merge, or keep only when the page has a distinct job.",quadruple-expansion-content.ts:generated
smarthome,guide,https://smarthome.madabase.com/guides/smart-ev-chargers-ownership-cost-and-maintenance,Smart EV Chargers: Ownership Cost and Maintenance,included,"August 9, 2026",60,,,,,zero-impression,,,"Inspect index status, canonical, age, duplication, and keyword demand; then retarget, merge, or keep only when the page has a distinct job.",quadruple-expansion-content.ts:generated
smarthome,guide,https://smarthome.madabase.com/guides/smart-ev-chargers-setup-and-daily-workflow,Smart EV Chargers: Setup and Daily Workflow,included,"August 27, 2026",42,,,,,zero-impression,,,"Inspect index status, canonical, age, duplication, and keyword demand; then retarget, merge, or keep only when the page has a distinct job.",quadruple-expansion-content.ts:generated
smarthome,guide,https://smarthome.madabase.com/guides/smart-ev-chargers-vs-alternatives,Smart EV Chargers vs. non-connected Level 2 chargers,included,"August 9, 2026",60,,,,,zero-impression,,,"Inspect index status, canonical, age, duplication, and keyword demand; then retarget, merge, or keep only when the page has a distinct job.",quadruple-expansion-content.ts:generated
smarthome,guide,https://smarthome.madabase.com/guides/smart-floor-vents-buying-guide,Smart Vents vs HVAC Balancing: Which Fixes Uneven Rooms?,included,"September 7, 2026",31,,,,,zero-impression,,,"Inspect index status, canonical, age, duplication, and keyword demand; then retarget, merge, or keep only when the page has a distinct job.",breadth-draft-120-plus-content.ts:generated
smarthome,guide,https://smarthome.madabase.com/guides/smart-garage-door-controllers-buying-guide,Smart garage-door Controllers Buying Guide,included,"August 9, 2026",60,,,,,zero-impression,,,"Inspect index status, canonical, age, duplication, and keyword demand; then retarget, merge, or keep only when the page has a distinct job.",quadruple-expansion-content.ts:generated
smarthome,guide,https://smarthome.madabase.com/guides/smart-glass-break-sensors-buying-guide,Glass-Break Sensor vs Window Contact: Which Should You Install?,included,"September 7, 2026",31,,,,,zero-impression,,,"Inspect index status, canonical, age, duplication, and keyword demand; then retarget, merge, or keep only when the page has a distinct job.",breadth-draft-120-plus-content.ts:generated
smarthome,guide,https://smarthome.madabase.com/guides/smart-home-sirens-buying-guide,Smart-home Sirens Buying Guide,included,"August 9, 2026",60,,,,,zero-impression,,,"Inspect index status, canonical, age, duplication, and keyword demand; then retarget, merge, or keep only when the page has a distinct job.",quadruple-expansion-content.ts:generated
smarthome,guide,https://smarthome.madabase.com/guides/smart-home-sirens-compatibility-and-fit-guide,Smart-home Sirens: Compatibility and Fit Guide,included,"August 9, 2026",60,,,,,zero-impression,,,"Inspect index status, canonical, age, duplication, and keyword demand; then retarget, merge, or keep only when the page has a distinct job.",quadruple-expansion-content.ts:generated
smarthome,guide,https://smarthome.madabase.com/guides/smart-home-sirens-ownership-cost-and-maintenance,Smart-home Sirens: Ownership Cost and Maintenance,included,"August 9, 2026",60,,,,,zero-impression,,,"Inspect index status, canonical, age, duplication, and keyword demand; then retarget, merge, or keep only when the page has a distinct job.",quadruple-expansion-content.ts:generated
smarthome,guide,https://smarthome.madabase.com/guides/smart-home-sirens-setup-and-daily-workflow,Smart-home Sirens: Setup and Daily Workflow,included,"August 9, 2026",60,,,,,zero-impression,,,"Inspect index status, canonical, age, duplication, and keyword demand; then retarget, merge, or keep only when the page has a distinct job.",quadruple-expansion-content.ts:generated
smarthome,guide,https://smarthome.madabase.com/guides/smart-home-sirens-vs-alternatives,Smart-home Sirens vs. complete monitored alarm systems,included,"August 9, 2026",60,,,,,zero-impression,,,"Inspect index status, canonical, age, duplication, and keyword demand; then retarget, merge, or keep only when the page has a distinct job.",quadruple-expansion-content.ts:generated
smarthome,guide,https://smarthome.madabase.com/guides/smart-hose-faucet-timers-buying-guide,"Smart Hose Faucet Timer Buying Guide: Hub Range, Pressure, and Fail-Safe Watering",included,"August 10, 2026",59,,,,,zero-impression,long-title,,"Inspect index status, canonical, age, duplication, and keyword demand; then retarget, merge, or keep only when the page has a distinct job.",broad-product-pilot-2-content.ts:133
smarthome,guide,https://smarthome.madabase.com/guides/smart-humidifiers-buying-guide,"Smart Humidifier Buying Guide: Output, Hygrometer Placement, and Cleaning",included,"August 11, 2026",58,,,,,zero-impression,long-title,,"Inspect index status, canonical, age, duplication, and keyword demand; then retarget, merge, or keep only when the page has a distinct job.",broad-product-pilot-3-content.ts:440
smarthome,guide,https://smarthome.madabase.com/guides/smart-indoor-gardens-buying-guide,Smart Indoor Garden vs Grow Light: Which Should You Buy?,included,"September 7, 2026",31,,,,,zero-impression,,,"Inspect index status, canonical, age, duplication, and keyword demand; then retarget, merge, or keep only when the page has a distinct job.",breadth-draft-120-plus-content.ts:generated
smarthome,guide,https://smarthome.madabase.com/guides/smart-irrigation-controllers-buying-guide,Smart Irrigation Controllers Buying Guide,included,"August 9, 2026",60,,,,,zero-impression,,,"Inspect index status, canonical, age, duplication, and keyword demand; then retarget, merge, or keep only when the page has a distinct job.",quadruple-expansion-content.ts:generated
smarthome,guide,https://smarthome.madabase.com/guides/smart-irrigation-controllers-compatibility-and-fit-guide,Smart Irrigation Controllers: Compatibility and Fit Guide,included,"August 9, 2026",60,,,,,zero-impression,,,"Inspect index status, canonical, age, duplication, and keyword demand; then retarget, merge, or keep only when the page has a distinct job.",quadruple-expansion-content.ts:generated
smarthome,guide,https://smarthome.madabase.com/guides/smart-irrigation-controllers-ownership-cost-and-maintenance,Smart Irrigation Controllers: Ownership Cost and Maintenance,included,"August 9, 2026",60,,,,,zero-impression,,,"Inspect index status, canonical, age, duplication, and keyword demand; then retarget, merge, or keep only when the page has a distinct job.",quadruple-expansion-content.ts:generated
smarthome,guide,https://smarthome.madabase.com/guides/smart-irrigation-controllers-setup-and-daily-workflow,Smart Irrigation Controllers: Setup and Daily Workflow,included,"August 9, 2026",60,,,,,zero-impression,,,"Inspect index status, canonical, age, duplication, and keyword demand; then retarget, merge, or keep only when the page has a distinct job.",quadruple-expansion-content.ts:generated
smarthome,guide,https://smarthome.madabase.com/guides/smart-irrigation-controllers-vs-alternatives,Smart Irrigation Controllers vs. weather-based standalone timers,included,"August 9, 2026",60,,,,,zero-impression,,,"Inspect index status, canonical, age, duplication, and keyword demand; then retarget, merge, or keep only when the page has a distinct job.",quadruple-expansion-content.ts:generated
smarthome,guide,https://smarthome.madabase.com/guides/smart-landscape-spotlights-buying-guide,Landscape Spotlight vs Floodlight: Which Beam Fits?,included,"September 7, 2026",31,,,,,zero-impression,,,"Inspect index status, canonical, age, duplication, and keyword demand; then retarget, merge, or keep only when the page has a distinct job.",breadth-draft-120-plus-content.ts:generated
smarthome,guide,https://smarthome.madabase.com/guides/smart-lever-locks-buying-guide,Smart Lever Lock vs Smart Deadbolt: Which Fits Your Door?,included,"September 7, 2026",31,,,,,zero-impression,,,"Inspect index status, canonical, age, duplication, and keyword demand; then retarget, merge, or keep only when the page has a distinct job.",breadth-draft-120-plus-content.ts:generated
smarthome,guide,https://smarthome.madabase.com/guides/smart-light-strips-buying-guide,Smart Light Strips Buying Guide,included,"August 9, 2026",60,,,,,zero-impression,,,"Inspect index status, canonical, age, duplication, and keyword demand; then retarget, merge, or keep only when the page has a distinct job.",quadruple-expansion-content.ts:generated
smarthome,guide,https://smarthome.madabase.com/guides/smart-light-strips-compatibility-and-fit-guide,Smart Light Strips: Compatibility and Fit Guide,included,"August 9, 2026",60,,,,,zero-impression,,,"Inspect index status, canonical, age, duplication, and keyword demand; then retarget, merge, or keep only when the page has a distinct job.",quadruple-expansion-content.ts:generated
smarthome,guide,https://smarthome.madabase.com/guides/smart-light-strips-ownership-cost-and-maintenance,Smart Light Strips: Ownership Cost and Maintenance,included,"August 9, 2026",60,,,,,zero-impression,,,"Inspect index status, canonical, age, duplication, and keyword demand; then retarget, merge, or keep only when the page has a distinct job.",quadruple-expansion-content.ts:generated
smarthome,guide,https://smarthome.madabase.com/guides/smart-light-strips-setup-and-daily-workflow,Smart Light Strips: Setup and Daily Workflow,included,"August 9, 2026",60,,,,,zero-impression,,,"Inspect index status, canonical, age, duplication, and keyword demand; then retarget, merge, or keep only when the page has a distinct job.",quadruple-expansion-content.ts:generated
smarthome,guide,https://smarthome.madabase.com/guides/smart-light-strips-vs-alternatives,Smart Light Strips vs. smart bulbs or fixed accent lighting,included,"August 9, 2026",60,,,,,zero-impression,,,"Inspect index status, canonical, age, duplication, and keyword demand; then retarget, merge, or keep only when the page has a distinct job.",quadruple-expansion-content.ts:generated
smarthome,guide,https://smarthome.madabase.com/guides/smart-lock-wifi-vs-matter-thread-guide,Smart Lock Wi-Fi vs. Matter over Thread,included,"July 1, 2026",99,,,,,zero-impression,,,"Inspect index status, canonical, age, duplication, and keyword demand; then retarget, merge, or keep only when the page has a distinct job.",commercial-expansion-content.ts:662
smarthome,guide,https://smarthome.madabase.com/guides/smart-motion-sensors-buying-guide,Smart Motion Sensors Buying Guide,included,"August 9, 2026",60,,,,,zero-impression,,,"Inspect index status, canonical, age, duplication, and keyword demand; then retarget, merge, or keep only when the page has a distinct job.",quadruple-expansion-content.ts:generated
smarthome,guide,https://smarthome.madabase.com/guides/smart-motion-sensors-compatibility-and-fit-guide,Smart Motion Sensors: Compatibility and Fit Guide,included,"August 9, 2026",60,,,,,zero-impression,,,"Inspect index status, canonical, age, duplication, and keyword demand; then retarget, merge, or keep only when the page has a distinct job.",quadruple-expansion-content.ts:generated
smarthome,guide,https://smarthome.madabase.com/guides/smart-motion-sensors-ownership-cost-and-maintenance,Smart Motion Sensors: Ownership Cost and Maintenance,included,"August 9, 2026",60,,,,,zero-impression,,,"Inspect index status, canonical, age, duplication, and keyword demand; then retarget, merge, or keep only when the page has a distinct job.",quadruple-expansion-content.ts:generated
smarthome,guide,https://smarthome.madabase.com/guides/smart-motion-sensors-setup-and-daily-workflow,Smart Motion Sensors: Setup and Daily Workflow,included,"August 9, 2026",60,,,,,zero-impression,,,"Inspect index status, canonical, age, duplication, and keyword demand; then retarget, merge, or keep only when the page has a distinct job.",quadruple-expansion-content.ts:generated
smarthome,guide,https://smarthome.madabase.com/guides/smart-motion-sensors-vs-alternatives,Smart Motion Sensors vs. presence sensors,included,"August 9, 2026",60,,,,,zero-impression,,,"Inspect index status, canonical, age, duplication, and keyword demand; then retarget, merge, or keep only when the page has a distinct job.",quadruple-expansion-content.ts:generated
smarthome,guide,https://smarthome.madabase.com/guides/smart-pathway-lights-buying-guide,Solar vs Low-Voltage Path Lights: Which Setup Is Better?,included,"September 7, 2026",31,,,,,zero-impression,,,"Inspect index status, canonical, age, duplication, and keyword demand; then retarget, merge, or keep only when the page has a distinct job.",breadth-draft-120-plus-content.ts:generated
smarthome,guide,https://smarthome.madabase.com/guides/smart-pool-thermometers-buying-guide,Smart vs Floating Pool Thermometer: Is Remote Data Worth It?,included,"September 7, 2026",31,,,,,zero-impression,,,"Inspect index status, canonical, age, duplication, and keyword demand; then retarget, merge, or keep only when the page has a distinct job.",breadth-draft-120-plus-content.ts:generated
smarthome,guide,https://smarthome.madabase.com/guides/smart-power-strips-buying-guide,Smart Power Strips Buying Guide,included,"August 9, 2026",60,,,,,zero-impression,,,"Inspect index status, canonical, age, duplication, and keyword demand; then retarget, merge, or keep only when the page has a distinct job.",quadruple-expansion-content.ts:generated
smarthome,guide,https://smarthome.madabase.com/guides/smart-power-strips-compatibility-and-fit-guide,Smart Power Strips: Compatibility and Fit Guide,included,"August 9, 2026",60,,,,,zero-impression,,,"Inspect index status, canonical, age, duplication, and keyword demand; then retarget, merge, or keep only when the page has a distinct job.",quadruple-expansion-content.ts:generated
smarthome,guide,https://smarthome.madabase.com/guides/smart-power-strips-ownership-cost-and-maintenance,Smart Power Strips: Ownership Cost and Maintenance,included,"August 9, 2026",60,,,,,zero-impression,,,"Inspect index status, canonical, age, duplication, and keyword demand; then retarget, merge, or keep only when the page has a distinct job.",quadruple-expansion-content.ts:generated
smarthome,guide,https://smarthome.madabase.com/guides/smart-power-strips-setup-and-daily-workflow,Smart Power Strips: Setup and Daily Workflow,included,"August 9, 2026",60,,,,,zero-impression,,,"Inspect index status, canonical, age, duplication, and keyword demand; then retarget, merge, or keep only when the page has a distinct job.",quadruple-expansion-content.ts:generated
smarthome,guide,https://smarthome.madabase.com/guides/smart-power-strips-vs-alternatives,Smart Power Strip vs Smart Plug: Which Is Better?,included,"September 4, 2026",34,,,,,zero-impression,,,"Inspect index status, canonical, age, duplication, and keyword demand; then retarget, merge, or keep only when the page has a distinct job.",quadruple-expansion-content.ts:generated
smarthome,guide,https://smarthome.madabase.com/guides/smart-propane-tank-monitors-buying-guide,Smart Propane Monitor vs Manual Gauge: Which Should You Use?,included,"September 7, 2026",31,,,,,zero-impression,,,"Inspect index status, canonical, age, duplication, and keyword demand; then retarget, merge, or keep only when the page has a distinct job.",breadth-draft-120-plus-content.ts:generated
smarthome,guide,https://smarthome.madabase.com/guides/smart-radiator-valves-buying-guide,Smart Radiator Valve vs Smart Thermostat: Which Comes First?,included,"September 7, 2026",31,,,,,zero-impression,,,"Inspect index status, canonical, age, duplication, and keyword demand; then retarget, merge, or keep only when the page has a distinct job.",breadth-draft-120-plus-content.ts:generated
smarthome,guide,https://smarthome.madabase.com/guides/smart-recessed-lights-buying-guide,"Smart recessed lights Buying Guide: Fit, Local Control, and Safety",included,"August 13, 2026",56,,,,,zero-impression,,,"Inspect index status, canonical, age, duplication, and keyword demand; then retarget, merge, or keep only when the page has a distinct job.",breadth-draft-120-plus-content.ts:generated
smarthome,guide,https://smarthome.madabase.com/guides/smart-scene-buttons-buying-guide,Smart Scene Buttons Buying Guide,included,"August 9, 2026",60,,,,,zero-impression,,,"Inspect index status, canonical, age, duplication, and keyword demand; then retarget, merge, or keep only when the page has a distinct job.",quadruple-expansion-content.ts:generated
smarthome,guide,https://smarthome.madabase.com/guides/smart-scene-buttons-compatibility-and-fit-guide,Smart Scene Buttons: Compatibility and Fit Guide,included,"August 9, 2026",60,,,,,zero-impression,,,"Inspect index status, canonical, age, duplication, and keyword demand; then retarget, merge, or keep only when the page has a distinct job.",quadruple-expansion-content.ts:generated
smarthome,guide,https://smarthome.madabase.com/guides/smart-scene-buttons-ownership-cost-and-maintenance,Smart Scene Buttons: Ownership Cost and Maintenance,included,"August 9, 2026",60,,,,,zero-impression,,,"Inspect index status, canonical, age, duplication, and keyword demand; then retarget, merge, or keep only when the page has a distinct job.",quadruple-expansion-content.ts:generated
smarthome,guide,https://smarthome.madabase.com/guides/smart-scene-buttons-setup-and-daily-workflow,Smart Scene Buttons: Setup and Daily Workflow,included,"August 9, 2026",60,,,,,zero-impression,,,"Inspect index status, canonical, age, duplication, and keyword demand; then retarget, merge, or keep only when the page has a distinct job.",quadruple-expansion-content.ts:generated
smarthome,guide,https://smarthome.madabase.com/guides/smart-scene-buttons-vs-alternatives,Smart Scene Buttons vs. app and voice controls,included,"August 9, 2026",60,,,,,zero-impression,,,"Inspect index status, canonical, age, duplication, and keyword demand; then retarget, merge, or keep only when the page has a distinct job.",quadruple-expansion-content.ts:generated
smarthome,guide,https://smarthome.madabase.com/guides/smart-slow-cookers-buying-guide,Smart vs Programmable Slow Cooker: Is Wi-Fi Worth It?,included,"September 7, 2026",31,,,,,zero-impression,,,"Inspect index status, canonical, age, duplication, and keyword demand; then retarget, merge, or keep only when the page has a distinct job.",breadth-draft-120-plus-content.ts:generated
smarthome,guide,https://smarthome.madabase.com/guides/smart-smoke-co-listeners-buying-guide,Smart Smoke and CO Listeners Buying Guide,included,"August 9, 2026",60,,,,,zero-impression,,,"Inspect index status, canonical, age, duplication, and keyword demand; then retarget, merge, or keep only when the page has a distinct job.",quadruple-expansion-content.ts:generated
smarthome,guide,https://smarthome.madabase.com/guides/smart-sous-vide-cookers-buying-guide,Smart vs Local-Control Sous Vide: Do You Need the App?,included,"September 7, 2026",31,,,,,zero-impression,,,"Inspect index status, canonical, age, duplication, and keyword demand; then retarget, merge, or keep only when the page has a distinct job.",breadth-draft-120-plus-content.ts:generated
smarthome,guide,https://smarthome.madabase.com/guides/smart-space-heaters-buying-guide,Smart vs Standard Space Heater: Is Wi-Fi Worth It?,included,"September 7, 2026",31,,,,,zero-impression,,,"Inspect index status, canonical, age, duplication, and keyword demand; then retarget, merge, or keep only when the page has a distinct job.",breadth-draft-120-plus-content.ts:generated
smarthome,guide,https://smarthome.madabase.com/guides/smart-speakers-buying-guide,Smart Speakers Buying Guide,included,"August 9, 2026",60,,,,,zero-impression,weak-title,,"Inspect index status, canonical, age, duplication, and keyword demand; then retarget, merge, or keep only when the page has a distinct job.",quadruple-expansion-content.ts:generated
smarthome,guide,https://smarthome.madabase.com/guides/smart-speakers-compatibility-and-fit-guide,Smart Speakers: Compatibility and Fit Guide,included,"August 9, 2026",60,,,,,zero-impression,,,"Inspect index status, canonical, age, duplication, and keyword demand; then retarget, merge, or keep only when the page has a distinct job.",quadruple-expansion-content.ts:generated
smarthome,guide,https://smarthome.madabase.com/guides/smart-speakers-ownership-cost-and-maintenance,Smart Speakers: Ownership Cost and Maintenance,included,"August 9, 2026",60,,,,,zero-impression,,,"Inspect index status, canonical, age, duplication, and keyword demand; then retarget, merge, or keep only when the page has a distinct job.",quadruple-expansion-content.ts:generated
smarthome,guide,https://smarthome.madabase.com/guides/smart-speakers-setup-and-daily-workflow,Smart Speakers: Setup and Daily Workflow,included,"August 9, 2026",60,,,,,zero-impression,,,"Inspect index status, canonical, age, duplication, and keyword demand; then retarget, merge, or keep only when the page has a distinct job.",quadruple-expansion-content.ts:generated
smarthome,guide,https://smarthome.madabase.com/guides/smart-speakers-vs-alternatives,Smart Speakers vs. smart displays,included,"August 9, 2026",60,,,,,zero-impression,,,"Inspect index status, canonical, age, duplication, and keyword demand; then retarget, merge, or keep only when the page has a distinct job.",quadruple-expansion-content.ts:generated
smarthome,guide,https://smarthome.madabase.com/guides/smart-sump-pump-monitors-buying-guide,Sump Pump Monitor vs High-Water Alarm: Which Do You Need?,included,"September 7, 2026",31,,,,,zero-impression,,,"Inspect index status, canonical, age, duplication, and keyword demand; then retarget, merge, or keep only when the page has a distinct job.",breadth-draft-120-plus-content.ts:generated
smarthome,guide,https://smarthome.madabase.com/guides/smart-table-lamps-buying-guide,Smart Lamp vs Smart Bulb: Which Is the Better Upgrade?,included,"September 7, 2026",31,,,,,zero-impression,,,"Inspect index status, canonical, age, duplication, and keyword demand; then retarget, merge, or keep only when the page has a distinct job.",breadth-draft-120-plus-content.ts:generated
smarthome,guide,https://smarthome.madabase.com/guides/smart-tower-fans-buying-guide,"Smart Tower Fan Buying Guide: Airflow, Noise, Oscillation, and App Control",included,"August 11, 2026",58,,,,,zero-impression,long-title,,"Inspect index status, canonical, age, duplication, and keyword demand; then retarget, merge, or keep only when the page has a distinct job.",broad-product-pilot-3-content.ts:485
smarthome,guide,https://smarthome.madabase.com/guides/smart-under-cabinet-lights-buying-guide,"Smart under-cabinet lights Buying Guide: Fit, Local Control, and Safety",included,"August 13, 2026",56,,,,,zero-impression,,,"Inspect index status, canonical, age, duplication, and keyword demand; then retarget, merge, or keep only when the page has a distinct job.",breadth-draft-120-plus-content.ts:generated
smarthome,guide,https://smarthome.madabase.com/guides/smart-vibration-sensors-buying-guide,Vibration Sensor vs Contact Sensor: Which Detects the Right Event?,included,"September 7, 2026",31,,,,,zero-impression,,,"Inspect index status, canonical, age, duplication, and keyword demand; then retarget, merge, or keep only when the page has a distinct job.",breadth-draft-120-plus-content.ts:generated
smarthome,guide,https://smarthome.madabase.com/guides/smart-wall-control-panels-buying-guide,Wall Control Panel vs Mounted Tablet: Which Is Better?,included,"September 7, 2026",31,,,,,zero-impression,,,"Inspect index status, canonical, age, duplication, and keyword demand; then retarget, merge, or keep only when the page has a distinct job.",breadth-draft-120-plus-content.ts:generated
smarthome,guide,https://smarthome.madabase.com/guides/smart-wall-switches-buying-guide,Smart Wall Switches Buying Guide,included,"August 9, 2026",60,,,,,zero-impression,,,"Inspect index status, canonical, age, duplication, and keyword demand; then retarget, merge, or keep only when the page has a distinct job.",quadruple-expansion-content.ts:generated
smarthome,guide,https://smarthome.madabase.com/guides/smart-wall-switches-compatibility-and-fit-guide,Smart Wall Switches: Compatibility and Fit Guide,included,"August 9, 2026",60,,,,,zero-impression,,,"Inspect index status, canonical, age, duplication, and keyword demand; then retarget, merge, or keep only when the page has a distinct job.",quadruple-expansion-content.ts:generated
smarthome,guide,https://smarthome.madabase.com/guides/smart-wall-switches-ownership-cost-and-maintenance,Smart Wall Switches: Ownership Cost and Maintenance,included,"August 9, 2026",60,,,,,zero-impression,,,"Inspect index status, canonical, age, duplication, and keyword demand; then retarget, merge, or keep only when the page has a distinct job.",quadruple-expansion-content.ts:generated
smarthome,guide,https://smarthome.madabase.com/guides/smart-wall-switches-setup-and-daily-workflow,Smart Wall Switches: Setup and Daily Workflow,included,"August 9, 2026",60,,,,,zero-impression,,,"Inspect index status, canonical, age, duplication, and keyword demand; then retarget, merge, or keep only when the page has a distinct job.",quadruple-expansion-content.ts:generated
smarthome,guide,https://smarthome.madabase.com/guides/smart-wall-switches-vs-alternatives,Smart Wall Switches vs. smart bulbs,included,"August 9, 2026",60,,,,,zero-impression,,,"Inspect index status, canonical, age, duplication, and keyword demand; then retarget, merge, or keep only when the page has a distinct job.",quadruple-expansion-content.ts:generated
smarthome,guide,https://smarthome.madabase.com/guides/smart-water-shutoff-valve-fit-checklist,Smart Water Shutoff Valve Fit Checklist,included,"July 22, 2026",78,,,,,zero-impression,,,"Inspect index status, canonical, age, duplication, and keyword demand; then retarget, merge, or keep only when the page has a distinct job.",smarthome-water-shutoff-content.ts:432
smarthome,guide,https://smarthome.madabase.com/guides/smart-water-shutoff-valves-buying-guide,Smart Water Shutoff Valves Buying Guide,included,"August 9, 2026",60,,,,,zero-impression,,,"Inspect index status, canonical, age, duplication, and keyword demand; then retarget, merge, or keep only when the page has a distinct job.",quadruple-expansion-content.ts:generated
smarthome,guide,https://smarthome.madabase.com/guides/smart-water-shutoff-valves-compatibility-and-fit-guide,Smart Water Shutoff Valves: Compatibility and Fit Guide,included,"August 9, 2026",60,,,,,zero-impression,,,"Inspect index status, canonical, age, duplication, and keyword demand; then retarget, merge, or keep only when the page has a distinct job.",quadruple-expansion-content.ts:generated
smarthome,guide,https://smarthome.madabase.com/guides/smart-water-shutoff-valves-ownership-cost-and-maintenance,Smart Water Shutoff Valves: Ownership Cost and Maintenance,included,"August 9, 2026",60,,,,,zero-impression,,,"Inspect index status, canonical, age, duplication, and keyword demand; then retarget, merge, or keep only when the page has a distinct job.",quadruple-expansion-content.ts:generated
smarthome,guide,https://smarthome.madabase.com/guides/smart-water-shutoff-valves-setup-and-daily-workflow,Smart Water Shutoff Valves: Setup and Daily Workflow,included,"August 9, 2026",60,,,,,zero-impression,,,"Inspect index status, canonical, age, duplication, and keyword demand; then retarget, merge, or keep only when the page has a distinct job.",quadruple-expansion-content.ts:generated
smarthome,guide,https://smarthome.madabase.com/guides/smart-water-shutoff-valves-vs-alternatives,Water Shutoff Valve vs Leak Sensor: Which Protects More?,included,"September 4, 2026",34,,,,,zero-impression,,,"Inspect index status, canonical, age, duplication, and keyword demand; then retarget, merge, or keep only when the page has a distinct job.",quadruple-expansion-content.ts:generated
smarthome,guide,https://smarthome.madabase.com/guides/smart-window-air-conditioners-buying-guide,"Smart Window Air Conditioner Buying Guide: Fit, Electrical Load, Noise, and App Value",included,"August 10, 2026",59,,,,,zero-impression,long-title,,"Inspect index status, canonical, age, duplication, and keyword demand; then retarget, merge, or keep only when the page has a distinct job.",broad-product-pilot-content.ts:299
smarthome,guide,https://smarthome.madabase.com/guides/tapo-p110m-aqara-hub-m3-pairing,Pair Tapo P110M with Aqara Hub M3: Matter Checklist,included,"July 16, 2026",84,,,,,zero-impression,,,"Inspect index status, canonical, age, duplication, and keyword demand; then retarget, merge, or keep only when the page has a distinct job.",aggressive-portfolio-expansion-content.ts:274
smarthome,guide,https://smarthome.madabase.com/guides/tapo-p110m-home-assistant-energy-monitoring,Tapo P110M Home Assistant Setup: Energy Monitoring,included,"August 13, 2026",56,,,,,zero-impression,,implemented,"Inspect index status, canonical, age, duplication, and keyword demand; then retarget, merge, or keep only when the page has a distinct job.",aggressive-portfolio-expansion-content.ts:250
smarthome,guide,https://smarthome.madabase.com/guides/tapo-p110m-matter-vs-tapo-integration,Tapo P110M: Matter vs. Tapo Integration,included,"July 16, 2026",84,,,,,zero-impression,,,"Inspect index status, canonical, age, duplication, and keyword demand; then retarget, merge, or keep only when the page has a distinct job.",aggressive-portfolio-expansion-content.ts:297
smarthome,guide,https://smarthome.madabase.com/guides/tapo-p125m-vs-p110m,Tapo P110M vs P125M: Energy Monitoring or Matter?,included,"July 23, 2026",77,,,,,zero-impression,,implemented,"Inspect index status, canonical, age, duplication, and keyword demand; then retarget, merge, or keep only when the page has a distinct job.",topic-cluster-content.ts:295
smarthome,guide,https://smarthome.madabase.com/guides/temperature-humidity-sensors-buying-guide,Temperature and Humidity Sensors Buying Guide,included,"August 9, 2026",60,,,,,zero-impression,,,"Inspect index status, canonical, age, duplication, and keyword demand; then retarget, merge, or keep only when the page has a distinct job.",quadruple-expansion-content.ts:generated
smarthome,guide,https://smarthome.madabase.com/guides/temperature-humidity-sensors-compatibility-and-fit-guide,Temperature and Humidity Sensors: Compatibility and Fit Guide,included,"August 9, 2026",60,,,,,zero-impression,,,"Inspect index status, canonical, age, duplication, and keyword demand; then retarget, merge, or keep only when the page has a distinct job.",quadruple-expansion-content.ts:generated
smarthome,guide,https://smarthome.madabase.com/guides/temperature-humidity-sensors-ownership-cost-and-maintenance,Temperature and Humidity Sensors: Ownership Cost and Maintenance,included,"August 9, 2026",60,,,,,zero-impression,,,"Inspect index status, canonical, age, duplication, and keyword demand; then retarget, merge, or keep only when the page has a distinct job.",quadruple-expansion-content.ts:generated
smarthome,guide,https://smarthome.madabase.com/guides/temperature-humidity-sensors-setup-and-daily-workflow,Temperature and Humidity Sensors: Setup and Daily Workflow,included,"August 9, 2026",60,,,,,zero-impression,,,"Inspect index status, canonical, age, duplication, and keyword demand; then retarget, merge, or keep only when the page has a distinct job.",quadruple-expansion-content.ts:generated
smarthome,guide,https://smarthome.madabase.com/guides/temperature-humidity-sensors-vs-alternatives,Temperature and Humidity Sensors vs. thermostat room sensors,included,"August 9, 2026",60,,,,,zero-impression,,,"Inspect index status, canonical, age, duplication, and keyword demand; then retarget, merge, or keep only when the page has a distinct job.",quadruple-expansion-content.ts:generated
smarthome,guide,https://smarthome.madabase.com/guides/video-doorbell-battery-storage-subscription-guide,"Video Doorbell Guide: Battery, Local Storage & Subscription Costs",included,"June 30, 2026",100,,,,,zero-impression,,,"Inspect index status, canonical, age, duplication, and keyword demand; then retarget, merge, or keep only when the page has a distinct job.",smarthome-content.ts:406
smarthome,guide,https://smarthome.madabase.com/guides/water-leak-sensor-placement-guide,Water Leak Sensor Placement Guide,included,"July 22, 2026",78,,,,,zero-impression,,,"Inspect index status, canonical, age, duplication, and keyword demand; then retarget, merge, or keep only when the page has a distinct job.",smarthome-leak-expansion-content.ts:290
smarthome,guide,https://smarthome.madabase.com/guides/whole-home-energy-monitors-buying-guide,Whole-home Energy Monitors Buying Guide,included,"August 9, 2026",60,,,,,zero-impression,,,"Inspect index status, canonical, age, duplication, and keyword demand; then retarget, merge, or keep only when the page has a distinct job.",quadruple-expansion-content.ts:generated
smarthome,guide,https://smarthome.madabase.com/guides/whole-home-energy-monitors-compatibility-and-fit-guide,Whole-home Energy Monitors: Compatibility and Fit Guide,included,"August 9, 2026",60,,,,,zero-impression,,,"Inspect index status, canonical, age, duplication, and keyword demand; then retarget, merge, or keep only when the page has a distinct job.",quadruple-expansion-content.ts:generated
smarthome,guide,https://smarthome.madabase.com/guides/whole-home-energy-monitors-ownership-cost-and-maintenance,Whole-home Energy Monitors: Ownership Cost and Maintenance,included,"August 9, 2026",60,,,,,zero-impression,,,"Inspect index status, canonical, age, duplication, and keyword demand; then retarget, merge, or keep only when the page has a distinct job.",quadruple-expansion-content.ts:generated
smarthome,guide,https://smarthome.madabase.com/guides/whole-home-energy-monitors-setup-and-daily-workflow,Whole-home Energy Monitors: Setup and Daily Workflow,included,"August 9, 2026",60,,,,,zero-impression,,,"Inspect index status, canonical, age, duplication, and keyword demand; then retarget, merge, or keep only when the page has a distinct job.",quadruple-expansion-content.ts:generated
smarthome,guide,https://smarthome.madabase.com/guides/whole-home-energy-monitors-vs-alternatives,Whole-Home Energy Monitor vs Smart Plug: Which Is Better?,included,"September 4, 2026",34,,,,,zero-impression,,,"Inspect index status, canonical, age, duplication, and keyword demand; then retarget, merge, or keep only when the page has a distinct job.",quadruple-expansion-content.ts:generated
smarthome,guide,https://smarthome.madabase.com/guides/wifi-vs-zigbee-vs-lora-water-leak-sensor-guide,Wi-Fi vs Zigbee vs LoRa Water Leak Sensors,included,"August 6, 2026",63,,,,,zero-impression,,implemented,"Inspect index status, canonical, age, duplication, and keyword demand; then retarget, merge, or keep only when the page has a distinct job.",smarthome-leak-expansion-content.ts:312
smarthome,product,https://smarthome.madabase.com/reviews/aqara-door-and-window-sensor-p2,"Aqara P2 Guide: Matter over Thread, Hub Requirements & Battery",included,"July 23, 2026",77,,,,,zero-impression,implicit-evidence-mode,implemented,"Inspect index status, canonical, age, duplication, and keyword demand; then retarget, merge, or keep only when the page has a distinct job.",adjacent-expansion-content.ts:117
smarthome,product,https://smarthome.madabase.com/reviews/aqara-presence-sensor-fp2,"Aqara FP2 Guide: Zones, Wi-Fi, Wiring & FP300",included,"August 8, 2026",61,,,,,zero-impression,,,"Inspect index status, canonical, age, duplication, and keyword demand; then retarget, merge, or keep only when the page has a distinct job.",august-2026-product-expansion-content.ts:98
smarthome,product,https://smarthome.madabase.com/reviews/aqara-valve-controller-t1,"Aqara Valve Controller T1 Guide: Fit, Hub and Leak Automation",included,"August 6, 2026",63,,,,,zero-impression,,implemented,"Inspect index status, canonical, age, duplication, and keyword demand; then retarget, merge, or keep only when the page has a distinct job.",smarthome-water-shutoff-content.ts:8
smarthome,product,https://smarthome.madabase.com/reviews/aqara-water-leak-sensor-3-pack-hub-kit,Aqara Water Leak Sensor 3 Pack Hub Kit: Buying Guide,included,"July 9, 2026",91,,,,,zero-impression,implicit-evidence-mode,,"Inspect index status, canonical, age, duplication, and keyword demand; then retarget, merge, or keep only when the page has a distinct job.",smarthome-leak-expansion-content.ts:9
smarthome,product,https://smarthome.madabase.com/reviews/ecobee-smart-thermostat-premium,"ecobee Smart Thermostat Premium Guide: Wiring, Sensors & Bundle",included,"June 30, 2026",100,,,,,zero-impression,implicit-evidence-mode,,"Inspect index status, canonical, age, duplication, and keyword demand; then retarget, merge, or keep only when the page has a distinct job.",smarthome-content.ts:181
smarthome,product,https://smarthome.madabase.com/reviews/emporia-vue-3-home-energy-monitor,"Emporia Vue 3 Guide: Panel Fit, Cloud & Offline Data",included,"August 8, 2026",61,,,,,zero-impression,,,"Inspect index status, canonical, age, duplication, and keyword demand; then retarget, merge, or keep only when the page has a distinct job.",second-round-august-2026-content.ts:126
smarthome,product,https://smarthome.madabase.com/reviews/eufy-video-doorbell-e340,"eufy E340 Guide: Dual Cameras, Local Storage & No Plan",included,"July 23, 2026",77,,,,,zero-impression,implicit-evidence-mode,implemented,"Inspect index status, canonical, age, duplication, and keyword demand; then retarget, merge, or keep only when the page has a distinct job.",commercial-expansion-content.ts:443
smarthome,product,https://smarthome.madabase.com/reviews/govee-wifi-water-leak-detector-3-pack,Govee WiFi Water Leak Detector 3 Pack Guide,included,"July 9, 2026",91,,,,,zero-impression,implicit-evidence-mode,,"Inspect index status, canonical, age, duplication, and keyword demand; then retarget, merge, or keep only when the page has a distinct job.",smarthome-leak-expansion-content.ts:63
smarthome,product,https://smarthome.madabase.com/reviews/meross-msg100-homekit-garage-door-opener,"Meross MSG100 Guide: Compatibility, Hub & Offline Use",included,"August 8, 2026",61,,,,,zero-impression,,,"Inspect index status, canonical, age, duplication, and keyword demand; then retarget, merge, or keep only when the page has a distinct job.",second-round-august-2026-content.ts:64
smarthome,product,https://smarthome.madabase.com/reviews/moen-flo-900-001-smart-water-shutoff,Moen Flo 900-001 Guide: 3/4-Inch Fit and Install,included,"August 6, 2026",63,,,,,zero-impression,,implemented,"Inspect index status, canonical, age, duplication, and keyword demand; then retarget, merge, or keep only when the page has a distinct job.",smarthome-water-shutoff-content.ts:202
smarthome,product,https://smarthome.madabase.com/reviews/ring-battery-doorbell-plus-2nd-gen,Ring Battery Doorbell Plus 2nd Gen Guide: 2K Video & Subscription,included,"July 16, 2026",84,,,,,zero-impression,implicit-evidence-mode,,"Inspect index status, canonical, age, duplication, and keyword demand; then retarget, merge, or keep only when the page has a distinct job.",smarthome-content.ts:90
smarthome,product,https://smarthome.madabase.com/reviews/switchbot-blind-tilt,"SwitchBot Blind Tilt Guide: Hub, Matter & Offline Use",included,"August 8, 2026",61,,,,,zero-impression,,,"Inspect index status, canonical, age, duplication, and keyword demand; then retarget, merge, or keep only when the page has a distinct job.",second-round-august-2026-content.ts:95
smarthome,product,https://smarthome.madabase.com/reviews/tapo-d210-video-doorbell,"Tapo D210 Guide: 2K Doorbell, Local Storage & Battery",included,"July 28, 2026",72,,,,,zero-impression,implicit-evidence-mode,implemented,"Inspect index status, canonical, age, duplication, and keyword demand; then retarget, merge, or keep only when the page has a distinct job.",smarthome-content.ts:135
smarthome,product,https://smarthome.madabase.com/reviews/tapo-s505d-matter-smart-dimmer,"Tapo S505D Guide: Matter Dimmer, Neutral Wire & Bulb Fit",soft-launch-excluded,"August 21, 2026",48,,,,,zero-impression,,,"Inspect index status, canonical, age, duplication, and keyword demand; then retarget, merge, or keep only when the page has a distinct job.",product-expansion-pilot-20260821-content.ts:118
smarthome,product,https://smarthome.madabase.com/reviews/x-sense-sws0a41-water-leak-detector-kit,X-Sense SWS0A41 Water Leak Detector Kit Guide,included,"July 28, 2026",72,,,,,zero-impression,implicit-evidence-mode,implemented,"Inspect index status, canonical, age, duplication, and keyword demand; then retarget, merge, or keep only when the page has a distinct job.",smarthome-leak-expansion-content.ts:117
smarthome,product,https://smarthome.madabase.com/reviews/yolink-lora-water-alarm-bundle,YoLink LoRa Smart Water Alarm Bundle Guide,included,"July 9, 2026",91,,,,,zero-impression,implicit-evidence-mode,,"Inspect index status, canonical, age, duplication, and keyword demand; then retarget, merge, or keep only when the page has a distinct job.",smarthome-leak-expansion-content.ts:174
style,roundup,https://style.madabase.com/best/best-betsey-johnson-mismatched-earrings,Betsey Johnson Mismatched Earrings: Celestial or Cupcake?,included,"July 7, 2026",93,,,,,zero-impression,,,"Inspect index status, canonical, age, duplication, and keyword demand; then retarget, merge, or keep only when the page has a distinct job.",style-content.ts:279
style,roundup,https://style.madabase.com/best/best-funny-socks-for-colorful-outfits,Funny Socks That Still Fit the Shoe,included,"July 7, 2026",93,,,,,zero-impression,,,"Inspect index status, canonical, age, duplication, and keyword demand; then retarget, merge, or keep only when the page has a distinct job.",style-catalog-50.ts:290
style,roundup,https://style.madabase.com/best/best-loungefly-mini-backpacks-by-outfit,Loungefly Mini Backpacks by Outfit,included,"September 24, 2026",14,,,,,zero-impression,,,"Inspect index status, canonical, age, duplication, and keyword demand; then retarget, merge, or keep only when the page has a distinct job.",style-catalog-expansion.ts:340
style,roundup,https://style.madabase.com/best/best-playful-hair-accessories,Playful Hair Accessories by Hair Volume,included,"July 7, 2026",93,,,,,zero-impression,,,"Inspect index status, canonical, age, duplication, and keyword demand; then retarget, merge, or keep only when the page has a distinct job.",style-catalog-50.ts:258
style,roundup,https://style.madabase.com/best/best-scarves-for-outfit-color,Scarves for Adding One Useful Color,included,"July 7, 2026",93,,,,,zero-impression,,,"Inspect index status, canonical, age, duplication, and keyword demand; then retarget, merge, or keep only when the page has a distinct job.",style-catalog-50.ts:274
style,roundup,https://style.madabase.com/best/best-statement-accessories-for-one-focal-point,Statement Accessories for a One-Focal-Point Outfit,included,"July 7, 2026",93,,,,,zero-impression,,,"Inspect index status, canonical, age, duplication, and keyword demand; then retarget, merge, or keep only when the page has a distinct job.",style-content.ts:238
style,roundup,https://style.madabase.com/best/best-weird-earrings-that-are-still-wearable,Weird Earrings That Are Still Wearable,included,"September 24, 2026",14,,,,,zero-impression,,,"Inspect index status, canonical, age, duplication, and keyword demand; then retarget, merge, or keep only when the page has a distinct job.",style-catalog-expansion.ts:310
style,roundup,https://style.madabase.com/best/loungefly-minnie-bow-vs-rock-the-dots-backpack,Loungefly Minnie Bow vs Rock the Dots Mini Backpack,included,"September 24, 2026",14,,,,,zero-impression,,,"Inspect index status, canonical, age, duplication, and keyword demand; then retarget, merge, or keep only when the page has a distinct job.",aggressive-portfolio-expansion-content.ts:145
style,guide,https://style.madabase.com/guides/how-to-style-novelty-accessories-without-looking-costumey,How to Style Novelty Accessories Without Looking Costumey,included,"July 5, 2026",95,,,,,zero-impression,,,"Inspect index status, canonical, age, duplication, and keyword demand; then retarget, merge, or keep only when the page has a distinct job.",style-content.ts:319
style,guide,https://style.madabase.com/guides/loungefly-faux-leather-rain-and-care-guide,"Loungefly Faux-Leather Care, Rain & Storage Guide",included,"July 16, 2026",84,,,,,zero-impression,,,"Inspect index status, canonical, age, duplication, and keyword demand; then retarget, merge, or keep only when the page has a distinct job.",aggressive-portfolio-expansion-content.ts:500
style,guide,https://style.madabase.com/guides/loungefly-mini-backpack-vs-full-size-for-park-day,Loungefly Mini Backpack vs. Full-Size Bag for a Park Day,included,"July 16, 2026",84,,,,,zero-impression,,,"Inspect index status, canonical, age, duplication, and keyword demand; then retarget, merge, or keep only when the page has a distinct job.",aggressive-portfolio-expansion-content.ts:477
style,guide,https://style.madabase.com/guides/mini-backpack-capacity-measurement-guide,Will a Mini Backpack Fit Your Day? A Measurement Guide,included,"July 5, 2026",95,,,,,zero-impression,,,"Inspect index status, canonical, age, duplication, and keyword demand; then retarget, merge, or keep only when the page has a distinct job.",style-content.ts:387
style,guide,https://style.madabase.com/guides/statement-earring-size-weight-closure-guide,"Statement Earring Size, Weight & Closure Guide",included,"July 5, 2026",95,,,,,zero-impression,,,"Inspect index status, canonical, age, duplication, and keyword demand; then retarget, merge, or keep only when the page has a distinct job.",style-content.ts:355
style,product,https://style.madabase.com/reviews/artistic-face-drop-earrings,"Artistic Face Drop Earrings Guide: Size, Materials & Outfit Fit",included,"July 5, 2026",95,,,,,zero-impression,,,"Inspect index status, canonical, age, duplication, and keyword demand; then retarget, merge, or keep only when the page has a distinct job.",style-catalog-expansion.ts:107
style,product,https://style.madabase.com/reviews/aufeel-small-mulberry-silk-scarf,Aufeel Mulberry Silk Small Square Scarf Buying Guide,included,"July 6, 2026",94,,,,,zero-impression,,,"Inspect index status, canonical, age, duplication, and keyword demand; then retarget, merge, or keep only when the page has a distinct job.",style-catalog-50.ts:246
style,product,https://style.madabase.com/reviews/betsey-johnson-backyard-frog-earrings,Betsey Johnson Backyard Frog Dangle Earrings Buying Guide,included,"July 5, 2026",95,,,,,zero-impression,,,"Inspect index status, canonical, age, duplication, and keyword demand; then retarget, merge, or keep only when the page has a distinct job.",style-catalog-expansion.ts:87
style,product,https://style.madabase.com/reviews/betsey-johnson-bee-stud-earrings,"Betsey Johnson Bee Stud Earrings Guide: Size, Materials & Outfit Fit",included,"July 6, 2026",94,,,,,zero-impression,,,"Inspect index status, canonical, age, duplication, and keyword demand; then retarget, merge, or keep only when the page has a distinct job.",style-catalog-50.ts:214
style,product,https://style.madabase.com/reviews/betsey-johnson-boho-butterfly-earrings,Betsey Johnson Boho Butterfly Gem Earrings Buying Guide,included,"July 6, 2026",94,,,,,zero-impression,,,"Inspect index status, canonical, age, duplication, and keyword demand; then retarget, merge, or keep only when the page has a distinct job.",style-catalog-50.ts:166
style,product,https://style.madabase.com/reviews/betsey-johnson-chocolate-strawberry-earrings,Betsey Johnson Love Spell Chocolate Strawberry Earrings Buying Guide,included,"July 6, 2026",94,,,,,zero-impression,,,"Inspect index status, canonical, age, duplication, and keyword demand; then retarget, merge, or keep only when the page has a distinct job.",style-catalog-50.ts:154
style,product,https://style.madabase.com/reviews/betsey-johnson-cup-dangle-earrings,Betsey Johnson BJ Cup Dangle Earrings Buying Guide,included,"July 6, 2026",94,,,,,zero-impression,,,"Inspect index status, canonical, age, duplication, and keyword demand; then retarget, merge, or keep only when the page has a distinct job.",style-catalog-50.ts:190
style,product,https://style.madabase.com/reviews/betsey-johnson-cupcake-mismatch-earrings,Betsey Johnson Cupcake Mismatch Earrings: Fit & Styling Notes,included,"July 23, 2026",77,,,,,zero-impression,implicit-evidence-mode,implemented,"Inspect index status, canonical, age, duplication, and keyword demand; then retarget, merge, or keep only when the page has a distinct job.",style-content.ts:83
style,product,https://style.madabase.com/reviews/betsey-johnson-football-mismatch-earrings,Betsey Johnson Kick Off Football Mismatch Earrings Buying Guide,included,"July 6, 2026",94,,,,,zero-impression,,,"Inspect index status, canonical, age, duplication, and keyword demand; then retarget, merge, or keep only when the page has a distinct job.",style-catalog-50.ts:130
style,product,https://style.madabase.com/reviews/betsey-johnson-lucky-charm-earrings,"Betsey Johnson Lucky Charm Earrings Guide: Size, Materials & Outfit Fit",included,"July 5, 2026",95,,,,,zero-impression,,,"Inspect index status, canonical, age, duplication, and keyword demand; then retarget, merge, or keep only when the page has a distinct job.",style-catalog-expansion.ts:67
style,product,https://style.madabase.com/reviews/betsey-johnson-moon-star-drop-earrings,"Betsey Johnson Moon & Star Earrings: Size, Materials & Styling",included,"September 24, 2026",14,,,,,zero-impression,implicit-evidence-mode,,"Inspect index status, canonical, age, duplication, and keyword demand; then retarget, merge, or keep only when the page has a distinct job.",style-content.ts:6
style,product,https://style.madabase.com/reviews/betsey-johnson-pencil-mismatch-earrings,Betsey Johnson Pencil Mismatch Linear Earrings Buying Guide,included,"July 6, 2026",94,,,,,zero-impression,,,"Inspect index status, canonical, age, duplication, and keyword demand; then retarget, merge, or keep only when the page has a distinct job.",style-catalog-50.ts:178
style,product,https://style.madabase.com/reviews/betsey-johnson-pink-sugar-skull-earrings,Betsey Johnson Floral Pink Sugar Skull Earrings Buying Guide,included,"July 6, 2026",94,,,,,zero-impression,,,"Inspect index status, canonical, age, duplication, and keyword demand; then retarget, merge, or keep only when the page has a distinct job.",style-catalog-50.ts:118
style,product,https://style.madabase.com/reviews/betsey-johnson-pumpkin-spice-earrings,Betsey Johnson Pumpkin Spice Mismatch Earrings Buying Guide,included,"July 6, 2026",94,,,,,zero-impression,,,"Inspect index status, canonical, age, duplication, and keyword demand; then retarget, merge, or keep only when the page has a distinct job.",style-catalog-50.ts:142
style,product,https://style.madabase.com/reviews/betsey-johnson-starfish-earrings,Betsey Johnson Mermaid Jewels Starfish Earrings Buying Guide,included,"July 6, 2026",94,,,,,zero-impression,,,"Inspect index status, canonical, age, duplication, and keyword demand; then retarget, merge, or keep only when the page has a distinct job.",style-catalog-50.ts:202
style,product,https://style.madabase.com/reviews/betsey-johnson-straight-as-charm-earrings,Betsey Johnson Straight A's Charm Huggie Earrings Buying Guide,included,"July 6, 2026",94,,,,,zero-impression,,,"Inspect index status, canonical, age, duplication, and keyword demand; then retarget, merge, or keep only when the page has a distinct job.",style-catalog-50.ts:106
style,product,https://style.madabase.com/reviews/camila-paris-green-french-hair-clip,Camila Paris Large Green French Hair Clip Buying Guide,included,"July 6, 2026",94,,,,,zero-impression,,,"Inspect index status, canonical, age, duplication, and keyword demand; then retarget, merge, or keep only when the page has a distinct job.",style-catalog-50.ts:242
style,product,https://style.madabase.com/reviews/chill-pill-hair-claw-clip,"Chill Pill Hair Claw Clip Guide: Size, Materials & Outfit Fit",included,"July 6, 2026",94,,,,,zero-impression,,,"Inspect index status, canonical, age, duplication, and keyword demand; then retarget, merge, or keep only when the page has a distinct job.",style-catalog-50.ts:241
style,product,https://style.madabase.com/reviews/glcmxmart-food-animal-fun-socks,"GLCMXMART Food and Animal Fun Socks Guide: Size, Materials & Outfit Fit",included,"July 6, 2026",94,,,,,zero-impression,,,"Inspect index status, canonical, age, duplication, and keyword demand; then retarget, merge, or keep only when the page has a distinct job.",style-catalog-50.ts:251
style,product,https://style.madabase.com/reviews/jasmine-rhinestone-tassel-hair-claw,Jasmine Flower Rhinestone Tassel Hair Claw Buying Guide,included,"July 6, 2026",94,,,,,zero-impression,,,"Inspect index status, canonical, age, duplication, and keyword demand; then retarget, merge, or keep only when the page has a distinct job.",style-catalog-50.ts:240
style,product,https://style.madabase.com/reviews/jeasona-cute-cat-socks,"Jeasona Cute Cat Socks Guide: Size, Materials & Outfit Fit",included,"July 6, 2026",94,,,,,zero-impression,,,"Inspect index status, canonical, age, duplication, and keyword demand; then retarget, merge, or keep only when the page has a distinct job.",style-catalog-50.ts:253
style,product,https://style.madabase.com/reviews/jspupifip-fruit-ankle-socks,"Jspupifip Fruit Ankle Socks Guide: Size, Materials & Outfit Fit",included,"July 6, 2026",94,,,,,zero-impression,,,"Inspect index status, canonical, age, duplication, and keyword demand; then retarget, merge, or keep only when the page has a distinct job.",style-catalog-50.ts:254
style,product,https://style.madabase.com/reviews/large-mulberry-silk-long-scarf,"Large Mulberry Silk Long Scarf Guide: Size, Materials & Outfit Fit",included,"July 6, 2026",94,,,,,zero-impression,,,"Inspect index status, canonical, age, duplication, and keyword demand; then retarget, merge, or keep only when the page has a distinct job.",style-catalog-50.ts:244
style,product,https://style.madabase.com/reviews/long-skinny-multipurpose-scarf,"Long Skinny Multipurpose Scarf Guide: Size, Materials & Outfit Fit",included,"July 6, 2026",94,,,,,zero-impression,,,"Inspect index status, canonical, age, duplication, and keyword demand; then retarget, merge, or keep only when the page has a distinct job.",style-catalog-50.ts:247
style,product,https://style.madabase.com/reviews/loungefly-disney-dogs-mini-backpack,"Loungefly Disney Dogs Mini Backpack Guide: Size, Materials & Outfit Fit",included,"July 6, 2026",94,,,,,zero-impression,,,"Inspect index status, canonical, age, duplication, and keyword demand; then retarget, merge, or keep only when the page has a distinct job.",style-catalog-50.ts:233
style,product,https://style.madabase.com/reviews/loungefly-eeyore-mini-backpack,Loungefly Disney Eeyore Mini Backpack Buying Guide,included,"July 6, 2026",94,,,,,zero-impression,,,"Inspect index status, canonical, age, duplication, and keyword demand; then retarget, merge, or keep only when the page has a distinct job.",style-catalog-50.ts:232
style,product,https://style.madabase.com/reviews/loungefly-mickey-checkered-convertible-bag,Loungefly Mickey Checkered Convertible Mini Backpack Buying Guide,included,"July 5, 2026",95,,,,,zero-impression,,,"Inspect index status, canonical, age, duplication, and keyword demand; then retarget, merge, or keep only when the page has a distinct job.",style-catalog-expansion.ts:227
style,product,https://style.madabase.com/reviews/loungefly-mickey-friends-canvas-backpack,Loungefly Mickey and Friends Canvas Mini Backpack Buying Guide,included,"July 6, 2026",94,,,,,zero-impression,,,"Inspect index status, canonical, age, duplication, and keyword demand; then retarget, merge, or keep only when the page has a distinct job.",style-catalog-50.ts:230
style,product,https://style.madabase.com/reviews/loungefly-mickey-minnie-aop-backpack,Loungefly Mickey & Minnie AOP Mini Backpack Buying Guide,included,"July 5, 2026",95,,,,,zero-impression,,,"Inspect index status, canonical, age, duplication, and keyword demand; then retarget, merge, or keep only when the page has a distinct job.",style-catalog-expansion.ts:267
style,product,https://style.madabase.com/reviews/loungefly-mickey-minnie-donald-daisy-backpack,Loungefly Mickey Minnie Donald Daisy Mini Backpack Buying Guide,included,"July 6, 2026",94,,,,,zero-impression,,,"Inspect index status, canonical, age, duplication, and keyword demand; then retarget, merge, or keep only when the page has a distinct job.",style-catalog-50.ts:234
style,product,https://style.madabase.com/reviews/loungefly-mickey-mouse-mini-backpack,Loungefly Disney Mickey Mouse Mini Backpack Buying Guide,included,"July 23, 2026",77,,,,,zero-impression,,implemented,"Inspect index status, canonical, age, duplication, and keyword demand; then retarget, merge, or keep only when the page has a distinct job.",style-catalog-expansion.ts:247
style,product,https://style.madabase.com/reviews/loungefly-minnie-floral-rock-the-dots-backpack,Loungefly Minnie Floral Rock The Dots Mini Backpack Buying Guide,included,"July 6, 2026",94,,,,,zero-impression,,,"Inspect index status, canonical, age, duplication, and keyword demand; then retarget, merge, or keep only when the page has a distinct job.",style-catalog-50.ts:229
style,product,https://style.madabase.com/reviews/loungefly-minnie-mouse-bow-mini-backpack,Loungefly Minnie Mouse Bow Mini Backpack: Size & Fit Guide,included,"September 24, 2026",14,,,,,zero-impression,implicit-evidence-mode,,"Inspect index status, canonical, age, duplication, and keyword demand; then retarget, merge, or keep only when the page has a distinct job.",style-content.ts:159
style,product,https://style.madabase.com/reviews/loungefly-minnie-mouse-dress-mini-backpack,Loungefly Minnie Mouse Dress Mini Backpack Buying Guide,included,"July 5, 2026",95,,,,,zero-impression,,,"Inspect index status, canonical, age, duplication, and keyword demand; then retarget, merge, or keep only when the page has a distinct job.",style-catalog-expansion.ts:187
style,product,https://style.madabase.com/reviews/loungefly-minnie-rock-the-dots-backpack,Loungefly Minnie Rock the Dots Coquette Mini Backpack Buying Guide,included,"July 5, 2026",95,,,,,zero-impression,,,"Inspect index status, canonical, age, duplication, and keyword demand; then retarget, merge, or keep only when the page has a distinct job.",style-catalog-expansion.ts:207
style,product,https://style.madabase.com/reviews/loungefly-princess-books-mini-backpack,Loungefly Disney Princess Books Mini Backpack Buying Guide,included,"July 5, 2026",95,,,,,zero-impression,,,"Inspect index status, canonical, age, duplication, and keyword demand; then retarget, merge, or keep only when the page has a distinct job.",style-catalog-expansion.ts:287
style,product,https://style.madabase.com/reviews/loungefly-princess-ice-cream-backpack,Loungefly Disney Princess Ice Cream Mini Backpack Buying Guide,included,"July 6, 2026",94,,,,,zero-impression,,,"Inspect index status, canonical, age, duplication, and keyword demand; then retarget, merge, or keep only when the page has a distinct job.",style-catalog-50.ts:228
style,product,https://style.madabase.com/reviews/loungefly-princess-stained-glass-backpack,Loungefly Disney Princess Stained Glass Mini Backpack Buying Guide,included,"July 6, 2026",94,,,,,zero-impression,,,"Inspect index status, canonical, age, duplication, and keyword demand; then retarget, merge, or keep only when the page has a distinct job.",style-catalog-50.ts:227
style,product,https://style.madabase.com/reviews/loungefly-tigger-mini-backpack,Loungefly Disney Tigger Mini Backpack Buying Guide,included,"July 6, 2026",94,,,,,zero-impression,,,"Inspect index status, canonical, age, duplication, and keyword demand; then retarget, merge, or keep only when the page has a distinct job.",style-catalog-50.ts:231
style,product,https://style.madabase.com/reviews/mehayi-large-pearl-hair-clips,Mehayi Large Pearl Hair Claw Clip Set Buying Guide,included,"July 6, 2026",94,,,,,zero-impression,,,"Inspect index status, canonical, age, duplication, and keyword demand; then retarget, merge, or keep only when the page has a distinct job.",style-catalog-50.ts:238
style,product,https://style.madabase.com/reviews/metal-butterfly-flower-hair-clips,Metal Butterfly and Flower Hair Clip Set Buying Guide,included,"July 6, 2026",94,,,,,zero-impression,,,"Inspect index status, canonical, age, duplication, and keyword demand; then retarget, merge, or keep only when the page has a distinct job.",style-catalog-50.ts:239
style,product,https://style.madabase.com/reviews/moggei-printed-cotton-boot-socks,MOGGEI Novelty Printed Cotton Boot Socks Buying Guide,included,"July 6, 2026",94,,,,,zero-impression,,,"Inspect index status, canonical, age, duplication, and keyword demand; then retarget, merge, or keep only when the page has a distinct job.",style-catalog-50.ts:252
style,product,https://style.madabase.com/reviews/nattasoul-champagne-martini-earring-set,NATTASOUL Champagne & Martini Glass Earring Set Buying Guide,included,"July 5, 2026",95,,,,,zero-impression,,,"Inspect index status, canonical, age, duplication, and keyword demand; then retarget, merge, or keep only when the page has a distinct job.",style-catalog-expansion.ts:167
style,product,https://style.madabase.com/reviews/neutral-flower-claw-clip-set,"Eight-Piece Flower Claw Clip Set Guide: Size, Materials & Outfit Fit",included,"July 6, 2026",94,,,,,zero-impression,,,"Inspect index status, canonical, age, duplication, and keyword demand; then retarget, merge, or keep only when the page has a distinct job.",style-catalog-50.ts:237
style,product,https://style.madabase.com/reviews/relang-printed-satin-hair-scarf,"Relang Printed Satin Hair Scarf Guide: Size, Materials & Outfit Fit",included,"July 6, 2026",94,,,,,zero-impression,,,"Inspect index status, canonical, age, duplication, and keyword demand; then retarget, merge, or keep only when the page has a distinct job.",style-catalog-50.ts:245
style,product,https://style.madabase.com/reviews/sparkly-square-leverback-earrings,"Sparkly Square Leverback Earrings Guide: Size, Materials & Outfit Fit",included,"July 5, 2026",95,,,,,zero-impression,,,"Inspect index status, canonical, age, duplication, and keyword demand; then retarget, merge, or keep only when the page has a distinct job.",style-catalog-expansion.ts:127
style,product,https://style.madabase.com/reviews/spiderweb-skeleton-hand-hair-clips,Spider Web Skeleton Hand Hair Claw Clip Set Buying Guide,included,"July 6, 2026",94,,,,,zero-impression,,,"Inspect index status, canonical, age, duplication, and keyword demand; then retarget, merge, or keep only when the page has a distinct job.",style-catalog-50.ts:236
style,product,https://style.madabase.com/reviews/twenty-four-fashion-scarf-set,"Twenty-Four Piece Fashion Scarf Set Guide: Size, Materials & Outfit Fit",included,"July 6, 2026",94,,,,,zero-impression,,,"Inspect index status, canonical, age, duplication, and keyword demand; then retarget, merge, or keep only when the page has a distinct job.",style-catalog-50.ts:248
style,product,https://style.madabase.com/reviews/wecibor-colorful-novelty-crew-socks,"WeciBor Colorful Novelty Crew Socks Guide: Size, Materials & Outfit Fit",included,"July 6, 2026",94,,,,,zero-impression,,,"Inspect index status, canonical, age, duplication, and keyword demand; then retarget, merge, or keep only when the page has a distinct job.",style-catalog-50.ts:250
style,product,https://style.madabase.com/reviews/xocartige-champagne-bottle-earrings,"XOCARTIGE Champagne Bottle Earrings Guide: Size, Materials & Outfit Fit",included,"July 5, 2026",95,,,,,zero-impression,,,"Inspect index status, canonical, age, duplication, and keyword demand; then retarget, merge, or keep only when the page has a distinct job.",style-catalog-expansion.ts:147
homeoffice,roundup,https://homeoffice.madabase.com/best/ergear-48x24-vs-flexispot-e7-mini,FlexiSpot E7 Mini vs ErGear 48×24: Fixed or Rolling Desk?,included,"September 13, 2026",25,1,158,0.63,7.61,protect-and-convert,,implemented,"Preserve the query target; improve the first-screen decision, CTA, and supporting internal links.",verified-affiliate-batch-content.ts:601
baby,guide,https://baby.madabase.com/guides/ergobaby-omni-breeze-positions-by-age,"Ergobaby Omni Breeze Positions by Age: Inward, Outward, Hip & Back",included,"July 23, 2026",77,2,134,1.49,8.01,protect-and-convert,,implemented,"Preserve the query target; improve the first-screen decision, CTA, and supporting internal links.",expansion-guides.ts:283
homeoffice,roundup,https://homeoffice.madabase.com/best/logitech-litra-glow-vs-elgato-key-light-neo,Logitech Litra Glow vs Elgato Key Light Neo for Video Calls,included,"July 28, 2026",72,6,121,4.96,6.4,protect-and-convert,,implemented,"Preserve the query target; improve the first-screen decision, CTA, and supporting internal links.",aggressive-portfolio-expansion-content.ts:62
baby,product,https://baby.madabase.com/reviews/momcozy-mw05-portable-milk-warmer,"Momcozy MW05 Guide: Travel Heating, Cleaning & Safety",included,"August 8, 2026",61,1,70,1.43,8.27,protect-and-convert,,,"Preserve the query target; improve the first-screen decision, CTA, and supporting internal links.",second-round-august-2026-content.ts:282
homeoffice,guide,https://homeoffice.madabase.com/guides/monitor-arm-clamp-reinforcement-guide,Monitor Arm Clamp Reinforcement Guide,included,"July 28, 2026",72,1,57,1.75,7.18,protect-and-convert,,implemented,"Preserve the query target; improve the first-screen decision, CTA, and supporting internal links.",topic-cluster-content.ts:414
network,guide,https://network.madabase.com/guides/deco-be63-vs-be67-vs-be85-buying-guide,Deco BE63 vs BE67 vs BE85: Which Should You Buy?,included,"July 23, 2026",77,3,57,5.26,5.79,protect-and-convert,,implemented,"Preserve the query target; improve the first-screen decision, CTA, and supporting internal links.",network-content.ts:561
homeoffice,guide,https://homeoffice.madabase.com/guides/48-vs-55-inch-desk-guide,48-Inch vs. 55-Inch Desk for a Home Office,included,"July 28, 2026",72,3,54,5.56,6.87,protect-and-convert,,implemented,"Preserve the query target; improve the first-screen decision, CTA, and supporting internal links.",expansion-guides.ts:133
homeoffice,product,https://homeoffice.madabase.com/reviews/jabra-speak2-40-usb-speakerphone,"Jabra Speak2 40 Guide: UC vs Teams, USB & Room Fit",included,"August 8, 2026",61,1,36,2.78,8.97,protect-and-convert,,,"Preserve the query target; improve the first-screen decision, CTA, and supporting internal links.",second-round-august-2026-content.ts:188
homeoffice,guide,https://homeoffice.madabase.com/guides/reduce-monitor-wobble-walking-desk,How to Reduce Monitor Wobble on a Walking Desk,included,"July 1, 2026",99,1,31,3.23,9.58,protect-and-convert,,,"Preserve the query target; improve the first-screen decision, CTA, and supporting internal links.",expansion-guides.ts:463
homeoffice,guide,https://homeoffice.madabase.com/guides/dual-screen-portable-monitors-vs-alternatives,Dual-screen Portable Monitors vs. single portable monitors,included,"August 9, 2026",60,4,23,17.39,6.17,protect-and-convert,,,"Preserve the query target; improve the first-screen decision, CTA, and supporting internal links.",quadruple-expansion-content.ts:generated
baby,product,https://baby.madabase.com/reviews/babybjorn-carrier-harmony,"BabyBjörn Carrier Harmony Guide: Fit, Mesh & Positions",included,"July 1, 2026",99,1,20,5,8.15,protect-and-convert,implicit-evidence-mode,,"Preserve the query target; improve the first-screen decision, CTA, and supporting internal links.",adjacent-expansion-content.ts:351
baby,product,https://baby.madabase.com/reviews/ubbi-steel-diaper-pail,Ubbi Steel Diaper Pail Guide: Bag Cost & Cleaning,included,"August 8, 2026",61,1,8,12.5,9.38,protect-and-convert,,,"Preserve the query target; improve the first-screen decision, CTA, and supporting internal links.",second-round-august-2026-content.ts:251
baby,product,https://baby.madabase.com/reviews/summer-3dlite-convenience-stroller,"Summer 3Dlite Convenience Stroller Guide: Age, Fit & Use Checks",included,"October 8, 2026",0,,,,,new-observation,,,"Confirm indexing, canonical, sitemap discovery, and internal links; hold the keyword stable through the day-7 gate.",content.ts:1229
homeoffice,product,https://homeoffice.madabase.com/reviews/benq-screenbar-halo,"BenQ ScreenBar Halo 2 Guide: Specs, Workspace Fit & Setup",included,"October 8, 2026",0,,,,,new-observation,,,"Confirm indexing, canonical, sitemap discovery, and internal links; hold the keyword stable through the day-7 gate.",content.ts:982
network,product,https://network.madabase.com/reviews/jadaol-cat6-flat-ethernet-cable,"Jadaol Cat 6 Flat Ethernet Cable Guide: Specs, Compatibility & Setup",included,"October 8, 2026",0,,,,,new-observation,,,"Confirm indexing, canonical, sitemap discovery, and internal links; hold the keyword stable through the day-7 gate.",network-content.ts:395
network,product,https://network.madabase.com/reviews/netgear-orbi-970-wifi-7-mesh,NETGEAR Orbi 970 Series Wi-Fi 7 Mesh System Buying Guide,included,"October 8, 2026",0,,,,,new-observation,,,"Confirm indexing, canonical, sitemap discovery, and internal links; hold the keyword stable through the day-7 gate.",network-content.ts:193
network,product,https://network.madabase.com/reviews/tp-link-be400-wifi-7-router,"TP-Link BE400 Wi-Fi 7 Router Guide: Specs, Compatibility & Setup",included,"October 8, 2026",0,,,,,new-observation,,,"Confirm indexing, canonical, sitemap discovery, and internal links; hold the keyword stable through the day-7 gate.",network-content.ts:222
network,product,https://network.madabase.com/reviews/tp-link-tl-sg108-gigabit-switch,TP-Link TL-SG108 8-Port Gigabit Switch Buying Guide,included,"October 8, 2026",0,,,,,new-observation,,,"Confirm indexing, canonical, sitemap discovery, and internal links; hold the keyword stable through the day-7 gate.",network-content.ts:329
network,product,https://network.madabase.com/reviews/ugreen-revodok-usb-c-gigabit-ethernet-hub,UGREEN Revodok USB-C Gigabit Ethernet Hub Buying Guide,included,"October 8, 2026",0,,,,,new-observation,,,"Confirm indexing, canonical, sitemap discovery, and internal links; hold the keyword stable through the day-7 gate.",network-content.ts:459
pet,product,https://pets.madabase.com/reviews/wyze-cam-pan-v3-pet-camera,"Wyze Cam Pan v3 Guide: Fit, Care & Ownership Costs",included,"October 8, 2026",0,,,,,new-observation,,,"Confirm indexing, canonical, sitemap discovery, and internal links; hold the keyword stable through the day-7 gate.",content.ts:342
