site,kind,url,title,age_days,local_gaps,duplicate_candidates,technical_status,decision,next_check
baby,roundup,https://baby.madabase.com/best/best-baby-carriers-by-age-and-position,Baby Carriers by Age and Carry Position,90,,,local-template-pass;live-url-inspection-pending,demand-and-index-review,"manual URL inspection and demand review before rewrite, merge, or sitemap removal"
baby,roundup,https://baby.madabase.com/best/best-bottle-sterilizers-and-dryers,Bottle Sterilizer and Dryer: 5 Picks for Pump Parts,49,,,local-template-pass;live-url-inspection-pending,demand-and-index-review,"manual URL inspection and demand review before rewrite, merge, or sitemap removal"
baby,guide,https://baby.madabase.com/guides/adjustable-high-chairs-buying-guide,Adjustable High Chairs Buying Guide,60,,,local-template-pass;live-url-inspection-pending,demand-and-index-review,"manual URL inspection and demand review before rewrite, merge, or sitemap removal"
baby,guide,https://baby.madabase.com/guides/adjustable-high-chairs-compatibility-and-fit-guide,Adjustable High Chairs: Compatibility and Fit Guide,60,,,local-template-pass;live-url-inspection-pending,demand-and-index-review,"manual URL inspection and demand review before rewrite, merge, or sitemap removal"
baby,guide,https://baby.madabase.com/guides/adjustable-high-chairs-safety-and-skip-guide,Adjustable High Chairs: Safety Limits and When to Skip,60,,,local-template-pass;live-url-inspection-pending,demand-and-index-review,"manual URL inspection and demand review before rewrite, merge, or sitemap removal"
baby,guide,https://baby.madabase.com/guides/baby-food-makers-compatibility-and-fit-guide,Baby Food Makers: Compatibility and Fit Guide,60,,,local-template-pass;live-url-inspection-pending,demand-and-index-review,"manual URL inspection and demand review before rewrite, merge, or sitemap removal"
baby,guide,https://baby.madabase.com/guides/baby-food-makers-ownership-cost-and-maintenance,Baby Food Makers: Ownership Cost and Maintenance,60,,,local-template-pass;live-url-inspection-pending,demand-and-index-review,"manual URL inspection and demand review before rewrite, merge, or sitemap removal"
baby,guide,https://baby.madabase.com/guides/baby-food-makers-setup-and-daily-workflow,Baby Food Makers: Setup and Daily Workflow,60,,,local-template-pass;live-url-inspection-pending,demand-and-index-review,"manual URL inspection and demand review before rewrite, merge, or sitemap removal"
baby,guide,https://baby.madabase.com/guides/baby-travel-systems-setup-and-daily-workflow,Baby Travel Systems: Setup and Daily Workflow,60,,,local-template-pass;live-url-inspection-pending,demand-and-index-review,"manual URL inspection and demand review before rewrite, merge, or sitemap removal"
baby,guide,https://baby.madabase.com/guides/baby-wraps-slings-buying-guide,Baby Wraps and Slings Buying Guide,60,,,local-template-pass;live-url-inspection-pending,demand-and-index-review,"manual URL inspection and demand review before rewrite, merge, or sitemap removal"
baby,guide,https://baby.madabase.com/guides/baby-wraps-slings-ownership-cost-and-maintenance,Baby Wraps and Slings: Ownership Cost and Maintenance,60,,,local-template-pass;live-url-inspection-pending,demand-and-index-review,"manual URL inspection and demand review before rewrite, merge, or sitemap removal"
baby,guide,https://baby.madabase.com/guides/baby-wraps-slings-safety-and-skip-guide,Baby Wraps and Slings: Safety Limits and When to Skip,60,,,local-template-pass;live-url-inspection-pending,demand-and-index-review,"manual URL inspection and demand review before rewrite, merge, or sitemap removal"
baby,guide,https://baby.madabase.com/guides/baby-wraps-slings-setup-and-daily-workflow,Baby Wraps and Slings: Setup and Daily Workflow,60,,,local-template-pass;live-url-inspection-pending,demand-and-index-review,"manual URL inspection and demand review before rewrite, merge, or sitemap removal"
baby,guide,https://baby.madabase.com/guides/bedside-bassinets-buying-guide,Bedside Bassinets Buying Guide,60,,,local-template-pass;live-url-inspection-pending,demand-and-index-review,"manual URL inspection and demand review before rewrite, merge, or sitemap removal"
baby,guide,https://baby.madabase.com/guides/bedside-bassinets-vs-alternatives,Bedside Bassinets vs. full-size cribs,60,,,local-template-pass;live-url-inspection-pending,demand-and-index-review,"manual URL inspection and demand review before rewrite, merge, or sitemap removal"
baby,guide,https://baby.madabase.com/guides/belt-positioning-booster-seats-buying-guide,Belt-positioning Booster Seats Buying Guide,42,,https://baby.madabase.com/guides/belt-positioning-booster-seats-compatibility-and-fit-guide,local-template-pass;live-url-inspection-pending,duplicate-intent-review,"manual URL inspection and demand review before rewrite, merge, or sitemap removal"
baby,guide,https://baby.madabase.com/guides/belt-positioning-booster-seats-compatibility-and-fit-guide,Belt-positioning Booster Seats: Compatibility and Fit Guide,60,,https://baby.madabase.com/guides/belt-positioning-booster-seats-buying-guide,local-template-pass;live-url-inspection-pending,duplicate-intent-review,"manual URL inspection and demand review before rewrite, merge, or sitemap removal"
baby,guide,https://baby.madabase.com/guides/belt-positioning-booster-seats-ownership-cost-and-maintenance,Belt-positioning Booster Seats: Ownership Cost and Maintenance,60,,,local-template-pass;live-url-inspection-pending,demand-and-index-review,"manual URL inspection and demand review before rewrite, merge, or sitemap removal"
baby,guide,https://baby.madabase.com/guides/belt-positioning-booster-seats-safety-and-skip-guide,Belt-positioning Booster Seats: Safety Limits and When to Skip,60,,https://baby.madabase.com/guides/table-booster-seats-safety-and-skip-guide,local-template-pass;live-url-inspection-pending,duplicate-intent-review,"manual URL inspection and demand review before rewrite, merge, or sitemap removal"
baby,guide,https://baby.madabase.com/guides/belt-positioning-booster-seats-setup-and-daily-workflow,Belt-positioning Booster Seats: Setup and Daily Workflow,60,,,local-template-pass;live-url-inspection-pending,demand-and-index-review,"manual URL inspection and demand review before rewrite, merge, or sitemap removal"
baby,guide,https://baby.madabase.com/guides/belt-positioning-booster-seats-vs-alternatives,Belt-positioning Booster Seats vs. forward-facing harnessed seats,60,,,local-template-pass;live-url-inspection-pending,demand-and-index-review,"manual URL inspection and demand review before rewrite, merge, or sitemap removal"
baby,guide,https://baby.madabase.com/guides/bottle-parts-cleaning-routine-guide,Bottle Parts Cleaning Routine Guide,105,,,local-template-pass;live-url-inspection-pending,demand-and-index-review,"manual URL inspection and demand review before rewrite, merge, or sitemap removal"
baby,guide,https://baby.madabase.com/guides/bottle-sterilizer-dryer-for-twins-capacity-guide,Bottle Sterilizer Dryer for Twins: Capacity Checklist,77,,,local-template-pass;live-url-inspection-pending,demand-and-index-review,"manual URL inspection and demand review before rewrite, merge, or sitemap removal"
baby,guide,https://baby.madabase.com/guides/bottle-sterilizer-hard-water-descaling-guide,Bottle Sterilizer Hard-Water & Descaling Guide,84,,,local-template-pass;live-url-inspection-pending,demand-and-index-review,"manual URL inspection and demand review before rewrite, merge, or sitemap removal"
baby,guide,https://baby.madabase.com/guides/breast-milk-storage-bags-buying-guide,Milk Storage Bags vs Bottles: Which Freezer System Works?,31,,,local-template-pass;live-url-inspection-pending,demand-and-index-review,"manual URL inspection and demand review before rewrite, merge, or sitemap removal"
baby,guide,https://baby.madabase.com/guides/changing-pads-ownership-cost-and-maintenance,Changing Pads: Ownership Cost and Maintenance,60,,,local-template-pass;live-url-inspection-pending,demand-and-index-review,"manual URL inspection and demand review before rewrite, merge, or sitemap removal"
baby,guide,https://baby.madabase.com/guides/changing-pads-setup-and-daily-workflow,Changing Pads: Setup and Daily Workflow,60,,,local-template-pass;live-url-inspection-pending,demand-and-index-review,"manual URL inspection and demand review before rewrite, merge, or sitemap removal"
baby,guide,https://baby.madabase.com/guides/childproof-door-knob-covers-buying-guide,"Childproof door knob covers: Fit, Trade-offs & Buying Guide",56,,,local-template-pass;live-url-inspection-pending,demand-and-index-review,"manual URL inspection and demand review before rewrite, merge, or sitemap removal"
baby,guide,https://baby.madabase.com/guides/convertible-baby-cribs-setup-and-daily-workflow,Convertible Baby Cribs: Setup and Daily Workflow,60,,,local-template-pass;live-url-inspection-pending,demand-and-index-review,"manual URL inspection and demand review before rewrite, merge, or sitemap removal"
baby,guide,https://baby.madabase.com/guides/convertible-car-seats-compatibility-and-fit-guide,Convertible Car Seats: Compatibility and Fit Guide,60,,https://baby.madabase.com/guides/infant-car-seats-compatibility-and-fit-guide,local-template-pass;live-url-inspection-pending,duplicate-intent-review,"manual URL inspection and demand review before rewrite, merge, or sitemap removal"
baby,guide,https://baby.madabase.com/guides/convertible-car-seats-ownership-cost-and-maintenance,Convertible Car Seats: Ownership Cost and Maintenance,60,,https://baby.madabase.com/guides/infant-car-seats-ownership-cost-and-maintenance,local-template-pass;live-url-inspection-pending,duplicate-intent-review,"manual URL inspection and demand review before rewrite, merge, or sitemap removal"
baby,guide,https://baby.madabase.com/guides/convertible-car-seats-vs-alternatives,Convertible Car Seats vs. infant seats followed by harnessed seats,60,,https://baby.madabase.com/guides/infant-car-seats-vs-alternatives,local-template-pass;live-url-inspection-pending,duplicate-intent-review,"manual URL inspection and demand review before rewrite, merge, or sitemap removal"
baby,guide,https://baby.madabase.com/guides/crib-mattresses-buying-guide,Crib Mattresses Buying Guide,60,,,local-template-pass;live-url-inspection-pending,demand-and-index-review,"manual URL inspection and demand review before rewrite, merge, or sitemap removal"
baby,guide,https://baby.madabase.com/guides/crib-mattresses-ownership-cost-and-maintenance,Crib Mattresses: Ownership Cost and Maintenance,60,,,local-template-pass;live-url-inspection-pending,demand-and-index-review,"manual URL inspection and demand review before rewrite, merge, or sitemap removal"
baby,guide,https://baby.madabase.com/guides/crib-mattresses-vs-alternatives,Crib Mattresses vs. manufacturer-included sleep surfaces,60,,,local-template-pass;live-url-inspection-pending,demand-and-index-review,"manual URL inspection and demand review before rewrite, merge, or sitemap removal"
baby,guide,https://baby.madabase.com/guides/crib-mobiles-buying-guide,"Crib mobiles Buying Guide: Fit, Cleaning, and Safety Checks",56,,,local-template-pass;live-url-inspection-pending,demand-and-index-review,"manual URL inspection and demand review before rewrite, merge, or sitemap removal"
baby,guide,https://baby.madabase.com/guides/diaper-caddies-buying-guide,"Diaper Caddy Buying Guide: One-Hand Access, Capacity, and Safe Placement",58,,,local-template-pass;live-url-inspection-pending,demand-and-index-review,"manual URL inspection and demand review before rewrite, merge, or sitemap removal"
baby,guide,https://baby.madabase.com/guides/ergobaby-omni-breeze-vs-babybjorn-harmony-by-age,Ergobaby Omni Breeze vs. BabyBjorn Harmony by Age,72,,,local-template-pass;live-url-inspection-pending,demand-and-index-review,"manual URL inspection and demand review before rewrite, merge, or sitemap removal"
baby,guide,https://baby.madabase.com/guides/full-size-strollers-buying-guide,Full-size Strollers Buying Guide,60,,https://baby.madabase.com/guides/full-size-strollers-vs-alternatives,local-template-pass;live-url-inspection-pending,duplicate-intent-review,"manual URL inspection and demand review before rewrite, merge, or sitemap removal"
baby,guide,https://baby.madabase.com/guides/full-size-strollers-ownership-cost-and-maintenance,Full-size Strollers: Ownership Cost and Maintenance,60,,,local-template-pass;live-url-inspection-pending,demand-and-index-review,"manual URL inspection and demand review before rewrite, merge, or sitemap removal"
baby,guide,https://baby.madabase.com/guides/full-size-strollers-safety-and-skip-guide,Full-size Strollers: Safety Limits and When to Skip,60,,,local-template-pass;live-url-inspection-pending,demand-and-index-review,"manual URL inspection and demand review before rewrite, merge, or sitemap removal"
baby,guide,https://baby.madabase.com/guides/hardware-mounted-baby-gates-compatibility-and-fit-guide,Hardware-mounted Baby Gates: Compatibility and Fit Guide,60,,https://baby.madabase.com/guides/hardware-mounted-baby-gates-buying-guide,local-template-pass;live-url-inspection-pending,duplicate-intent-review,"manual URL inspection and demand review before rewrite, merge, or sitemap removal"
baby,guide,https://baby.madabase.com/guides/high-chair-floor-mats-buying-guide,"High-chair floor mats Buying Guide: Fit, Cleaning, and Safety Checks",56,,,local-template-pass;live-url-inspection-pending,demand-and-index-review,"manual URL inspection and demand review before rewrite, merge, or sitemap removal"
baby,guide,https://baby.madabase.com/guides/hip-seat-carriers-buying-guide,Hip-seat Baby Carriers Buying Guide,60,,https://baby.madabase.com/guides/hip-seat-carriers-compatibility-and-fit-guide,local-template-pass;live-url-inspection-pending,duplicate-intent-review,"manual URL inspection and demand review before rewrite, merge, or sitemap removal"
baby,guide,https://baby.madabase.com/guides/hip-seat-carriers-compatibility-and-fit-guide,Hip-seat Baby Carriers: Compatibility and Fit Guide,60,,https://baby.madabase.com/guides/hip-seat-carriers-buying-guide,local-template-pass;live-url-inspection-pending,duplicate-intent-review,"manual URL inspection and demand review before rewrite, merge, or sitemap removal"
baby,guide,https://baby.madabase.com/guides/hip-seat-carriers-ownership-cost-and-maintenance,Hip-seat Baby Carriers: Ownership Cost and Maintenance,60,,,local-template-pass;live-url-inspection-pending,demand-and-index-review,"manual URL inspection and demand review before rewrite, merge, or sitemap removal"
baby,guide,https://baby.madabase.com/guides/hip-seat-carriers-safety-and-skip-guide,Hip-seat Baby Carriers: Safety Limits and When to Skip,60,,,local-template-pass;live-url-inspection-pending,demand-and-index-review,"manual URL inspection and demand review before rewrite, merge, or sitemap removal"
baby,guide,https://baby.madabase.com/guides/hip-seat-carriers-setup-and-daily-workflow,Hip-seat Baby Carriers: Setup and Daily Workflow,60,,,local-template-pass;live-url-inspection-pending,demand-and-index-review,"manual URL inspection and demand review before rewrite, merge, or sitemap removal"
baby,guide,https://baby.madabase.com/guides/infant-car-seats-buying-guide,Infant Car Seats Buying Guide,60,,https://baby.madabase.com/guides/infant-car-seats-vs-alternatives,local-template-pass;live-url-inspection-pending,duplicate-intent-review,"manual URL inspection and demand review before rewrite, merge, or sitemap removal"
baby,guide,https://baby.madabase.com/guides/infant-car-seats-compatibility-and-fit-guide,Infant Car Seats: Compatibility and Fit Guide,42,,https://baby.madabase.com/guides/convertible-car-seats-compatibility-and-fit-guide,local-template-pass;live-url-inspection-pending,duplicate-intent-review,"manual URL inspection and demand review before rewrite, merge, or sitemap removal"
baby,guide,https://baby.madabase.com/guides/infant-car-seats-ownership-cost-and-maintenance,Infant Car Seats: Ownership Cost and Maintenance,60,,https://baby.madabase.com/guides/convertible-car-seats-ownership-cost-and-maintenance,local-template-pass;live-url-inspection-pending,duplicate-intent-review,"manual URL inspection and demand review before rewrite, merge, or sitemap removal"
baby,guide,https://baby.madabase.com/guides/infant-car-seats-safety-and-skip-guide,Infant Car Seats: Safety Limits and When to Skip,60,,https://baby.madabase.com/guides/convertible-car-seats-safety-and-skip-guide,local-template-pass;live-url-inspection-pending,duplicate-intent-review,"manual URL inspection and demand review before rewrite, merge, or sitemap removal"
baby,guide,https://baby.madabase.com/guides/infant-car-seats-setup-and-daily-workflow,Infant Car Seats: Setup and Daily Workflow,60,,https://baby.madabase.com/guides/convertible-car-seats-setup-and-daily-workflow,local-template-pass;live-url-inspection-pending,duplicate-intent-review,"manual URL inspection and demand review before rewrite, merge, or sitemap removal"
baby,guide,https://baby.madabase.com/guides/jogging-strollers-buying-guide,Jogging Strollers Buying Guide,60,,,local-template-pass;live-url-inspection-pending,demand-and-index-review,"manual URL inspection and demand review before rewrite, merge, or sitemap removal"
baby,guide,https://baby.madabase.com/guides/jogging-strollers-compatibility-and-fit-guide,Jogging Strollers: Compatibility and Fit Guide,60,,,local-template-pass;live-url-inspection-pending,demand-and-index-review,"manual URL inspection and demand review before rewrite, merge, or sitemap removal"
baby,guide,https://baby.madabase.com/guides/jogging-strollers-safety-and-skip-guide,Jogging Strollers: Safety Limits and When to Skip,60,,,local-template-pass;live-url-inspection-pending,demand-and-index-review,"manual URL inspection and demand review before rewrite, merge, or sitemap removal"
baby,guide,https://baby.madabase.com/guides/nursery-humidifiers-buying-guide,Nursery Humidifiers Buying Guide,60,,,local-template-pass;live-url-inspection-pending,demand-and-index-review,"manual URL inspection and demand review before rewrite, merge, or sitemap removal"
baby,guide,https://baby.madabase.com/guides/nursery-humidifiers-compatibility-and-fit-guide,Nursery Humidifiers: Compatibility and Fit Guide,60,,,local-template-pass;live-url-inspection-pending,demand-and-index-review,"manual URL inspection and demand review before rewrite, merge, or sitemap removal"
baby,guide,https://baby.madabase.com/guides/nursery-humidifiers-setup-and-daily-workflow,Nursery Humidifiers: Setup and Daily Workflow,60,,,local-template-pass;live-url-inspection-pending,demand-and-index-review,"manual URL inspection and demand review before rewrite, merge, or sitemap removal"
baby,guide,https://baby.madabase.com/guides/nursery-humidifiers-vs-alternatives,Nursery Humidifiers vs. whole-home humidity control,42,,,local-template-pass;live-url-inspection-pending,demand-and-index-review,"manual URL inspection and demand review before rewrite, merge, or sitemap removal"
baby,guide,https://baby.madabase.com/guides/nursery-sound-machine-night-light-guide,Nursery Sound Machine and Night Light Guide,107,,,local-template-pass;live-url-inspection-pending,demand-and-index-review,"manual URL inspection and demand review before rewrite, merge, or sitemap removal"
baby,guide,https://baby.madabase.com/guides/nursing-covers-buying-guide,"Nursing covers Buying Guide: Fit, Cleaning, and Safety Checks",56,,https://baby.madabase.com/guides/nursing-pillows-buying-guide,local-template-pass;live-url-inspection-pending,duplicate-intent-review,"manual URL inspection and demand review before rewrite, merge, or sitemap removal"
baby,guide,https://baby.madabase.com/guides/nursing-pillows-buying-guide,"Nursing pillows Buying Guide: Fit, Cleaning, and Safety Checks",56,,https://baby.madabase.com/guides/nursing-covers-buying-guide,local-template-pass;live-url-inspection-pending,duplicate-intent-review,"manual URL inspection and demand review before rewrite, merge, or sitemap removal"
baby,guide,https://baby.madabase.com/guides/powder-formula-dispensers-buying-guide,"Powder formula dispensers Buying Guide: Fit, Cleaning, and Safety Checks",56,,,local-template-pass;live-url-inspection-pending,demand-and-index-review,"manual URL inspection and demand review before rewrite, merge, or sitemap removal"
baby,guide,https://baby.madabase.com/guides/stroller-cup-holders-buying-guide,Stroller Cup Holder vs Organizer: Which Attachment?,31,,,local-template-pass;live-url-inspection-pending,demand-and-index-review,"manual URL inspection and demand review before rewrite, merge, or sitemap removal"
baby,guide,https://baby.madabase.com/guides/stroller-footmuffs-buying-guide,Stroller Footmuff vs Blanket: Which Cold-Weather Setup?,31,,,local-template-pass;live-url-inspection-pending,demand-and-index-review,"manual URL inspection and demand review before rewrite, merge, or sitemap removal"
baby,guide,https://baby.madabase.com/guides/stroller-wagons-buying-guide,Stroller Wagons Buying Guide,60,,,local-template-pass;live-url-inspection-pending,demand-and-index-review,"manual URL inspection and demand review before rewrite, merge, or sitemap removal"
baby,guide,https://baby.madabase.com/guides/stroller-wagons-ownership-cost-and-maintenance,Stroller Wagons: Ownership Cost and Maintenance,60,,,local-template-pass;live-url-inspection-pending,demand-and-index-review,"manual URL inspection and demand review before rewrite, merge, or sitemap removal"
baby,guide,https://baby.madabase.com/guides/structured-diaper-bags-buying-guide,Structured Diaper Bags Buying Guide,60,,,local-template-pass;live-url-inspection-pending,demand-and-index-review,"manual URL inspection and demand review before rewrite, merge, or sitemap removal"
baby,guide,https://baby.madabase.com/guides/structured-diaper-bags-compatibility-and-fit-guide,Structured Diaper Bags: Compatibility and Fit Guide,60,,,local-template-pass;live-url-inspection-pending,demand-and-index-review,"manual URL inspection and demand review before rewrite, merge, or sitemap removal"
baby,guide,https://baby.madabase.com/guides/suction-toddler-bowls-buying-guide,Suction Bowl vs Non-Slip Bowl: Which Helps Self-Feeding?,31,,,local-template-pass;live-url-inspection-pending,demand-and-index-review,"manual URL inspection and demand review before rewrite, merge, or sitemap removal"
baby,guide,https://baby.madabase.com/guides/table-booster-seats-compatibility-and-fit-guide,Table Booster Seats: Compatibility and Fit Guide,60,,,local-template-pass;live-url-inspection-pending,demand-and-index-review,"manual URL inspection and demand review before rewrite, merge, or sitemap removal"
baby,guide,https://baby.madabase.com/guides/table-booster-seats-ownership-cost-and-maintenance,Table Booster Seats: Ownership Cost and Maintenance,60,,,local-template-pass;live-url-inspection-pending,demand-and-index-review,"manual URL inspection and demand review before rewrite, merge, or sitemap removal"
baby,guide,https://baby.madabase.com/guides/table-booster-seats-vs-alternatives,Table Booster Seats vs. full high chairs,60,,,local-template-pass;live-url-inspection-pending,demand-and-index-review,"manual URL inspection and demand review before rewrite, merge, or sitemap removal"
baby,guide,https://baby.madabase.com/guides/toddler-snack-containers-buying-guide,"Toddler snack containers Buying Guide: Fit, Cleaning, and Safety Checks",56,,,local-template-pass;live-url-inspection-pending,demand-and-index-review,"manual URL inspection and demand review before rewrite, merge, or sitemap removal"
baby,guide,https://baby.madabase.com/guides/toddler-training-utensils-buying-guide,Toddler Utensils vs Small Regular Cutlery: Which to Start?,31,,,local-template-pass;live-url-inspection-pending,demand-and-index-review,"manual URL inspection and demand review before rewrite, merge, or sitemap removal"
baby,guide,https://baby.madabase.com/guides/travel-cribs-playards-buying-guide,Travel Cribs and Playards Buying Guide,60,,,local-template-pass;live-url-inspection-pending,demand-and-index-review,"manual URL inspection and demand review before rewrite, merge, or sitemap removal"
baby,guide,https://baby.madabase.com/guides/travel-cribs-playards-compatibility-and-fit-guide,Travel Cribs and Playards: Compatibility and Fit Guide,60,,,local-template-pass;live-url-inspection-pending,demand-and-index-review,"manual URL inspection and demand review before rewrite, merge, or sitemap removal"
baby,guide,https://baby.madabase.com/guides/travel-cribs-playards-ownership-cost-and-maintenance,Travel Cribs and Playards: Ownership Cost and Maintenance,60,,,local-template-pass;live-url-inspection-pending,demand-and-index-review,"manual URL inspection and demand review before rewrite, merge, or sitemap removal"
baby,guide,https://baby.madabase.com/guides/travel-cribs-playards-setup-and-daily-workflow,Travel Cribs and Playards: Setup and Daily Workflow,60,,,local-template-pass;live-url-inspection-pending,demand-and-index-review,"manual URL inspection and demand review before rewrite, merge, or sitemap removal"
baby,guide,https://baby.madabase.com/guides/travel-stroller-folded-size-checklist,Travel Stroller Folded Size Checklist,105,,,local-template-pass;live-url-inspection-pending,demand-and-index-review,"manual URL inspection and demand review before rewrite, merge, or sitemap removal"
baby,guide,https://baby.madabase.com/guides/travel-stroller-for-small-car-guide,Travel Stroller Guide for Small Cars and Apartments,107,,,local-template-pass;live-url-inspection-pending,demand-and-index-review,"manual URL inspection and demand review before rewrite, merge, or sitemap removal"
costume,guide,https://costumes.madabase.com/guides/adult-costumes-buying-guide,Adult Costumes Buying Guide,60,weak-title,,local-content-gap;live-url-inspection-pending,repair-local-discovery,"manual URL inspection and demand review before rewrite, merge, or sitemap removal"
costume,guide,https://costumes.madabase.com/guides/child-costumes-buying-guide,Child Costumes Buying Guide,60,weak-title,,local-content-gap;live-url-inspection-pending,repair-local-discovery,"manual URL inspection and demand review before rewrite, merge, or sitemap removal"
costume,guide,https://costumes.madabase.com/guides/costume-prop-care-and-storage-guide,Costume and Prop Care and Storage Guide,78,,,local-template-pass;live-url-inspection-pending,demand-and-index-review,"manual URL inspection and demand review before rewrite, merge, or sitemap removal"
costume,guide,https://costumes.madabase.com/guides/costume-rental-vs-buying-guide,Costume Rental vs. Buying: A Practical Decision Guide,78,,,local-template-pass;live-url-inspection-pending,demand-and-index-review,"manual URL inspection and demand review before rewrite, merge, or sitemap removal"
costume,guide,https://costumes.madabase.com/guides/costume-sizing-measurements-and-returns,"Costume Sizing, Measurements, and Return-Risk Guide",78,,,local-template-pass;live-url-inspection-pending,demand-and-index-review,"manual URL inspection and demand review before rewrite, merge, or sitemap removal"
costume,guide,https://costumes.madabase.com/guides/costume-wigs-buying-guide,Costume Wigs Buying Guide,60,weak-title,,local-content-gap;live-url-inspection-pending,repair-local-discovery,"manual URL inspection and demand review before rewrite, merge, or sitemap removal"
costume,guide,https://costumes.madabase.com/guides/costume-wigs-compatibility-and-fit-guide,Costume Wigs: Compatibility and Fit Guide,60,,,local-template-pass;live-url-inspection-pending,demand-and-index-review,"manual URL inspection and demand review before rewrite, merge, or sitemap removal"
costume,guide,https://costumes.madabase.com/guides/costume-wigs-ownership-cost-and-maintenance,Costume Wigs: Ownership Cost and Maintenance,60,,,local-template-pass;live-url-inspection-pending,demand-and-index-review,"manual URL inspection and demand review before rewrite, merge, or sitemap removal"
costume,guide,https://costumes.madabase.com/guides/costume-wigs-vs-alternatives,Costume Wigs vs. temporary hair color or headpieces,60,,,local-template-pass;live-url-inspection-pending,demand-and-index-review,"manual URL inspection and demand review before rewrite, merge, or sitemap removal"
costume,guide,https://costumes.madabase.com/guides/halloween-fog-machine-lighting-power-guide,Halloween Fog Machine and Lighting Power Guide,61,,,local-template-pass;live-url-inspection-pending,demand-and-index-review,"manual URL inspection and demand review before rewrite, merge, or sitemap removal"
costume,guide,https://costumes.madabase.com/guides/high-end-costumes-buying-guide,High-end Costumes Buying Guide,60,,,local-template-pass;live-url-inspection-pending,demand-and-index-review,"manual URL inspection and demand review before rewrite, merge, or sitemap removal"
costume,guide,https://costumes.madabase.com/guides/historical-theatrical-costumes-buying-guide,Historical and Theatrical Costumes Buying Guide,60,,,local-template-pass;live-url-inspection-pending,demand-and-index-review,"manual URL inspection and demand review before rewrite, merge, or sitemap removal"
costume,guide,https://costumes.madabase.com/guides/large-prop-animatronic-space-and-power-checklist,"Large Prop and Animatronic Space, Power, and Safety Checklist",78,,,local-template-pass;live-url-inspection-pending,demand-and-index-review,"manual URL inspection and demand review before rewrite, merge, or sitemap removal"
costume,guide,https://costumes.madabase.com/guides/mascot-costumes-buying-guide,Mascot Costumes Buying Guide,60,,,local-template-pass;live-url-inspection-pending,demand-and-index-review,"manual URL inspection and demand review before rewrite, merge, or sitemap removal"
costume,guide,https://costumes.madabase.com/guides/mask-and-prosthetic-fit-materials-guide,"Mask and Prosthetic Fit, Materials, and Removal Guide",78,,,local-template-pass;live-url-inspection-pending,demand-and-index-review,"manual URL inspection and demand review before rewrite, merge, or sitemap removal"
costume,guide,https://costumes.madabase.com/guides/masks-and-masquerade-buying-guide,Masks and Masquerade Masks Buying Guide,60,,,local-template-pass;live-url-inspection-pending,demand-and-index-review,"manual URL inspection and demand review before rewrite, merge, or sitemap removal"
costume,guide,https://costumes.madabase.com/guides/professional-costume-vs-standard-costume,Professional Costume vs. Standard Costume,78,,,local-template-pass;live-url-inspection-pending,demand-and-index-review,"manual URL inspection and demand review before rewrite, merge, or sitemap removal"
costume,guide,https://costumes.madabase.com/guides/props-and-animatronics-buying-guide,Props and Animatronics Buying Guide,60,,,local-template-pass;live-url-inspection-pending,demand-and-index-review,"manual URL inspection and demand review before rewrite, merge, or sitemap removal"
costume,guide,https://costumes.madabase.com/guides/props-and-animatronics-compatibility-and-fit-guide,Props and Animatronics: Compatibility and Fit Guide,60,,,local-template-pass;live-url-inspection-pending,demand-and-index-review,"manual URL inspection and demand review before rewrite, merge, or sitemap removal"
costume,guide,https://costumes.madabase.com/guides/props-and-animatronics-ownership-cost-and-maintenance,Props and Animatronics: Ownership Cost and Maintenance,60,,,local-template-pass;live-url-inspection-pending,demand-and-index-review,"manual URL inspection and demand review before rewrite, merge, or sitemap removal"
costume,guide,https://costumes.madabase.com/guides/props-and-animatronics-vs-alternatives,Props and Animatronics vs. compact static decorations,60,,,local-template-pass;live-url-inspection-pending,demand-and-index-review,"manual URL inspection and demand review before rewrite, merge, or sitemap removal"
costume,guide,https://costumes.madabase.com/guides/special-effects-makeup-skin-contact-removal-guide,Special-Effects Makeup Skin Contact and Removal Guide,61,,,local-template-pass;live-url-inspection-pending,demand-and-index-review,"manual URL inspection and demand review before rewrite, merge, or sitemap removal"
costume,guide,https://costumes.madabase.com/guides/theatrical-face-body-makeup-buying-guide,Theatrical Face and Body Makeup Buying Guide,60,,,local-template-pass;live-url-inspection-pending,demand-and-index-review,"manual URL inspection and demand review before rewrite, merge, or sitemap removal"
costume,guide,https://costumes.madabase.com/guides/when-to-order-a-halloween-costume,When to Order a Halloween Costume,78,,,local-template-pass;live-url-inspection-pending,demand-and-index-review,"manual URL inspection and demand review before rewrite, merge, or sitemap removal"
costume,guide,https://costumes.madabase.com/guides/wig-facial-hair-and-makeup-planning-guide,"Halloween Costume Wig, Facial Hair, and Makeup Guide",71,,,local-template-pass;live-url-inspection-pending,demand-and-index-review,"manual URL inspection and demand review before rewrite, merge, or sitemap removal"
homeoffice,roundup,https://homeoffice.madabase.com/best/ergotron-hx-vs-huanuo-titanlift,Ergotron HX vs. HUANUO TitanLift,99,,,local-template-pass;live-url-inspection-pending,demand-and-index-review,"manual URL inspection and demand review before rewrite, merge, or sitemap removal"
homeoffice,guide,https://homeoffice.madabase.com/guides/active-sitting-stools-buying-guide,"Active sitting stools: Fit, Trade-offs & Buying Guide",56,,,local-template-pass;live-url-inspection-pending,demand-and-index-review,"manual URL inspection and demand review before rewrite, merge, or sitemap removal"
homeoffice,guide,https://homeoffice.madabase.com/guides/adjustable-laptop-stands-compatibility-and-fit-guide,Adjustable Laptop Stands: Compatibility and Fit Guide,60,,,local-template-pass;live-url-inspection-pending,demand-and-index-review,"manual URL inspection and demand review before rewrite, merge, or sitemap removal"
homeoffice,guide,https://homeoffice.madabase.com/guides/adjustable-laptop-stands-ownership-cost-and-maintenance,Adjustable Laptop Stands: Ownership Cost and Maintenance,60,,,local-template-pass;live-url-inspection-pending,demand-and-index-review,"manual URL inspection and demand review before rewrite, merge, or sitemap removal"
homeoffice,guide,https://homeoffice.madabase.com/guides/adjustable-laptop-stands-setup-and-daily-workflow,Adjustable Laptop Stands: Setup and Daily Workflow,60,,,local-template-pass;live-url-inspection-pending,demand-and-index-review,"manual URL inspection and demand review before rewrite, merge, or sitemap removal"
homeoffice,guide,https://homeoffice.madabase.com/guides/color-laser-multifunction-printers-buying-guide,Color Laser Multifunction Printers Buying Guide,60,,https://homeoffice.madabase.com/guides/color-laser-multifunction-printers-compatibility-and-fit-guide;https://homeoffice.madabase.com/guides/color-laser-multifunction-printers-vs-alternatives,local-template-pass;live-url-inspection-pending,duplicate-intent-review,"manual URL inspection and demand review before rewrite, merge, or sitemap removal"
homeoffice,guide,https://homeoffice.madabase.com/guides/color-laser-multifunction-printers-ownership-cost-and-maintenance,Color Laser Multifunction Printers: Ownership Cost and Maintenance,60,,,local-template-pass;live-url-inspection-pending,demand-and-index-review,"manual URL inspection and demand review before rewrite, merge, or sitemap removal"
homeoffice,guide,https://homeoffice.madabase.com/guides/color-laser-multifunction-printers-setup-and-daily-workflow,Color Laser Multifunction Printers: Setup and Daily Workflow,60,,,local-template-pass;live-url-inspection-pending,demand-and-index-review,"manual URL inspection and demand review before rewrite, merge, or sitemap removal"
homeoffice,guide,https://homeoffice.madabase.com/guides/color-laser-multifunction-printers-vs-alternatives,Color Laser Multifunction Printers vs. separate printers and scanners,60,,https://homeoffice.madabase.com/guides/color-laser-multifunction-printers-buying-guide,local-template-pass;live-url-inspection-pending,duplicate-intent-review,"manual URL inspection and demand review before rewrite, merge, or sitemap removal"
homeoffice,guide,https://homeoffice.madabase.com/guides/desktop-audio-interfaces-buying-guide,Desktop Audio Interfaces Buying Guide,60,,,local-template-pass;live-url-inspection-pending,demand-and-index-review,"manual URL inspection and demand review before rewrite, merge, or sitemap removal"
homeoffice,guide,https://homeoffice.madabase.com/guides/desktop-audio-interfaces-compatibility-and-fit-guide,Desktop Audio Interfaces: Compatibility and Fit Guide,42,,,local-template-pass;live-url-inspection-pending,demand-and-index-review,"manual URL inspection and demand review before rewrite, merge, or sitemap removal"
homeoffice,guide,https://homeoffice.madabase.com/guides/desktop-audio-interfaces-ownership-cost-and-maintenance,Desktop Audio Interfaces: Ownership Cost and Maintenance,60,,,local-template-pass;live-url-inspection-pending,demand-and-index-review,"manual URL inspection and demand review before rewrite, merge, or sitemap removal"
homeoffice,guide,https://homeoffice.madabase.com/guides/desktop-audio-interfaces-setup-and-daily-workflow,Desktop Audio Interfaces: Setup and Daily Workflow,60,,,local-template-pass;live-url-inspection-pending,demand-and-index-review,"manual URL inspection and demand review before rewrite, merge, or sitemap removal"
homeoffice,guide,https://homeoffice.madabase.com/guides/desktop-computer-speakers-buying-guide,"Desktop computer speakers: Fit, Trade-offs & Buying Guide",56,,,local-template-pass;live-url-inspection-pending,demand-and-index-review,"manual URL inspection and demand review before rewrite, merge, or sitemap removal"
homeoffice,guide,https://homeoffice.madabase.com/guides/desktop-label-printers-buying-guide,Desktop Label Printers Buying Guide,60,,,local-template-pass;live-url-inspection-pending,demand-and-index-review,"manual URL inspection and demand review before rewrite, merge, or sitemap removal"
homeoffice,guide,https://homeoffice.madabase.com/guides/desktop-laminators-buying-guide,Desktop Laminators Buying Guide,60,,,local-template-pass;live-url-inspection-pending,demand-and-index-review,"manual URL inspection and demand review before rewrite, merge, or sitemap removal"
homeoffice,guide,https://homeoffice.madabase.com/guides/desktop-power-centers-buying-guide,Desktop Power Centers Buying Guide,60,,,local-template-pass;live-url-inspection-pending,demand-and-index-review,"manual URL inspection and demand review before rewrite, merge, or sitemap removal"
homeoffice,guide,https://homeoffice.madabase.com/guides/desktop-power-centers-ownership-cost-and-maintenance,Desktop Power Centers: Ownership Cost and Maintenance,60,,,local-template-pass;live-url-inspection-pending,demand-and-index-review,"manual URL inspection and demand review before rewrite, merge, or sitemap removal"
homeoffice,guide,https://homeoffice.madabase.com/guides/ergonomic-split-keyboards-buying-guide,Ergonomic Split Keyboards Buying Guide,60,,https://homeoffice.madabase.com/guides/ergonomic-split-keyboards-vs-alternatives,local-template-pass;live-url-inspection-pending,duplicate-intent-review,"manual URL inspection and demand review before rewrite, merge, or sitemap removal"
homeoffice,guide,https://homeoffice.madabase.com/guides/ergonomic-split-keyboards-vs-alternatives,Ergonomic Split Keyboards vs. standard keyboards,60,,https://homeoffice.madabase.com/guides/ergonomic-split-keyboards-buying-guide,local-template-pass;live-url-inspection-pending,duplicate-intent-review,"manual URL inspection and demand review before rewrite, merge, or sitemap removal"
homeoffice,guide,https://homeoffice.madabase.com/guides/flatbed-document-scanners-buying-guide,Flatbed Document Scanners Buying Guide,60,,,local-template-pass;live-url-inspection-pending,demand-and-index-review,"manual URL inspection and demand review before rewrite, merge, or sitemap removal"
homeoffice,guide,https://homeoffice.madabase.com/guides/home-office-acoustic-panels-vs-alternatives,Home-office Acoustic Panels vs. soft furnishings or directional microphones,60,long-title,,local-template-pass;live-url-inspection-pending,demand-and-index-review,"manual URL inspection and demand review before rewrite, merge, or sitemap removal"
homeoffice,guide,https://homeoffice.madabase.com/guides/keyboard-wrist-rests-buying-guide,"Keyboard wrist rests: Fit, Trade-offs & Buying Guide",56,,https://homeoffice.madabase.com/guides/mouse-wrist-rests-buying-guide,local-template-pass;live-url-inspection-pending,duplicate-intent-review,"manual URL inspection and demand review before rewrite, merge, or sitemap removal"
homeoffice,guide,https://homeoffice.madabase.com/guides/laptop-cooling-pads-buying-guide,"Laptop cooling pads: Fit, Trade-offs & Buying Guide",56,,,local-template-pass;live-url-inspection-pending,demand-and-index-review,"manual URL inspection and demand review before rewrite, merge, or sitemap removal"
homeoffice,guide,https://homeoffice.madabase.com/guides/monitor-arm-compatibility-checklist,Monitor Arm Compatibility Checklist,102,,,local-template-pass;live-url-inspection-pending,demand-and-index-review,"manual URL inspection and demand review before rewrite, merge, or sitemap removal"
homeoffice,guide,https://homeoffice.madabase.com/guides/monitor-arm-for-small-desk-guide,Monitor Arm Buying Guide for Small Desks,107,,,local-template-pass;live-url-inspection-pending,demand-and-index-review,"manual URL inspection and demand review before rewrite, merge, or sitemap removal"
homeoffice,guide,https://homeoffice.madabase.com/guides/monitor-color-calibrators-buying-guide,Monitor Color Calibrators Buying Guide,60,,,local-template-pass;live-url-inspection-pending,demand-and-index-review,"manual URL inspection and demand review before rewrite, merge, or sitemap removal"
homeoffice,guide,https://homeoffice.madabase.com/guides/monitor-color-calibrators-vs-alternatives,Monitor Color Calibrators vs. factory-calibrated displays,60,,,local-template-pass;live-url-inspection-pending,demand-and-index-review,"manual URL inspection and demand review before rewrite, merge, or sitemap removal"
homeoffice,guide,https://homeoffice.madabase.com/guides/monitor-mounted-key-light-vs-desk-light,Monitor-Mounted Key Light vs. Desk Lamp for Video Calls,84,,,local-template-pass;live-url-inspection-pending,demand-and-index-review,"manual URL inspection and demand review before rewrite, merge, or sitemap removal"
homeoffice,guide,https://homeoffice.madabase.com/guides/office-call-headsets-ownership-cost-and-maintenance,Office Call Headsets: Ownership Cost and Maintenance,60,,,local-template-pass;live-url-inspection-pending,demand-and-index-review,"manual URL inspection and demand review before rewrite, merge, or sitemap removal"
homeoffice,guide,https://homeoffice.madabase.com/guides/office-footrests-buying-guide,Office Footrests Buying Guide,60,,,local-template-pass;live-url-inspection-pending,demand-and-index-review,"manual URL inspection and demand review before rewrite, merge, or sitemap removal"
homeoffice,guide,https://homeoffice.madabase.com/guides/office-footrests-compatibility-and-fit-guide,Office Footrests: Compatibility and Fit Guide,60,,,local-template-pass;live-url-inspection-pending,demand-and-index-review,"manual URL inspection and demand review before rewrite, merge, or sitemap removal"
homeoffice,guide,https://homeoffice.madabase.com/guides/office-footrests-ownership-cost-and-maintenance,Office Footrests: Ownership Cost and Maintenance,60,,,local-template-pass;live-url-inspection-pending,demand-and-index-review,"manual URL inspection and demand review before rewrite, merge, or sitemap removal"
homeoffice,guide,https://homeoffice.madabase.com/guides/office-lumbar-cushions-buying-guide,"Office lumbar support cushions: Fit, Trade-offs & Buying Guide",56,,,local-template-pass;live-url-inspection-pending,demand-and-index-review,"manual URL inspection and demand review before rewrite, merge, or sitemap removal"
homeoffice,guide,https://homeoffice.madabase.com/guides/office-printer-stands-buying-guide,"Office printer stands: Fit, Trade-offs & Buying Guide",56,,,local-template-pass;live-url-inspection-pending,demand-and-index-review,"manual URL inspection and demand review before rewrite, merge, or sitemap removal"
homeoffice,guide,https://homeoffice.madabase.com/guides/office-saddle-stools-buying-guide,Saddle Stool vs Office Chair: Which Fits Your Workday?,31,,,local-template-pass;live-url-inspection-pending,demand-and-index-review,"manual URL inspection and demand review before rewrite, merge, or sitemap removal"
homeoffice,guide,https://homeoffice.madabase.com/guides/office-seat-cushions-buying-guide,Seat Cushion vs New Office Chair: What Should You Fix First?,31,,,local-template-pass;live-url-inspection-pending,demand-and-index-review,"manual URL inspection and demand review before rewrite, merge, or sitemap removal"
homeoffice,guide,https://homeoffice.madabase.com/guides/office-trackballs-buying-guide,Office Trackballs Buying Guide,60,,,local-template-pass;live-url-inspection-pending,demand-and-index-review,"manual URL inspection and demand review before rewrite, merge, or sitemap removal"
homeoffice,guide,https://homeoffice.madabase.com/guides/productivity-mice-buying-guide,Productivity Mice Buying Guide,60,,,local-template-pass;live-url-inspection-pending,demand-and-index-review,"manual URL inspection and demand review before rewrite, merge, or sitemap removal"
homeoffice,guide,https://homeoffice.madabase.com/guides/productivity-mice-setup-and-daily-workflow,Productivity Mice: Setup and Daily Workflow,60,,https://homeoffice.madabase.com/guides/vertical-mice-setup-and-daily-workflow,local-template-pass;live-url-inspection-pending,duplicate-intent-review,"manual URL inspection and demand review before rewrite, merge, or sitemap removal"
homeoffice,guide,https://homeoffice.madabase.com/guides/productivity-mice-vs-alternatives,Productivity Mice vs. basic wireless mice,60,,,local-template-pass;live-url-inspection-pending,demand-and-index-review,"manual URL inspection and demand review before rewrite, merge, or sitemap removal"
homeoffice,guide,https://homeoffice.madabase.com/guides/sheetfed-document-scanners-compatibility-and-fit-guide,Sheet-fed Document Scanners: Compatibility and Fit Guide,42,,https://homeoffice.madabase.com/guides/sheetfed-document-scanners-buying-guide,local-template-pass;live-url-inspection-pending,duplicate-intent-review,"manual URL inspection and demand review before rewrite, merge, or sitemap removal"
homeoffice,guide,https://homeoffice.madabase.com/guides/sheetfed-document-scanners-ownership-cost-and-maintenance,Sheet-fed Document Scanners: Ownership Cost and Maintenance,60,,,local-template-pass;live-url-inspection-pending,demand-and-index-review,"manual URL inspection and demand review before rewrite, merge, or sitemap removal"
homeoffice,guide,https://homeoffice.madabase.com/guides/standing-desk-anti-fatigue-mats-buying-guide,Standing-desk anti-fatigue Mats Buying Guide,60,,https://homeoffice.madabase.com/guides/standing-desk-anti-fatigue-mats-compatibility-and-fit-guide,local-template-pass;live-url-inspection-pending,duplicate-intent-review,"manual URL inspection and demand review before rewrite, merge, or sitemap removal"
homeoffice,guide,https://homeoffice.madabase.com/guides/standing-desk-anti-fatigue-mats-ownership-cost-and-maintenance,Standing-desk anti-fatigue Mats: Ownership Cost and Maintenance,60,,,local-template-pass;live-url-inspection-pending,demand-and-index-review,"manual URL inspection and demand review before rewrite, merge, or sitemap removal"
homeoffice,guide,https://homeoffice.madabase.com/guides/standing-desk-converters-buying-guide,"Standing Desk Converter Buying Guide: Work Surface, Lift Range, and Stability",59,long-title,,local-template-pass;live-url-inspection-pending,demand-and-index-review,"manual URL inspection and demand review before rewrite, merge, or sitemap removal"
homeoffice,guide,https://homeoffice.madabase.com/guides/ultrawide-office-monitors-buying-guide,Ultrawide Office Monitors Buying Guide,60,,,local-template-pass;live-url-inspection-pending,demand-and-index-review,"manual URL inspection and demand review before rewrite, merge, or sitemap removal"
homeoffice,guide,https://homeoffice.madabase.com/guides/under-desk-keyboard-trays-buying-guide,Under-desk Keyboard Trays Buying Guide,60,,https://homeoffice.madabase.com/guides/under-desk-keyboard-trays-compatibility-and-fit-guide,local-template-pass;live-url-inspection-pending,duplicate-intent-review,"manual URL inspection and demand review before rewrite, merge, or sitemap removal"
homeoffice,guide,https://homeoffice.madabase.com/guides/under-desk-keyboard-trays-ownership-cost-and-maintenance,Under-desk Keyboard Trays: Ownership Cost and Maintenance,60,,https://homeoffice.madabase.com/guides/under-desk-cable-trays-ownership-cost-and-maintenance,local-template-pass;live-url-inspection-pending,duplicate-intent-review,"manual URL inspection and demand review before rewrite, merge, or sitemap removal"
homeoffice,guide,https://homeoffice.madabase.com/guides/under-desk-pedal-exercisers-buying-guide,"Under-desk pedal exercisers: Fit, Trade-offs & Buying Guide",56,,,local-template-pass;live-url-inspection-pending,demand-and-index-review,"manual URL inspection and demand review before rewrite, merge, or sitemap removal"
homeoffice,guide,https://homeoffice.madabase.com/guides/vertical-mice-buying-guide,Vertical Mice Buying Guide,60,weak-title,,local-content-gap;live-url-inspection-pending,repair-local-discovery,"manual URL inspection and demand review before rewrite, merge, or sitemap removal"
homeoffice,guide,https://homeoffice.madabase.com/guides/vertical-mice-ownership-cost-and-maintenance,Vertical Mice: Ownership Cost and Maintenance,60,,https://homeoffice.madabase.com/guides/productivity-mice-ownership-cost-and-maintenance,local-template-pass;live-url-inspection-pending,duplicate-intent-review,"manual URL inspection and demand review before rewrite, merge, or sitemap removal"
homeoffice,guide,https://homeoffice.madabase.com/guides/vertical-mice-setup-and-daily-workflow,Vertical Mice: Setup and Daily Workflow,60,,https://homeoffice.madabase.com/guides/productivity-mice-setup-and-daily-workflow,local-template-pass;live-url-inspection-pending,duplicate-intent-review,"manual URL inspection and demand review before rewrite, merge, or sitemap removal"
homeoffice,guide,https://homeoffice.madabase.com/guides/vertical-mice-vs-alternatives,Vertical Mouse vs Trackball: Which Is Better for Work?,34,,,local-template-pass;live-url-inspection-pending,demand-and-index-review,"manual URL inspection and demand review before rewrite, merge, or sitemap removal"
homeoffice,guide,https://homeoffice.madabase.com/guides/vertical-office-monitors-buying-guide,Vertical Office Monitors Buying Guide,60,,,local-template-pass;live-url-inspection-pending,demand-and-index-review,"manual URL inspection and demand review before rewrite, merge, or sitemap removal"
homeoffice,guide,https://homeoffice.madabase.com/guides/wireless-conference-headsets-buying-guide,Wireless Conference Headsets Buying Guide,60,,,local-template-pass;live-url-inspection-pending,demand-and-index-review,"manual URL inspection and demand review before rewrite, merge, or sitemap removal"
homeoffice,guide,https://homeoffice.madabase.com/guides/wireless-number-pads-buying-guide,Wireless Number Pads Buying Guide,60,,,local-template-pass;live-url-inspection-pending,demand-and-index-review,"manual URL inspection and demand review before rewrite, merge, or sitemap removal"
homeoffice,guide,https://homeoffice.madabase.com/guides/xlr-office-microphones-buying-guide,XLR Microphones for Office Studios Buying Guide,60,,https://homeoffice.madabase.com/guides/xlr-office-microphones-vs-alternatives;https://homeoffice.madabase.com/guides/xlr-office-microphones-compatibility-and-fit-guide,local-template-pass;live-url-inspection-pending,duplicate-intent-review,"manual URL inspection and demand review before rewrite, merge, or sitemap removal"
homeoffice,guide,https://homeoffice.madabase.com/guides/xlr-office-microphones-compatibility-and-fit-guide,XLR Microphones for Office Studios: Compatibility and Fit Guide,42,,https://homeoffice.madabase.com/guides/xlr-office-microphones-buying-guide,local-template-pass;live-url-inspection-pending,duplicate-intent-review,"manual URL inspection and demand review before rewrite, merge, or sitemap removal"
homeoffice,guide,https://homeoffice.madabase.com/guides/xlr-office-microphones-ownership-cost-and-maintenance,XLR Microphones for Office Studios: Ownership Cost and Maintenance,60,,,local-template-pass;live-url-inspection-pending,demand-and-index-review,"manual URL inspection and demand review before rewrite, merge, or sitemap removal"
homeoffice,guide,https://homeoffice.madabase.com/guides/xlr-office-microphones-vs-alternatives,XLR Microphones for Office Studios vs. USB microphones,60,,https://homeoffice.madabase.com/guides/xlr-office-microphones-buying-guide,local-template-pass;live-url-inspection-pending,duplicate-intent-review,"manual URL inspection and demand review before rewrite, merge, or sitemap removal"
homeoffice,product,https://homeoffice.madabase.com/reviews/ergear-48x24-electric-standing-desk,ErGear 48×24 Electric Standing Desk Guide: Is It Good for Small Spaces?,77,implicit-evidence-mode,,local-template-pass;live-url-inspection-pending,repair-content-integrity,"repair evidence, exact-product sources, and version checks before live inspection"
homeoffice,product,https://homeoffice.madabase.com/reviews/insta360-link-2-webcam,Insta360 Link 2 Guide: AI Tracking vs MX Brio,61,,,local-template-pass;live-url-inspection-pending,demand-and-index-review,"manual URL inspection and demand review before rewrite, merge, or sitemap removal"
homeoffice,product,https://homeoffice.madabase.com/reviews/satechi-dual-vertical-laptop-stand,Satechi Dual Vertical Laptop Stand Guide: Will Both Slots Fit?,48,,,local-template-pass;live-url-inspection-pending,demand-and-index-review,"manual URL inspection and demand review before rewrite, merge, or sitemap removal"
network,roundup,https://network.madabase.com/best/arris-s33-vs-motorola-mb8611-vs-hitron-coda56,ARRIS S33 vs Motorola MB8611 vs Hitron CODA56,91,,,local-template-pass;live-url-inspection-pending,demand-and-index-review,"manual URL inspection and demand review before rewrite, merge, or sitemap removal"
network,roundup,https://network.madabase.com/best/asus-zenwifi-bt6-vs-deco-be63,ASUS ZenWiFi BT6 vs Deco BE63: Control or Simpler Multi-Gig Mesh?,99,,,local-template-pass;live-url-inspection-pending,demand-and-index-review,"manual URL inspection and demand review before rewrite, merge, or sitemap removal"
network,roundup,https://network.madabase.com/best/best-2-5g-home-network-upgrades,2.5G Home Network Upgrades Before Buying a New Router,91,,,local-template-pass;live-url-inspection-pending,demand-and-index-review,"manual URL inspection and demand review before rewrite, merge, or sitemap removal"
network,roundup,https://network.madabase.com/best/best-cable-modems-for-xfinity-spectrum-cox,"Cable Modems for Xfinity, Spectrum and Cox Multi-Gig Plans",91,,,local-template-pass;live-url-inspection-pending,demand-and-index-review,"manual URL inspection and demand review before rewrite, merge, or sitemap removal"
network,roundup,https://network.madabase.com/best/best-deco-wifi-7-mesh-for-wired-backhaul,"Deco Wi-Fi 7 Mesh for Wired Backhaul: BE25, BE63 or BE67?",84,,,local-template-pass;live-url-inspection-pending,demand-and-index-review,"manual URL inspection and demand review before rewrite, merge, or sitemap removal"
network,roundup,https://network.madabase.com/best/best-mesh-wifi-for-2-5gbps-internet,Mesh Wi-Fi for 2.5Gbps Internet: 4 Practical Picks,89,,,local-template-pass;live-url-inspection-pending,demand-and-index-review,"manual URL inspection and demand review before rewrite, merge, or sitemap removal"
network,roundup,https://network.madabase.com/best/best-mesh-wifi-for-apartments-and-homes,Mesh Wi-Fi for Apartments and Multi-Floor Homes,105,,,local-template-pass;live-url-inspection-pending,demand-and-index-review,"manual URL inspection and demand review before rewrite, merge, or sitemap removal"
network,roundup,https://network.madabase.com/best/best-poe-switches-for-home-cameras-and-access-points,PoE Switches for Home Cameras and Access Points,91,,,local-template-pass;live-url-inspection-pending,demand-and-index-review,"manual URL inspection and demand review before rewrite, merge, or sitemap removal"
network,roundup,https://network.madabase.com/best/best-wifi-7-routers-for-home-networks,Wi-Fi 7 Router for One-Router Homes,105,,,local-template-pass;live-url-inspection-pending,demand-and-index-review,"manual URL inspection and demand review before rewrite, merge, or sitemap removal"
network,roundup,https://network.madabase.com/best/best-wired-networking-upgrades,"Wired Home Network Upgrades: Switches, Cables & Hubs",105,,,local-template-pass;live-url-inspection-pending,demand-and-index-review,"manual URL inspection and demand review before rewrite, merge, or sitemap removal"
network,roundup,https://network.madabase.com/best/deco-be85-vs-be67,Deco BE85 vs BE67: Is the Flagship Wi-Fi 7 Mesh Worth It?,99,,,local-template-pass;live-url-inspection-pending,demand-and-index-review,"manual URL inspection and demand review before rewrite, merge, or sitemap removal"
network,roundup,https://network.madabase.com/best/netgear-gs308e-vs-tp-link-tl-sg108,NETGEAR GS308E vs TP-Link TL-SG108: Managed or Unmanaged 8-Port Switch?,99,,,local-template-pass;live-url-inspection-pending,demand-and-index-review,"manual URL inspection and demand review before rewrite, merge, or sitemap removal"
network,roundup,https://network.madabase.com/best/tp-link-tl-sg1005p-vs-tl-sg108pe-vs-netgear-gs308epp,TP-Link TL-SG1005P vs TL-SG108PE vs NETGEAR GS308EPP,91,,,local-template-pass;live-url-inspection-pending,demand-and-index-review,"manual URL inspection and demand review before rewrite, merge, or sitemap removal"
network,roundup,https://network.madabase.com/best/tp-link-ue302c-vs-sabrent-nt-25ga,TP-Link UE302C vs Sabrent NT-25GA: Which 2.5G USB-C Adapter?,91,,,local-template-pass;live-url-inspection-pending,demand-and-index-review,"manual URL inspection and demand review before rewrite, merge, or sitemap removal"
network,guide,https://network.madabase.com/guides/2-5g-vs-10g-switch-for-home-nas-guide,2.5G vs 10G Switch for a Home NAS,91,,,local-template-pass;live-url-inspection-pending,demand-and-index-review,"manual URL inspection and demand review before rewrite, merge, or sitemap removal"
network,guide,https://network.madabase.com/guides/2-5gbe-home-network-upgrade-checklist,"2.5GbE Home Network Upgrade Checklist: Router, Switch, NAS and Cables",89,,,local-template-pass;live-url-inspection-pending,demand-and-index-review,"manual URL inspection and demand review before rewrite, merge, or sitemap removal"
network,guide,https://network.madabase.com/guides/2-5gbe-switch-port-budget-for-nas-mesh,2.5GbE Switch for NAS and Wi-Fi 7 Mesh: Port Budget Checklist,63,,,local-template-pass;live-url-inspection-pending,demand-and-index-review,"manual URL inspection and demand review before rewrite, merge, or sitemap removal"
network,guide,https://network.madabase.com/guides/2-5gbe-vs-10gbe-mesh-backhaul-checklist,2.5GbE vs 10GbE Mesh Backhaul: Which Port Speed Do You Need?,89,,,local-template-pass;live-url-inspection-pending,demand-and-index-review,"manual URL inspection and demand review before rewrite, merge, or sitemap removal"
network,guide,https://network.madabase.com/guides/5-port-vs-8-port-2-5gbe-switch,5-Port vs 8-Port 2.5GbE Switch: Count the Uplink First,79,,,local-template-pass;live-url-inspection-pending,demand-and-index-review,"manual URL inspection and demand review before rewrite, merge, or sitemap removal"
network,guide,https://network.madabase.com/guides/bulk-ethernet-cable-reels-buying-guide,"Bulk Ethernet cable reels: Fit, Trade-offs & Buying Guide",56,,,local-template-pass;live-url-inspection-pending,demand-and-index-review,"manual URL inspection and demand review before rewrite, merge, or sitemap removal"
network,guide,https://network.madabase.com/guides/cable-modem-2-5g-port-buying-guide,Cable Modem 2.5GbE Port Buying Guide,77,,,local-template-pass;live-url-inspection-pending,demand-and-index-review,"manual URL inspection and demand review before rewrite, merge, or sitemap removal"
network,guide,https://network.madabase.com/guides/cloud-managed-access-points-buying-guide,"Cloud-managed Wi-Fi access points: Fit, Trade-offs & Buying Guide",56,,,local-template-pass;live-url-inspection-pending,demand-and-index-review,"manual URL inspection and demand review before rewrite, merge, or sitemap removal"
network,guide,https://network.madabase.com/guides/coax-cable-testers-buying-guide,"Coax cable testers: Fit, Trade-offs & Buying Guide",56,,,local-template-pass;live-url-inspection-pending,demand-and-index-review,"manual URL inspection and demand review before rewrite, merge, or sitemap removal"
network,guide,https://network.madabase.com/guides/coax-compression-tools-buying-guide,"Coax compression tools: Fit, Trade-offs & Buying Guide",56,,,local-template-pass;live-url-inspection-pending,demand-and-index-review,"manual URL inspection and demand review before rewrite, merge, or sitemap removal"
network,guide,https://network.madabase.com/guides/deco-be63-be67-wired-backhaul-port-checklist,Deco BE63 & BE67 Wired Backhaul Port Checklist,84,,,local-template-pass;live-url-inspection-pending,demand-and-index-review,"manual URL inspection and demand review before rewrite, merge, or sitemap removal"
network,guide,https://network.madabase.com/guides/deco-be63-multigig-ports-guide,"Deco BE63 2.5GbE Ports Explained: WAN, LAN, Switches and Backhaul",77,,,local-template-pass;live-url-inspection-pending,demand-and-index-review,"manual URL inspection and demand review before rewrite, merge, or sitemap removal"
network,guide,https://network.madabase.com/guides/deco-be67-10gbe-network-checklist,Deco BE67 10GbE Network Checklist,72,,,local-template-pass;live-url-inspection-pending,demand-and-index-review,"manual URL inspection and demand review before rewrite, merge, or sitemap removal"
network,guide,https://network.madabase.com/guides/deco-mesh-connection-drops-troubleshooting,Deco Mesh Connection Drops: A Troubleshooting Checklist,77,,,local-template-pass;live-url-inspection-pending,demand-and-index-review,"manual URL inspection and demand review before rewrite, merge, or sitemap removal"
network,guide,https://network.madabase.com/guides/direct-attach-copper-cables-buying-guide,Direct-attach Copper Cables Buying Guide,60,,https://network.madabase.com/guides/direct-attach-copper-cables-compatibility-and-fit-guide,local-template-pass;live-url-inspection-pending,duplicate-intent-review,"manual URL inspection and demand review before rewrite, merge, or sitemap removal"
network,guide,https://network.madabase.com/guides/direct-attach-copper-cables-compatibility-and-fit-guide,Direct-attach Copper Cables: Compatibility and Fit Guide,60,,https://network.madabase.com/guides/direct-attach-copper-cables-buying-guide,local-template-pass;live-url-inspection-pending,duplicate-intent-review,"manual URL inspection and demand review before rewrite, merge, or sitemap removal"
network,guide,https://network.madabase.com/guides/direct-attach-copper-cables-ownership-cost-and-maintenance,Direct-attach Copper Cables: Ownership Cost and Maintenance,60,,,local-template-pass;live-url-inspection-pending,demand-and-index-review,"manual URL inspection and demand review before rewrite, merge, or sitemap removal"
network,guide,https://network.madabase.com/guides/direct-attach-copper-cables-vs-alternatives,SFP+ DAC vs Fiber Transceivers: Which Link Is Better?,34,,,local-template-pass;live-url-inspection-pending,demand-and-index-review,"manual URL inspection and demand review before rewrite, merge, or sitemap removal"
network,guide,https://network.madabase.com/guides/dual-wan-routers-compatibility-and-fit-guide,Dual-WAN Routers: Compatibility and Fit Guide,60,,,local-template-pass;live-url-inspection-pending,demand-and-index-review,"manual URL inspection and demand review before rewrite, merge, or sitemap removal"
network,guide,https://network.madabase.com/guides/ethernet-cable-category-guide,Cat6 vs Cat6A vs Flat Ethernet Cable: What to Buy for Home,105,,,local-template-pass;live-url-inspection-pending,demand-and-index-review,"manual URL inspection and demand review before rewrite, merge, or sitemap removal"
network,guide,https://network.madabase.com/guides/ethernet-cable-testers-compatibility-and-fit-guide,Ethernet Cable Testers: Compatibility and Fit Guide,60,,,local-template-pass;live-url-inspection-pending,demand-and-index-review,"manual URL inspection and demand review before rewrite, merge, or sitemap removal"
network,guide,https://network.madabase.com/guides/ethernet-inline-couplers-buying-guide,"Ethernet inline couplers: Fit, Trade-offs & Buying Guide",56,,,local-template-pass;live-url-inspection-pending,demand-and-index-review,"manual URL inspection and demand review before rewrite, merge, or sitemap removal"
network,guide,https://network.madabase.com/guides/ethernet-keystone-jacks-buying-guide,"Ethernet Keystone Jack Buying Guide: Category, Termination, and Wall Fit",59,,,local-template-pass;live-url-inspection-pending,demand-and-index-review,"manual URL inspection and demand review before rewrite, merge, or sitemap removal"
network,guide,https://network.madabase.com/guides/ethernet-network-interface-cards-vs-alternatives,PCIe Ethernet Card vs USB Adapter: Which Is Better?,34,,https://network.madabase.com/guides/usb-wifi-adapters-buying-guide,local-template-pass;live-url-inspection-pending,duplicate-intent-review,"manual URL inspection and demand review before rewrite, merge, or sitemap removal"
network,guide,https://network.madabase.com/guides/ethernet-network-taps-buying-guide,"Ethernet network taps: Fit, Trade-offs & Buying Guide",56,,,local-template-pass;live-url-inspection-pending,demand-and-index-review,"manual URL inspection and demand review before rewrite, merge, or sitemap removal"
network,guide,https://network.madabase.com/guides/ethernet-patch-panels-buying-guide,Ethernet Patch Panels Buying Guide,60,,,local-template-pass;live-url-inspection-pending,demand-and-index-review,"manual URL inspection and demand review before rewrite, merge, or sitemap removal"
network,guide,https://network.madabase.com/guides/ethernet-surge-protectors-buying-guide,"Ethernet Surge Protector Buying Guide: Speed, PoE, and Grounding",58,,,local-template-pass;live-url-inspection-pending,demand-and-index-review,"manual URL inspection and demand review before rewrite, merge, or sitemap removal"
network,guide,https://network.madabase.com/guides/fiber-cleaning-kits-buying-guide,"Fiber optic cleaning kits: Fit, Trade-offs & Buying Guide",56,,,local-template-pass;live-url-inspection-pending,demand-and-index-review,"manual URL inspection and demand review before rewrite, merge, or sitemap removal"
network,guide,https://network.madabase.com/guides/fiber-media-converters-vs-alternatives,Fiber Media Converters vs. switches with native fiber ports,60,,,local-template-pass;live-url-inspection-pending,demand-and-index-review,"manual URL inspection and demand review before rewrite, merge, or sitemap removal"
network,guide,https://network.madabase.com/guides/fiber-optic-patch-cables-buying-guide,"Fiber optic patch cables: Fit, Trade-offs & Buying Guide",56,,,local-template-pass;live-url-inspection-pending,demand-and-index-review,"manual URL inspection and demand review before rewrite, merge, or sitemap removal"
network,guide,https://network.madabase.com/guides/fiber-optic-power-meters-buying-guide,"Fiber optic power meters: Fit, Trade-offs & Buying Guide",56,,,local-template-pass;live-url-inspection-pending,demand-and-index-review,"manual URL inspection and demand review before rewrite, merge, or sitemap removal"
network,guide,https://network.madabase.com/guides/fiber-visual-fault-locators-buying-guide,"Fiber visual fault locators: Fit, Trade-offs & Buying Guide",56,,,local-template-pass;live-url-inspection-pending,demand-and-index-review,"manual URL inspection and demand review before rewrite, merge, or sitemap removal"
network,guide,https://network.madabase.com/guides/five-g-home-internet-gateways-compatibility-and-fit-guide,5G Home Internet Gateways: Compatibility and Fit Guide,60,,,local-template-pass;live-url-inspection-pending,demand-and-index-review,"manual URL inspection and demand review before rewrite, merge, or sitemap removal"
network,guide,https://network.madabase.com/guides/hardware-firewall-appliances-buying-guide,Hardware Firewall Appliances Buying Guide,60,,,local-template-pass;live-url-inspection-pending,demand-and-index-review,"manual URL inspection and demand review before rewrite, merge, or sitemap removal"
network,guide,https://network.madabase.com/guides/hardware-firewall-appliances-compatibility-and-fit-guide,Hardware Firewall Appliances: Compatibility and Fit Guide,60,,,local-template-pass;live-url-inspection-pending,demand-and-index-review,"manual URL inspection and demand review before rewrite, merge, or sitemap removal"
network,guide,https://network.madabase.com/guides/hardware-firewall-appliances-ownership-cost-and-maintenance,Hardware Firewall Appliances: Ownership Cost and Maintenance,60,,,local-template-pass;live-url-inspection-pending,demand-and-index-review,"manual URL inspection and demand review before rewrite, merge, or sitemap removal"
network,guide,https://network.madabase.com/guides/hardware-firewall-appliances-vs-alternatives,Hardware Firewall Appliances vs. security features built into a router,60,,,local-template-pass;live-url-inspection-pending,demand-and-index-review,"manual URL inspection and demand review before rewrite, merge, or sitemap removal"
network,guide,https://network.madabase.com/guides/home-ethernet-switch-guide,"Home Ethernet Switch Buying Guide: Gigabit, 2.5G and Smart Features",105,,,local-template-pass;live-url-inspection-pending,demand-and-index-review,"manual URL inspection and demand review before rewrite, merge, or sitemap removal"
network,guide,https://network.madabase.com/guides/indoor-wifi-access-points-vs-alternatives,Wired Access Point vs Mesh Wi-Fi: Which Is Better?,34,,,local-template-pass;live-url-inspection-pending,demand-and-index-review,"manual URL inspection and demand review before rewrite, merge, or sitemap removal"
network,guide,https://network.madabase.com/guides/industrial-ethernet-switches-buying-guide,"Industrial Ethernet switches: Fit, Trade-offs & Buying Guide",56,,,local-template-pass;live-url-inspection-pending,demand-and-index-review,"manual URL inspection and demand review before rewrite, merge, or sitemap removal"
network,guide,https://network.madabase.com/guides/kvm-over-ip-extenders-buying-guide,"KVM over IP extenders: Fit, Trade-offs & Buying Guide",56,,,local-template-pass;live-url-inspection-pending,demand-and-index-review,"manual URL inspection and demand review before rewrite, merge, or sitemap removal"
network,guide,https://network.madabase.com/guides/managed-2-5gbe-switches-buying-guide,"Managed 2.5GbE switches: Fit, Trade-offs & Buying Guide",56,,,local-template-pass;live-url-inspection-pending,demand-and-index-review,"manual URL inspection and demand review before rewrite, merge, or sitemap removal"
network,guide,https://network.madabase.com/guides/managed-vs-unmanaged-poe-switch-home-guide,Managed vs Unmanaged PoE Switch for Home Cameras,91,,,local-template-pass;live-url-inspection-pending,demand-and-index-review,"manual URL inspection and demand review before rewrite, merge, or sitemap removal"
network,guide,https://network.madabase.com/guides/mesh-wifi-node-placement-guide,Mesh Wi-Fi Node Placement Guide: Fix Dead Zones Without Overbuying,102,,,local-template-pass;live-url-inspection-pending,demand-and-index-review,"manual URL inspection and demand review before rewrite, merge, or sitemap removal"
network,guide,https://network.madabase.com/guides/mesh-wifi-vs-single-router-guide,Mesh Wi-Fi vs Single Router: Which Should You Buy for Your Home?,102,,,local-template-pass;live-url-inspection-pending,demand-and-index-review,"manual URL inspection and demand review before rewrite, merge, or sitemap removal"
network,guide,https://network.madabase.com/guides/mini-ups-for-routers-buying-guide,"Mini UPS units for routers: Fit, Trade-offs & Buying Guide",56,,,local-template-pass;live-url-inspection-pending,demand-and-index-review,"manual URL inspection and demand review before rewrite, merge, or sitemap removal"
network,guide,https://network.madabase.com/guides/mobile-hotspots-buying-guide,Mobile Hotspots Buying Guide,60,,,local-template-pass;live-url-inspection-pending,demand-and-index-review,"manual URL inspection and demand review before rewrite, merge, or sitemap removal"
network,guide,https://network.madabase.com/guides/moca-2-5-vs-ethernet-run-guide,MoCA 2.5 vs Running Ethernet: Which Wired Backhaul Should You Buy?,91,,,local-template-pass;live-url-inspection-pending,demand-and-index-review,"manual URL inspection and demand review before rewrite, merge, or sitemap removal"
network,guide,https://network.madabase.com/guides/moca-network-adapters-vs-alternatives,MoCA vs Powerline: Which Home Network Link Is Better?,34,,,local-template-pass;live-url-inspection-pending,demand-and-index-review,"manual URL inspection and demand review before rewrite, merge, or sitemap removal"
network,guide,https://network.madabase.com/guides/moca-splitter-filter-checklist,MoCA Splitter and Filter Checklist,91,,,local-template-pass;live-url-inspection-pending,demand-and-index-review,"manual URL inspection and demand review before rewrite, merge, or sitemap removal"
network,guide,https://network.madabase.com/guides/modem-router-combo-vs-separate-modem-router-guide,Modem Router Combo vs Separate Modem and Router,91,,,local-template-pass;live-url-inspection-pending,demand-and-index-review,"manual URL inspection and demand review before rewrite, merge, or sitemap removal"
network,guide,https://network.madabase.com/guides/multigig-poe-switches-buying-guide,"Multi-Gig PoE Switch Buying Guide: Ports, Power Budget, and Uplinks",59,,,local-template-pass;live-url-inspection-pending,demand-and-index-review,"manual URL inspection and demand review before rewrite, merge, or sitemap removal"
network,guide,https://network.madabase.com/guides/network-attached-storage-vs-alternatives,Network-attached Storage Appliances vs. direct-attached storage or cloud storage,60,long-title,,local-template-pass;live-url-inspection-pending,demand-and-index-review,"manual URL inspection and demand review before rewrite, merge, or sitemap removal"
network,guide,https://network.madabase.com/guides/network-cable-toner-probes-buying-guide,"Network Cable Toner and Probe Buying Guide: Trace First, Test Second",59,,,local-template-pass;live-url-inspection-pending,demand-and-index-review,"manual URL inspection and demand review before rewrite, merge, or sitemap removal"
network,guide,https://network.madabase.com/guides/network-punch-down-tools-buying-guide,"Network Punch-Down Tool Buying Guide: Blade, Impact, and Termination Fit",58,,,local-template-pass;live-url-inspection-pending,demand-and-index-review,"manual URL inspection and demand review before rewrite, merge, or sitemap removal"
network,guide,https://network.madabase.com/guides/network-rack-cooling-fans-buying-guide,"Network rack cooling fans: Fit, Trade-offs & Buying Guide",56,,,local-template-pass;live-url-inspection-pending,demand-and-index-review,"manual URL inspection and demand review before rewrite, merge, or sitemap removal"
network,guide,https://network.madabase.com/guides/network-rack-shelves-buying-guide,"Network rack shelves: Fit, Trade-offs & Buying Guide",56,,,local-template-pass;live-url-inspection-pending,demand-and-index-review,"manual URL inspection and demand review before rewrite, merge, or sitemap removal"
network,guide,https://network.madabase.com/guides/optical-time-domain-reflectometers-buying-guide,"Optical time-domain reflectometers: Fit, Trade-offs & Buying Guide",56,,,local-template-pass;live-url-inspection-pending,demand-and-index-review,"manual URL inspection and demand review before rewrite, merge, or sitemap removal"
network,guide,https://network.madabase.com/guides/outdoor-wifi-access-points-vs-alternatives,Outdoor Wi-Fi Access Points vs. indoor access points in weather-protected locations,60,long-title,,local-template-pass;live-url-inspection-pending,demand-and-index-review,"manual URL inspection and demand review before rewrite, merge, or sitemap removal"
network,guide,https://network.madabase.com/guides/pcie-wifi-adapters-buying-guide,PCIe Wi-Fi Adapters Buying Guide,60,,https://network.madabase.com/guides/pcie-wifi-adapters-vs-alternatives,local-template-pass;live-url-inspection-pending,duplicate-intent-review,"manual URL inspection and demand review before rewrite, merge, or sitemap removal"
network,guide,https://network.madabase.com/guides/pcie-wifi-adapters-compatibility-and-fit-guide,PCIe Wi-Fi Adapters: Compatibility and Fit Guide,60,,,local-template-pass;live-url-inspection-pending,demand-and-index-review,"manual URL inspection and demand review before rewrite, merge, or sitemap removal"
network,guide,https://network.madabase.com/guides/pcie-wifi-adapters-ownership-cost-and-maintenance,PCIe Wi-Fi Adapters: Ownership Cost and Maintenance,60,,,local-template-pass;live-url-inspection-pending,demand-and-index-review,"manual URL inspection and demand review before rewrite, merge, or sitemap removal"
network,guide,https://network.madabase.com/guides/pcie-wifi-adapters-vs-alternatives,PCIe Wi-Fi Adapters vs. USB Wi-Fi adapters,60,,https://network.madabase.com/guides/pcie-wifi-adapters-buying-guide,local-template-pass;live-url-inspection-pending,duplicate-intent-review,"manual URL inspection and demand review before rewrite, merge, or sitemap removal"
network,guide,https://network.madabase.com/guides/poe-extenders-vs-alternatives,PoE Extenders vs. fiber or a closer powered switch,60,,,local-template-pass;live-url-inspection-pending,demand-and-index-review,"manual URL inspection and demand review before rewrite, merge, or sitemap removal"
network,guide,https://network.madabase.com/guides/poe-injectors-vs-alternatives,PoE Injector vs PoE Switch: Which Should You Use?,34,,,local-template-pass;live-url-inspection-pending,demand-and-index-review,"manual URL inspection and demand review before rewrite, merge, or sitemap removal"
network,guide,https://network.madabase.com/guides/poe-network-video-recorders-buying-guide,"PoE NVR Buying Guide: Camera Compatibility, Storage, and Power Budget",58,,,local-template-pass;live-url-inspection-pending,demand-and-index-review,"manual URL inspection and demand review before rewrite, merge, or sitemap removal"
network,guide,https://network.madabase.com/guides/poe-splitters-vs-alternatives,PoE Splitters vs. local device power adapters,60,,,local-template-pass;live-url-inspection-pending,demand-and-index-review,"manual URL inspection and demand review before rewrite, merge, or sitemap removal"
network,guide,https://network.madabase.com/guides/poe-switch-for-home-cameras-and-access-points-guide,PoE Switch for Home Cameras and Access Points,91,,,local-template-pass;live-url-inspection-pending,demand-and-index-review,"manual URL inspection and demand review before rewrite, merge, or sitemap removal"
network,guide,https://network.madabase.com/guides/poe-switch-power-budget-calculator-guide,PoE Switch Power Budget Calculator Guide,91,,,local-template-pass;live-url-inspection-pending,demand-and-index-review,"manual URL inspection and demand review before rewrite, merge, or sitemap removal"
network,guide,https://network.madabase.com/guides/poe-vs-poe-plus-for-cameras-access-points,PoE vs PoE+ for Cameras and Access Points,91,,,local-template-pass;live-url-inspection-pending,demand-and-index-review,"manual URL inspection and demand review before rewrite, merge, or sitemap removal"
network,guide,https://network.madabase.com/guides/powerline-network-adapters-vs-alternatives,Powerline Network Adapters vs. MoCA or wired access points,60,,,local-template-pass;live-url-inspection-pending,demand-and-index-review,"manual URL inspection and demand review before rewrite, merge, or sitemap removal"
network,guide,https://network.madabase.com/guides/preterminated-fiber-runs-buying-guide,"Preterminated fiber cable runs: Fit, Trade-offs & Buying Guide",56,,,local-template-pass;live-url-inspection-pending,demand-and-index-review,"manual URL inspection and demand review before rewrite, merge, or sitemap removal"
network,guide,https://network.madabase.com/guides/rack-blanking-panels-buying-guide,"Rack blanking panels: Fit, Trade-offs & Buying Guide",56,,,local-template-pass;live-url-inspection-pending,demand-and-index-review,"manual URL inspection and demand review before rewrite, merge, or sitemap removal"
network,guide,https://network.madabase.com/guides/rack-cable-management-panels-buying-guide,"Rack Cable Management Panel Guide: D-Rings, Brush Panels, and Bend Radius",58,long-title,,local-template-pass;live-url-inspection-pending,demand-and-index-review,"manual URL inspection and demand review before rewrite, merge, or sitemap removal"
network,guide,https://network.madabase.com/guides/rackmount-network-ups-buying-guide,"Rackmount UPS units for network gear: Fit, Trade-offs & Buying Guide",56,,,local-template-pass;live-url-inspection-pending,demand-and-index-review,"manual URL inspection and demand review before rewrite, merge, or sitemap removal"
network,guide,https://network.madabase.com/guides/rackmount-power-distribution-units-buying-guide,"Rackmount PDU Buying Guide: Outlets, Load, Surge Protection, and UPS Fit",59,,,local-template-pass;live-url-inspection-pending,demand-and-index-review,"manual URL inspection and demand review before rewrite, merge, or sitemap removal"
network,guide,https://network.madabase.com/guides/rj45-modular-plugs-buying-guide,"RJ45 Modular Plug Buying Guide: Cable Fit, Pass-Through, and Strain Relief",58,long-title,,local-template-pass;live-url-inspection-pending,demand-and-index-review,"manual URL inspection and demand review before rewrite, merge, or sitemap removal"
network,guide,https://network.madabase.com/guides/router-placement-guide,Router Placement Guide Before Buying Mesh Wi-Fi,105,,,local-template-pass;live-url-inspection-pending,demand-and-index-review,"manual URL inspection and demand review before rewrite, merge, or sitemap removal"
network,guide,https://network.madabase.com/guides/router-ups-runtime-guide,"Router UPS Runtime: Size Backup Power for Modem, ONT and Mesh",78,,,local-template-pass;live-url-inspection-pending,demand-and-index-review,"manual URL inspection and demand review before rewrite, merge, or sitemap removal"
network,guide,https://network.madabase.com/guides/serial-device-servers-buying-guide,"Serial device servers: Fit, Trade-offs & Buying Guide",56,,,local-template-pass;live-url-inspection-pending,demand-and-index-review,"manual URL inspection and demand review before rewrite, merge, or sitemap removal"
network,guide,https://network.madabase.com/guides/sfp-plus-network-switches-vs-alternatives,SFP+ Network Switches vs. RJ45 10GbE switches,42,,,local-template-pass;live-url-inspection-pending,demand-and-index-review,"manual URL inspection and demand review before rewrite, merge, or sitemap removal"
network,guide,https://network.madabase.com/guides/sfp-plus-transceivers-compatibility-and-fit-guide,SFP+ Transceivers: Compatibility and Fit Guide,60,,,local-template-pass;live-url-inspection-pending,demand-and-index-review,"manual URL inspection and demand review before rewrite, merge, or sitemap removal"
network,guide,https://network.madabase.com/guides/sfp28-network-switches-buying-guide,"SFP28 network switches: Fit, Trade-offs & Buying Guide",56,,,local-template-pass;live-url-inspection-pending,demand-and-index-review,"manual URL inspection and demand review before rewrite, merge, or sitemap removal"
network,guide,https://network.madabase.com/guides/sfp28-transceivers-buying-guide,"SFP28 transceivers: Fit, Trade-offs & Buying Guide",56,,,local-template-pass;live-url-inspection-pending,demand-and-index-review,"manual URL inspection and demand review before rewrite, merge, or sitemap removal"
network,guide,https://network.madabase.com/guides/structured-media-enclosures-buying-guide,"Structured Media Enclosure Buying Guide: Size, Wireless, Power, and Service Access",59,long-title,,local-template-pass;live-url-inspection-pending,demand-and-index-review,"manual URL inspection and demand review before rewrite, merge, or sitemap removal"
network,guide,https://network.madabase.com/guides/ten-gigabit-ethernet-switches-buying-guide,10GbE Switches Buying Guide,60,weak-title,,local-content-gap;live-url-inspection-pending,repair-local-discovery,"manual URL inspection and demand review before rewrite, merge, or sitemap removal"
network,guide,https://network.madabase.com/guides/ten-gigabit-ethernet-switches-compatibility-and-fit-guide,10GbE Switches: Compatibility and Fit Guide,60,,,local-template-pass;live-url-inspection-pending,demand-and-index-review,"manual URL inspection and demand review before rewrite, merge, or sitemap removal"
network,guide,https://network.madabase.com/guides/ten-gigabit-ethernet-switches-ownership-cost-and-maintenance,10GbE Switches: Ownership Cost and Maintenance,60,,,local-template-pass;live-url-inspection-pending,demand-and-index-review,"manual URL inspection and demand review before rewrite, merge, or sitemap removal"
network,guide,https://network.madabase.com/guides/ten-gigabit-ethernet-switches-vs-alternatives,2.5GbE vs 10GbE Switch: Which Upgrade Makes Sense?,34,,,local-template-pass;live-url-inspection-pending,demand-and-index-review,"manual URL inspection and demand review before rewrite, merge, or sitemap removal"
network,guide,https://network.madabase.com/guides/travel-router-vpn-guide,"Travel Router Use Cases: Hotels, Rentals, RVs and VPNs",105,,,local-template-pass;live-url-inspection-pending,demand-and-index-review,"manual URL inspection and demand review before rewrite, merge, or sitemap removal"
network,guide,https://network.madabase.com/guides/usb-c-ethernet-adapter-guide,USB-C Ethernet Adapter vs Dock: What to Buy for a Laptop,77,,,local-template-pass;live-url-inspection-pending,demand-and-index-review,"manual URL inspection and demand review before rewrite, merge, or sitemap removal"
network,guide,https://network.madabase.com/guides/usb-c-ethernet-adapters-vs-alternatives,USB-C Ethernet Adapters vs. internal network interface cards,60,,,local-template-pass;live-url-inspection-pending,demand-and-index-review,"manual URL inspection and demand review before rewrite, merge, or sitemap removal"
network,guide,https://network.madabase.com/guides/usb-print-servers-buying-guide,"USB Print Server Buying Guide: Printer Language, Drivers, and Network Fit",58,long-title,,local-template-pass;live-url-inspection-pending,demand-and-index-review,"manual URL inspection and demand review before rewrite, merge, or sitemap removal"
network,guide,https://network.madabase.com/guides/usb-wifi-adapters-buying-guide,USB Wi-Fi Adapter vs PCIe Card: Which Is Better?,34,,https://network.madabase.com/guides/ethernet-network-interface-cards-vs-alternatives,local-template-pass;live-url-inspection-pending,duplicate-intent-review,"manual URL inspection and demand review before rewrite, merge, or sitemap removal"
network,guide,https://network.madabase.com/guides/vpn-gateways-buying-guide,Dedicated VPN Gateways Buying Guide,60,,,local-template-pass;live-url-inspection-pending,demand-and-index-review,"manual URL inspection and demand review before rewrite, merge, or sitemap removal"
network,guide,https://network.madabase.com/guides/wall-plate-access-points-buying-guide,"Wall-plate Wi-Fi access points: Fit, Trade-offs & Buying Guide",56,,,local-template-pass;live-url-inspection-pending,demand-and-index-review,"manual URL inspection and demand review before rewrite, merge, or sitemap removal"
network,guide,https://network.madabase.com/guides/waterproof-rj45-couplers-buying-guide,"Waterproof RJ45 couplers: Fit, Trade-offs & Buying Guide",56,,,local-template-pass;live-url-inspection-pending,demand-and-index-review,"manual URL inspection and demand review before rewrite, merge, or sitemap removal"
network,guide,https://network.madabase.com/guides/wifi-7-device-compatibility-checklist,Wi-Fi 7 Device Compatibility Checklist,99,,,local-template-pass;live-url-inspection-pending,demand-and-index-review,"manual URL inspection and demand review before rewrite, merge, or sitemap removal"
network,guide,https://network.madabase.com/guides/wifi-7-vs-wifi-6-guide,Wi-Fi 7 vs Wi-Fi 6: Is the Upgrade Worth It for Home Internet?,49,,,local-template-pass;live-url-inspection-pending,demand-and-index-review,"manual URL inspection and demand review before rewrite, merge, or sitemap removal"
network,guide,https://network.madabase.com/guides/wifi-range-extenders-vs-alternatives,Wi-Fi Range Extenders vs. mesh nodes or wired access points,60,,,local-template-pass;live-url-inspection-pending,demand-and-index-review,"manual URL inspection and demand review before rewrite, merge, or sitemap removal"
network,guide,https://network.madabase.com/guides/wired-vs-wireless-mesh-backhaul-guide,Wired vs Wireless Mesh Backhaul: When Ethernet Between Nodes Is Worth It,102,,,local-template-pass;live-url-inspection-pending,demand-and-index-review,"manual URL inspection and demand review before rewrite, merge, or sitemap removal"
network,guide,https://network.madabase.com/guides/xfinity-gateway-bridge-mode-vs-own-router-guide,Xfinity Gateway Bridge Mode vs Buying Your Own Router,72,,,local-template-pass;live-url-inspection-pending,demand-and-index-review,"manual URL inspection and demand review before rewrite, merge, or sitemap removal"
network,product,https://network.madabase.com/reviews/apc-back-ups-router-modem-bundle,"APC BE850G2 Guide: Router, ONT and NAS Backup",78,,,local-template-pass;live-url-inspection-pending,demand-and-index-review,"manual URL inspection and demand review before rewrite, merge, or sitemap removal"
network,product,https://network.madabase.com/reviews/apc-be600m1-router-ups,APC BE600M1 Guide: Small Router and Modem UPS,63,,,local-template-pass;live-url-inspection-pending,demand-and-index-review,"manual URL inspection and demand review before rewrite, merge, or sitemap removal"
network,product,https://network.madabase.com/reviews/arris-surfboard-s33-cable-modem,ARRIS SURFboard S33 Guide: 2.5GbE Cable Modem Buying Notes,91,implicit-evidence-mode,,local-template-pass;live-url-inspection-pending,repair-content-integrity,"repair evidence, exact-product sources, and version checks before live inspection"
network,product,https://network.madabase.com/reviews/asus-rt-be86u-wifi-7-gaming-router,"ASUS RT-BE86U Guide: Dual-Band Wi-Fi 7, 10G & 2.5G Ports",74,,,local-template-pass;live-url-inspection-pending,demand-and-index-review,"manual URL inspection and demand review before rewrite, merge, or sitemap removal"
network,product,https://network.madabase.com/reviews/asus-zenwifi-bt6-wifi-7-mesh,ASUS ZenWiFi BT6 Guide: Wi-Fi 7 Mesh vs. Deco BE63,72,implicit-evidence-mode,,local-template-pass;live-url-inspection-pending,repair-content-integrity,"repair evidence, exact-product sources, and version checks before live inspection"
network,product,https://network.madabase.com/reviews/cyberpower-sl700u-router-ups,CyberPower SL700U Guide: Slim Router UPS Tradeoffs,78,,,local-template-pass;live-url-inspection-pending,demand-and-index-review,"manual URL inspection and demand review before rewrite, merge, or sitemap removal"
network,product,https://network.madabase.com/reviews/glinet-beryl-ax-travel-router,"GL.iNet Beryl AX Guide: Ports, VPN Speed & Travel Setup",74,,,local-template-pass;live-url-inspection-pending,demand-and-index-review,"manual URL inspection and demand review before rewrite, merge, or sitemap removal"
network,product,https://network.madabase.com/reviews/hitron-coda56-cable-modem,Hitron CODA56 Guide: Budget 2.5GbE DOCSIS 3.1 Modem,91,implicit-evidence-mode,,local-template-pass;live-url-inspection-pending,repair-content-integrity,"repair evidence, exact-product sources, and version checks before live inspection"
network,product,https://network.madabase.com/reviews/motorola-mb8611-cable-modem,"Motorola MB8611 Guide: DOCSIS 3.1, 2.5GbE & ISP Fit",91,implicit-evidence-mode,,local-template-pass;live-url-inspection-pending,repair-content-integrity,"repair evidence, exact-product sources, and version checks before live inspection"
network,product,https://network.madabase.com/reviews/netgear-gs308e-gigabit-switch,"NETGEAR GS308E Guide: VLANs, QoS & Hardware Version Checks",100,implicit-evidence-mode,,local-template-pass;live-url-inspection-pending,repair-content-integrity,"repair evidence, exact-product sources, and version checks before live inspection"
network,product,https://network.madabase.com/reviews/netgear-gs308epp-poe-switch,NETGEAR GS308EPP Guide: 8-Port PoE+ Switch Buying Guide,91,implicit-evidence-mode,,local-template-pass;live-url-inspection-pending,repair-content-integrity,"repair evidence, exact-product sources, and version checks before live inspection"
network,product,https://network.madabase.com/reviews/netgear-ms305-2-5g-switch,NETGEAR MS305 Guide: Compact 5-Port 2.5G Fanless Switch,79,,,local-template-pass;live-url-inspection-pending,demand-and-index-review,"manual URL inspection and demand review before rewrite, merge, or sitemap removal"
network,product,https://network.madabase.com/reviews/reolink-rla-ps1-poe-switch,Reolink RLA-PS1 Guide: PoE Switch for Camera Systems,91,implicit-evidence-mode,,local-template-pass;live-url-inspection-pending,repair-content-integrity,"repair evidence, exact-product sources, and version checks before live inspection"
network,product,https://network.madabase.com/reviews/sabrent-nt-25ga-2-5g-usb-c-ethernet-adapter,Sabrent NT-25GA Guide: 2.5GbE USB-C Adapter Buying Notes,91,implicit-evidence-mode,,local-template-pass;live-url-inspection-pending,repair-content-integrity,"repair evidence, exact-product sources, and version checks before live inspection"
network,product,https://network.madabase.com/reviews/screenbeam-ecb7250k02-moca-2-5-adapter-kit,ScreenBeam ECB7250K02 Guide: MoCA 2.5 Over Coax Starter Kit,91,implicit-evidence-mode,,local-template-pass;live-url-inspection-pending,repair-content-integrity,"repair evidence, exact-product sources, and version checks before live inspection"
network,product,https://network.madabase.com/reviews/tp-link-tl-sg1005p-poe-switch,TP-Link TL-SG1005P Guide: 5-Port PoE Switch Buying Notes,72,implicit-evidence-mode,,local-template-pass;live-url-inspection-pending,repair-content-integrity,"repair evidence, exact-product sources, and version checks before live inspection"
network,product,https://network.madabase.com/reviews/tp-link-tl-sg105-m2-2-5g-switch,TP-Link TL-SG105-M2 Guide: 5-Port 2.5G Switch & Version Risks,63,,,local-template-pass;live-url-inspection-pending,demand-and-index-review,"manual URL inspection and demand review before rewrite, merge, or sitemap removal"
network,product,https://network.madabase.com/reviews/tp-link-tl-sg108pe-poe-switch,TP-Link TL-SG108PE Guide: Easy Smart PoE Switch Guide,91,implicit-evidence-mode,,local-template-pass;live-url-inspection-pending,repair-content-integrity,"repair evidence, exact-product sources, and version checks before live inspection"
network,product,https://network.madabase.com/reviews/trendnet-teg-s350-2-5g-switch,TRENDnet TEG-S350 Guide: 5-Port 2.5G Switch Buying Notes,63,implicit-evidence-mode,,local-template-pass;live-url-inspection-pending,repair-content-integrity,"repair evidence, exact-product sources, and version checks before live inspection"
network,product,https://network.madabase.com/reviews/trendnet-teg-s380-2-5g-switch,"TRENDnet TEG-S380 Guide: 8-Port 2.5G Switch, Versions & Bottlenecks",63,implicit-evidence-mode,,local-template-pass;live-url-inspection-pending,repair-content-integrity,"repair evidence, exact-product sources, and version checks before live inspection"
network,product,https://network.madabase.com/reviews/trendnet-teg-s750-10gbe-switch,TRENDnet TEG-S750 Guide: 5-Port 10GbE Without a Fan,48,,,local-template-pass;live-url-inspection-pending,demand-and-index-review,"manual URL inspection and demand review before rewrite, merge, or sitemap removal"
network,tool,https://network.madabase.com/tools/mesh-node-and-backhaul-planner,Mesh Node and Backhaul Planner,74,,,local-template-pass;live-url-inspection-pending,demand-and-index-review,"manual URL inspection and demand review before rewrite, merge, or sitemap removal"
network,tool,https://network.madabase.com/tools/wifi-coverage-estimator,Wi-Fi Coverage Estimator for Router and Mesh Nodes,74,,,local-template-pass;live-url-inspection-pending,demand-and-index-review,"manual URL inspection and demand review before rewrite, merge, or sitemap removal"
pet,roundup,https://pets.madabase.com/best/best-automatic-cat-feeders,Automatic Cat Feeders for Consistent Meals,109,,,local-template-pass;live-url-inspection-pending,demand-and-index-review,"manual URL inspection and demand review before rewrite, merge, or sitemap removal"
pet,roundup,https://pets.madabase.com/best/best-pet-cameras-for-apartments,Pet Cameras for Apartments,109,weak-title,,local-content-gap;live-url-inspection-pending,repair-local-discovery,"manual URL inspection and demand review before rewrite, merge, or sitemap removal"
pet,roundup,https://pets.madabase.com/best/best-pet-odor-and-litter-upgrades,Pet Odor and Litter Upgrades for Apartments,108,,,local-template-pass;live-url-inspection-pending,demand-and-index-review,"manual URL inspection and demand review before rewrite, merge, or sitemap removal"
pet,roundup,https://pets.madabase.com/best/coway-mighty2-vs-shark-neverchange-max,Coway Mighty2 vs. Shark NeverChange MAX,99,,,local-template-pass;live-url-inspection-pending,demand-and-index-review,"manual URL inspection and demand review before rewrite, merge, or sitemap removal"
pet,roundup,https://pets.madabase.com/best/coway-mighty2-vs-winix-5510-vs-levoit-vital-200s,Levoit Vital 200S vs Coway Mighty2 vs Winix 5510,77,,,local-template-pass;live-url-inspection-pending,demand-and-index-review,"manual URL inspection and demand review before rewrite, merge, or sitemap removal"
pet,roundup,https://pets.madabase.com/best/furbo-360-vs-wyze-cam-pan-v3-for-pets,Furbo 360 vs Wyze Cam Pan v3: Pet Camera or Budget Pan Cam?,84,,,local-template-pass;live-url-inspection-pending,demand-and-index-review,"manual URL inspection and demand review before rewrite, merge, or sitemap removal"
pet,roundup,https://pets.madabase.com/best/petlibro-one-rfid-vs-granary-smart-feeder,PETLIBRO One RFID vs Granary: Access Control or Simple Scheduling?,72,,,local-template-pass;live-url-inspection-pending,demand-and-index-review,"manual URL inspection and demand review before rewrite, merge, or sitemap removal"
pet,guide,https://pets.madabase.com/guides/air-purifier-pet-hair-dander-odor-guide,"Air Purifier Guide for Pet Hair, Dander and Odor",99,,,local-template-pass;live-url-inspection-pending,demand-and-index-review,"manual URL inspection and demand review before rewrite, merge, or sitemap removal"
pet,guide,https://pets.madabase.com/guides/air-purifier-pet-odor-source-control-guide,Air Purifier for Pet Odor vs. Source Control,99,,,local-template-pass;live-url-inspection-pending,demand-and-index-review,"manual URL inspection and demand review before rewrite, merge, or sitemap removal"
pet,guide,https://pets.madabase.com/guides/airline-dog-crates-buying-guide,"Airline dog crates Buying Guide: Sizing, Setup, and Safe Use",56,,,local-template-pass;live-url-inspection-pending,demand-and-index-review,"manual URL inspection and demand review before rewrite, merge, or sitemap removal"
pet,guide,https://pets.madabase.com/guides/airtag-pet-collar-holders-setup-and-daily-workflow,AirTag Pet Collar Holders: Setup and Daily Workflow,60,,,local-template-pass;live-url-inspection-pending,demand-and-index-review,"manual URL inspection and demand review before rewrite, merge, or sitemap removal"
pet,guide,https://pets.madabase.com/guides/apartment-litter-odor-control-guide,Apartment Litter Odor Control Guide,102,,,local-template-pass;live-url-inspection-pending,demand-and-index-review,"manual URL inspection and demand review before rewrite, merge, or sitemap removal"
pet,guide,https://pets.madabase.com/guides/aquarium-air-pumps-buying-guide,"Aquarium air pumps Buying Guide: Sizing, Setup, and Safe Use",56,,,local-template-pass;live-url-inspection-pending,demand-and-index-review,"manual URL inspection and demand review before rewrite, merge, or sitemap removal"
pet,guide,https://pets.madabase.com/guides/aquarium-canister-filters-buying-guide,"Aquarium canister filters Buying Guide: Sizing, Setup, and Safe Use",56,,,local-template-pass;live-url-inspection-pending,demand-and-index-review,"manual URL inspection and demand review before rewrite, merge, or sitemap removal"
pet,guide,https://pets.madabase.com/guides/aquarium-heaters-buying-guide,"Aquarium heaters Buying Guide: Sizing, Setup, and Safe Use",56,,,local-template-pass;live-url-inspection-pending,demand-and-index-review,"manual URL inspection and demand review before rewrite, merge, or sitemap removal"
pet,guide,https://pets.madabase.com/guides/aquarium-led-lights-buying-guide,"Aquarium LED lights Buying Guide: Sizing, Setup, and Safe Use",56,,,local-template-pass;live-url-inspection-pending,demand-and-index-review,"manual URL inspection and demand review before rewrite, merge, or sitemap removal"
pet,guide,https://pets.madabase.com/guides/aquarium-water-monitors-setup-and-daily-workflow,Aquarium Water Monitors: Setup and Daily Workflow,60,,,local-template-pass;live-url-inspection-pending,demand-and-index-review,"manual URL inspection and demand review before rewrite, merge, or sitemap removal"
pet,guide,https://pets.madabase.com/guides/automatic-aquarium-feeders-setup-and-daily-workflow,Automatic Aquarium Feeders: Setup and Daily Workflow,60,,,local-template-pass;live-url-inspection-pending,demand-and-index-review,"manual URL inspection and demand review before rewrite, merge, or sitemap removal"
pet,guide,https://pets.madabase.com/guides/automatic-ball-launchers-buying-guide,Automatic Ball Launchers Buying Guide,60,,,local-template-pass;live-url-inspection-pending,demand-and-index-review,"manual URL inspection and demand review before rewrite, merge, or sitemap removal"
pet,guide,https://pets.madabase.com/guides/automatic-feeder-buying-guide,How to Choose an Automatic Pet Feeder,72,,,local-template-pass;live-url-inspection-pending,demand-and-index-review,"manual URL inspection and demand review before rewrite, merge, or sitemap removal"
pet,guide,https://pets.madabase.com/guides/automatic-feeder-cleaning-checklist,Automatic Pet Feeder Cleaning Checklist,72,,,local-template-pass;live-url-inspection-pending,demand-and-index-review,"manual URL inspection and demand review before rewrite, merge, or sitemap removal"
pet,guide,https://pets.madabase.com/guides/automatic-feeder-portion-size-guide,Automatic Feeder Portion Size Guide,72,,,local-template-pass;live-url-inspection-pending,demand-and-index-review,"manual URL inspection and demand review before rewrite, merge, or sitemap removal"
pet,guide,https://pets.madabase.com/guides/automatic-litter-box-accessories-cost-guide,Automatic Litter Box Accessories and Annual Cost Guide,61,,,local-template-pass;live-url-inspection-pending,demand-and-index-review,"manual URL inspection and demand review before rewrite, merge, or sitemap removal"
pet,guide,https://pets.madabase.com/guides/cat-exercise-wheels-buying-guide,"Cat exercise wheels Buying Guide: Sizing, Setup, and Safe Use",56,,,local-template-pass;live-url-inspection-pending,demand-and-index-review,"manual URL inspection and demand review before rewrite, merge, or sitemap removal"
pet,guide,https://pets.madabase.com/guides/cat-fountain-filter-replacement-guide,Cat Fountain Filter Replacement Guide,105,,,local-template-pass;live-url-inspection-pending,demand-and-index-review,"manual URL inspection and demand review before rewrite, merge, or sitemap removal"
pet,guide,https://pets.madabase.com/guides/cat-gps-trackers-setup-and-daily-workflow,Cat GPS Trackers: Setup and Daily Workflow,60,,,local-template-pass;live-url-inspection-pending,demand-and-index-review,"manual URL inspection and demand review before rewrite, merge, or sitemap removal"
pet,guide,https://pets.madabase.com/guides/cat-grooming-gloves-buying-guide,"Cat grooming gloves Buying Guide: Sizing, Setup, and Safe Use",56,,,local-template-pass;live-url-inspection-pending,demand-and-index-review,"manual URL inspection and demand review before rewrite, merge, or sitemap removal"
pet,guide,https://pets.madabase.com/guides/cat-litter-disposal-systems-buying-guide,"Cat litter disposal systems Buying Guide: Sizing, Setup, and Safe Use",56,,,local-template-pass;live-url-inspection-pending,demand-and-index-review,"manual URL inspection and demand review before rewrite, merge, or sitemap removal"
pet,guide,https://pets.madabase.com/guides/cat-litter-enclosures-buying-guide,"Cat litter box enclosures Buying Guide: Sizing, Setup, and Safe Use",56,,,local-template-pass;live-url-inspection-pending,demand-and-index-review,"manual URL inspection and demand review before rewrite, merge, or sitemap removal"
pet,guide,https://pets.madabase.com/guides/cat-litter-mats-compatibility-and-fit-guide,Cat Litter Mats: Compatibility and Fit Guide,60,,,local-template-pass;live-url-inspection-pending,demand-and-index-review,"manual URL inspection and demand review before rewrite, merge, or sitemap removal"
pet,guide,https://pets.madabase.com/guides/cat-play-tunnels-buying-guide,"Cat play tunnels Buying Guide: Sizing, Setup, and Safe Use",56,,,local-template-pass;live-url-inspection-pending,demand-and-index-review,"manual URL inspection and demand review before rewrite, merge, or sitemap removal"
pet,guide,https://pets.madabase.com/guides/cat-scratching-posts-buying-guide,"Cat Scratching Post Buying Guide: Height, Stability, and Surface",58,,,local-template-pass;live-url-inspection-pending,demand-and-index-review,"manual URL inspection and demand review before rewrite, merge, or sitemap removal"
pet,guide,https://pets.madabase.com/guides/cat-trees-and-towers-buying-guide,"Cat Tree and Tower Buying Guide: Stability, Perch Size, Scratching, and Placement",59,long-title,,local-template-pass;live-url-inspection-pending,demand-and-index-review,"manual URL inspection and demand review before rewrite, merge, or sitemap removal"
pet,guide,https://pets.madabase.com/guides/cat-wall-shelves-buying-guide,"Cat wall shelves Buying Guide: Sizing, Setup, and Safe Use",56,,,local-template-pass;live-url-inspection-pending,demand-and-index-review,"manual URL inspection and demand review before rewrite, merge, or sitemap removal"
pet,guide,https://pets.madabase.com/guides/cat-water-fountain-buying-guide,Cat Water Fountain Buying Guide,77,,,local-template-pass;live-url-inspection-pending,demand-and-index-review,"manual URL inspection and demand review before rewrite, merge, or sitemap removal"
pet,guide,https://pets.madabase.com/guides/cat-window-perches-buying-guide,"Cat window perches Buying Guide: Sizing, Setup, and Safe Use",56,,,local-template-pass;live-url-inspection-pending,demand-and-index-review,"manual URL inspection and demand review before rewrite, merge, or sitemap removal"
pet,guide,https://pets.madabase.com/guides/ceramic-pet-fountains-buying-guide,"Ceramic pet fountains Buying Guide: Sizing, Setup, and Safe Use",56,,https://pets.madabase.com/guides/stainless-steel-pet-fountains-buying-guide,local-template-pass;live-url-inspection-pending,duplicate-intent-review,"manual URL inspection and demand review before rewrite, merge, or sitemap removal"
pet,guide,https://pets.madabase.com/guides/collapsible-travel-pet-bowls-buying-guide,"Collapsible travel pet bowls Buying Guide: Sizing, Setup, and Safe Use",56,,,local-template-pass;live-url-inspection-pending,demand-and-index-review,"manual URL inspection and demand review before rewrite, merge, or sitemap removal"
pet,guide,https://pets.madabase.com/guides/collapsible-wire-dog-crates-buying-guide,"Collapsible Wire Dog Crate Buying Guide: Size, Door Path, Divider, and Safe Setup",59,long-title,,local-template-pass;live-url-inspection-pending,demand-and-index-review,"manual URL inspection and demand review before rewrite, merge, or sitemap removal"
pet,guide,https://pets.madabase.com/guides/cooling-pet-beds-setup-and-daily-workflow,Cooling Pet Beds: Setup and Daily Workflow,60,,,local-template-pass;live-url-inspection-pending,demand-and-index-review,"manual URL inspection and demand review before rewrite, merge, or sitemap removal"
pet,guide,https://pets.madabase.com/guides/covered-self-cleaning-litter-boxes-buying-guide,"Covered self-cleaning litter boxes: Fit, Trade-offs & Buying Guide",56,,,local-template-pass;live-url-inspection-pending,demand-and-index-review,"manual URL inspection and demand review before rewrite, merge, or sitemap removal"
pet,guide,https://pets.madabase.com/guides/deshedding-brushes-vs-alternatives,Deshedding Brush vs Undercoat Rake: Which Tool Fits?,34,,,local-template-pass;live-url-inspection-pending,demand-and-index-review,"manual URL inspection and demand review before rewrite, merge, or sitemap removal"
pet,guide,https://pets.madabase.com/guides/dog-activity-collars-buying-guide,Dog Activity Collars Buying Guide,60,,,local-template-pass;live-url-inspection-pending,demand-and-index-review,"manual URL inspection and demand review before rewrite, merge, or sitemap removal"
pet,guide,https://pets.madabase.com/guides/dog-backpacks-buying-guide,"Dog backpacks Buying Guide: Sizing, Setup, and Safe Use",56,,https://pets.madabase.com/guides/dog-boots-buying-guide;https://pets.madabase.com/guides/dog-raincoats-buying-guide,local-template-pass;live-url-inspection-pending,duplicate-intent-review,"manual URL inspection and demand review before rewrite, merge, or sitemap removal"
pet,guide,https://pets.madabase.com/guides/dog-bath-sprayers-buying-guide,"Dog bath sprayers Buying Guide: Sizing, Setup, and Safe Use",56,,,local-template-pass;live-url-inspection-pending,demand-and-index-review,"manual URL inspection and demand review before rewrite, merge, or sitemap removal"
pet,guide,https://pets.madabase.com/guides/dog-bed-for-small-apartment-guide,How to Pick a Dog Bed for a Small Apartment,107,,,local-template-pass;live-url-inspection-pending,demand-and-index-review,"manual URL inspection and demand review before rewrite, merge, or sitemap removal"
pet,guide,https://pets.madabase.com/guides/dog-bicycle-baskets-buying-guide,"Dog bicycle baskets Buying Guide: Sizing, Setup, and Safe Use",56,,,local-template-pass;live-url-inspection-pending,demand-and-index-review,"manual URL inspection and demand review before rewrite, merge, or sitemap removal"
pet,guide,https://pets.madabase.com/guides/dog-bike-trailers-buying-guide,"Dog bike trailers Buying Guide: Sizing, Setup, and Safe Use",56,,,local-template-pass;live-url-inspection-pending,demand-and-index-review,"manual URL inspection and demand review before rewrite, merge, or sitemap removal"
pet,guide,https://pets.madabase.com/guides/dog-boots-buying-guide,"Dog boots Buying Guide: Sizing, Setup, and Safe Use",56,,https://pets.madabase.com/guides/dog-backpacks-buying-guide;https://pets.madabase.com/guides/dog-raincoats-buying-guide,local-template-pass;live-url-inspection-pending,duplicate-intent-review,"manual URL inspection and demand review before rewrite, merge, or sitemap removal"
pet,guide,https://pets.madabase.com/guides/dog-car-seat-covers-buying-guide,"Dog Car Seat Cover Buying Guide: Seat Fit, Anchors, and Restraint Access",58,,,local-template-pass;live-url-inspection-pending,demand-and-index-review,"manual URL inspection and demand review before rewrite, merge, or sitemap removal"
pet,guide,https://pets.madabase.com/guides/dog-cooling-bandanas-buying-guide,"Dog cooling bandanas Buying Guide: Sizing, Setup, and Safe Use",56,,,local-template-pass;live-url-inspection-pending,demand-and-index-review,"manual URL inspection and demand review before rewrite, merge, or sitemap removal"
pet,guide,https://pets.madabase.com/guides/dog-cooling-vests-buying-guide,"Dog Cooling Vest Guide: Fit, Evaporation, and Heat-Safety Limits",58,,,local-template-pass;live-url-inspection-pending,demand-and-index-review,"manual URL inspection and demand review before rewrite, merge, or sitemap removal"
pet,guide,https://pets.madabase.com/guides/dog-exercise-pens-buying-guide,"Dog Exercise Pen Buying Guide: Height, Footprint, Anchoring, and Supervision",59,long-title,,local-template-pass;live-url-inspection-pending,demand-and-index-review,"manual URL inspection and demand review before rewrite, merge, or sitemap removal"
pet,guide,https://pets.madabase.com/guides/dog-life-jackets-buying-guide,"Dog Life Jacket Buying Guide: Wet Fit, Buoyancy, Visibility, and Rescue Handles",59,long-title,,local-template-pass;live-url-inspection-pending,demand-and-index-review,"manual URL inspection and demand review before rewrite, merge, or sitemap removal"
pet,guide,https://pets.madabase.com/guides/dog-paw-washers-buying-guide,"Dog paw washers Buying Guide: Sizing, Setup, and Safe Use",56,,,local-template-pass;live-url-inspection-pending,demand-and-index-review,"manual URL inspection and demand review before rewrite, merge, or sitemap removal"
pet,guide,https://pets.madabase.com/guides/dog-raincoats-buying-guide,"Dog raincoats Buying Guide: Sizing, Setup, and Safe Use",56,,https://pets.madabase.com/guides/dog-backpacks-buying-guide;https://pets.madabase.com/guides/dog-boots-buying-guide,local-template-pass;live-url-inspection-pending,duplicate-intent-review,"manual URL inspection and demand review before rewrite, merge, or sitemap removal"
pet,guide,https://pets.madabase.com/guides/dog-ramps-vs-alternatives,Dog Ramp vs Pet Stairs: Which Is Safer for Your Dog?,34,,,local-template-pass;live-url-inspection-pending,demand-and-index-review,"manual URL inspection and demand review before rewrite, merge, or sitemap removal"
pet,guide,https://pets.madabase.com/guides/elevated-dog-bowls-buying-guide,"Elevated dog bowls Buying Guide: Sizing, Setup, and Safe Use",56,,,local-template-pass;live-url-inspection-pending,demand-and-index-review,"manual URL inspection and demand review before rewrite, merge, or sitemap removal"
pet,guide,https://pets.madabase.com/guides/furbo-360-placement-height-and-wifi-guide,Furbo 360 Placement Height & Wi-Fi Guide,77,,,local-template-pass;live-url-inspection-pending,demand-and-index-review,"manual URL inspection and demand review before rewrite, merge, or sitemap removal"
pet,guide,https://pets.madabase.com/guides/furbo-360-treat-size-and-jam-guide,Furbo 360 Treat Size & Jam Prevention Guide,84,,,local-template-pass;live-url-inspection-pending,demand-and-index-review,"manual URL inspection and demand review before rewrite, merge, or sitemap removal"
pet,guide,https://pets.madabase.com/guides/gravity-pet-waterers-buying-guide,"Gravity pet waterers Buying Guide: Sizing, Setup, and Safe Use",56,,,local-template-pass;live-url-inspection-pending,demand-and-index-review,"manual URL inspection and demand review before rewrite, merge, or sitemap removal"
pet,guide,https://pets.madabase.com/guides/hands-free-dog-leashes-buying-guide,"Hands-free dog leashes Buying Guide: Sizing, Setup, and Safe Use",56,,,local-template-pass;live-url-inspection-pending,demand-and-index-review,"manual URL inspection and demand review before rewrite, merge, or sitemap removal"
pet,guide,https://pets.madabase.com/guides/hard-sided-pet-carriers-buying-guide,"Hard-sided pet carriers Buying Guide: Sizing, Setup, and Safe Use",56,,,local-template-pass;live-url-inspection-pending,demand-and-index-review,"manual URL inspection and demand review before rewrite, merge, or sitemap removal"
pet,guide,https://pets.madabase.com/guides/interactive-puzzle-feeders-buying-guide,Interactive Puzzle Feeders Buying Guide,60,,,local-template-pass;live-url-inspection-pending,demand-and-index-review,"manual URL inspection and demand review before rewrite, merge, or sitemap removal"
pet,guide,https://pets.madabase.com/guides/large-dog-water-fountains-vs-alternatives,Pet Water Fountain vs Water Bowl: Which Is Better?,34,,,local-template-pass;live-url-inspection-pending,demand-and-index-review,"manual URL inspection and demand review before rewrite, merge, or sitemap removal"
pet,guide,https://pets.madabase.com/guides/levoit-vital-200s-p-filter-cost-and-maintenance,Levoit Vital 200S-P Filter Cost and Maintenance Guide,77,,,local-template-pass;live-url-inspection-pending,demand-and-index-review,"manual URL inspection and demand review before rewrite, merge, or sitemap removal"
pet,guide,https://pets.madabase.com/guides/microchip-pet-doors-vs-alternatives,Microchip Pet Doors vs. collar-tag electronic doors,60,,,local-template-pass;live-url-inspection-pending,demand-and-index-review,"manual URL inspection and demand review before rewrite, merge, or sitemap removal"
pet,guide,https://pets.madabase.com/guides/microchip-pet-feeders-buying-guide,Microchip Pet Feeders Buying Guide,60,,,local-template-pass;live-url-inspection-pending,demand-and-index-review,"manual URL inspection and demand review before rewrite, merge, or sitemap removal"
pet,guide,https://pets.madabase.com/guides/microchip-pet-feeders-compatibility-and-fit-guide,Microchip Pet Feeders: Compatibility and Fit Guide,60,,,local-template-pass;live-url-inspection-pending,demand-and-index-review,"manual URL inspection and demand review before rewrite, merge, or sitemap removal"
pet,guide,https://pets.madabase.com/guides/microchip-pet-feeders-ownership-cost-and-maintenance,Microchip Pet Feeders: Ownership Cost and Maintenance,60,,,local-template-pass;live-url-inspection-pending,demand-and-index-review,"manual URL inspection and demand review before rewrite, merge, or sitemap removal"
pet,guide,https://pets.madabase.com/guides/microchip-pet-feeders-setup-and-daily-workflow,Microchip Pet Feeders: Setup and Daily Workflow,60,,,local-template-pass;live-url-inspection-pending,demand-and-index-review,"manual URL inspection and demand review before rewrite, merge, or sitemap removal"
pet,guide,https://pets.madabase.com/guides/microchip-pet-feeders-vs-alternatives,Microchip Pet Feeders vs. RFID-tag feeders,60,,,local-template-pass;live-url-inspection-pending,demand-and-index-review,"manual URL inspection and demand review before rewrite, merge, or sitemap removal"
pet,guide,https://pets.madabase.com/guides/motorized-smart-pet-doors-buying-guide,Motorized Smart Pet Doors Buying Guide,60,,https://pets.madabase.com/guides/motorized-smart-pet-doors-compatibility-and-fit-guide;https://pets.madabase.com/guides/motorized-smart-pet-doors-vs-alternatives,local-template-pass;live-url-inspection-pending,duplicate-intent-review,"manual URL inspection and demand review before rewrite, merge, or sitemap removal"
pet,guide,https://pets.madabase.com/guides/motorized-smart-pet-doors-compatibility-and-fit-guide,Motorized Smart Pet Doors: Compatibility and Fit Guide,60,,https://pets.madabase.com/guides/motorized-smart-pet-doors-buying-guide,local-template-pass;live-url-inspection-pending,duplicate-intent-review,"manual URL inspection and demand review before rewrite, merge, or sitemap removal"
pet,guide,https://pets.madabase.com/guides/motorized-smart-pet-doors-ownership-cost-and-maintenance,Motorized Smart Pet Doors: Ownership Cost and Maintenance,60,,,local-template-pass;live-url-inspection-pending,demand-and-index-review,"manual URL inspection and demand review before rewrite, merge, or sitemap removal"
pet,guide,https://pets.madabase.com/guides/motorized-smart-pet-doors-setup-and-daily-workflow,Motorized Smart Pet Doors: Setup and Daily Workflow,60,,,local-template-pass;live-url-inspection-pending,demand-and-index-review,"manual URL inspection and demand review before rewrite, merge, or sitemap removal"
pet,guide,https://pets.madabase.com/guides/motorized-smart-pet-doors-vs-alternatives,Motorized Smart Pet Doors vs. standard flap doors,60,,https://pets.madabase.com/guides/motorized-smart-pet-doors-buying-guide,local-template-pass;live-url-inspection-pending,duplicate-intent-review,"manual URL inspection and demand review before rewrite, merge, or sitemap removal"
pet,guide,https://pets.madabase.com/guides/no-pull-dog-harnesses-buying-guide,"No-pull dog harnesses Buying Guide: Sizing, Setup, and Safe Use",56,,https://pets.madabase.com/guides/reflective-dog-harnesses-buying-guide,local-template-pass;live-url-inspection-pending,duplicate-intent-review,"manual URL inspection and demand review before rewrite, merge, or sitemap removal"
pet,guide,https://pets.madabase.com/guides/open-top-self-cleaning-litter-boxes-buying-guide,Open-top self-cleaning Litter Boxes Buying Guide,60,,https://pets.madabase.com/guides/open-top-self-cleaning-litter-boxes-compatibility-and-fit-guide;https://pets.madabase.com/guides/open-top-self-cleaning-litter-boxes-vs-alternatives;https://pets.madabase.com/guides/open-top-self-cleaning-litter-boxes-ownership-cost-and-maintenance,local-template-pass;live-url-inspection-pending,duplicate-intent-review,"manual URL inspection and demand review before rewrite, merge, or sitemap removal"
pet,guide,https://pets.madabase.com/guides/open-top-self-cleaning-litter-boxes-compatibility-and-fit-guide,Open-top self-cleaning Litter Boxes: Compatibility and Fit Guide,60,,https://pets.madabase.com/guides/open-top-self-cleaning-litter-boxes-buying-guide,local-template-pass;live-url-inspection-pending,duplicate-intent-review,"manual URL inspection and demand review before rewrite, merge, or sitemap removal"
pet,guide,https://pets.madabase.com/guides/open-top-self-cleaning-litter-boxes-ownership-cost-and-maintenance,Open-top self-cleaning Litter Boxes: Ownership Cost and Maintenance,60,,https://pets.madabase.com/guides/open-top-self-cleaning-litter-boxes-buying-guide,local-template-pass;live-url-inspection-pending,duplicate-intent-review,"manual URL inspection and demand review before rewrite, merge, or sitemap removal"
pet,guide,https://pets.madabase.com/guides/open-top-self-cleaning-litter-boxes-setup-and-daily-workflow,Open-top self-cleaning Litter Boxes: Setup and Daily Workflow,60,,https://pets.madabase.com/guides/open-top-self-cleaning-litter-boxes-buying-guide,local-template-pass;live-url-inspection-pending,duplicate-intent-review,"manual URL inspection and demand review before rewrite, merge, or sitemap removal"
pet,guide,https://pets.madabase.com/guides/open-top-self-cleaning-litter-boxes-vs-alternatives,Open-top self-cleaning Litter Boxes vs. enclosed automatic litter boxes,60,,https://pets.madabase.com/guides/open-top-self-cleaning-litter-boxes-buying-guide,local-template-pass;live-url-inspection-pending,duplicate-intent-review,"manual URL inspection and demand review before rewrite, merge, or sitemap removal"
pet,guide,https://pets.madabase.com/guides/pet-air-purifier-one-year-cost-guide,Pet Air Purifier One-Year Cost Guide,99,,,local-template-pass;live-url-inspection-pending,demand-and-index-review,"manual URL inspection and demand review before rewrite, merge, or sitemap removal"
pet,guide,https://pets.madabase.com/guides/pet-camera-without-too-many-subscriptions,How to Choose a Pet Camera Without Overpaying for Alerts,107,,,local-template-pass;live-url-inspection-pending,demand-and-index-review,"manual URL inspection and demand review before rewrite, merge, or sitemap removal"
pet,guide,https://pets.madabase.com/guides/pet-dryers-buying-guide,Pet Dryers Buying Guide,60,weak-title,,local-content-gap;live-url-inspection-pending,repair-local-discovery,"manual URL inspection and demand review before rewrite, merge, or sitemap removal"
pet,guide,https://pets.madabase.com/guides/pet-dryers-compatibility-and-fit-guide,Pet Dryers: Compatibility and Fit Guide,60,,,local-template-pass;live-url-inspection-pending,demand-and-index-review,"manual URL inspection and demand review before rewrite, merge, or sitemap removal"
pet,guide,https://pets.madabase.com/guides/pet-dryers-ownership-cost-and-maintenance,Pet Dryers: Ownership Cost and Maintenance,60,,,local-template-pass;live-url-inspection-pending,demand-and-index-review,"manual URL inspection and demand review before rewrite, merge, or sitemap removal"
pet,guide,https://pets.madabase.com/guides/pet-dryers-setup-and-daily-workflow,Pet Dryers: Setup and Daily Workflow,60,,,local-template-pass;live-url-inspection-pending,demand-and-index-review,"manual URL inspection and demand review before rewrite, merge, or sitemap removal"
pet,guide,https://pets.madabase.com/guides/pet-dryers-vs-alternatives,Pet Dryers vs. towels and human-safe low-airflow drying,60,,,local-template-pass;live-url-inspection-pending,demand-and-index-review,"manual URL inspection and demand review before rewrite, merge, or sitemap removal"
pet,guide,https://pets.madabase.com/guides/pet-food-storage-containers-buying-guide,"Pet food storage containers Buying Guide: Sizing, Setup, and Safe Use",56,,,local-template-pass;live-url-inspection-pending,demand-and-index-review,"manual URL inspection and demand review before rewrite, merge, or sitemap removal"
pet,guide,https://pets.madabase.com/guides/pet-grooming-tables-buying-guide,"Pet Grooming Table Buying Guide: Surface, Height, Arm, Loop, and Safe Handling",59,long-title,,local-template-pass;live-url-inspection-pending,demand-and-index-review,"manual URL inspection and demand review before rewrite, merge, or sitemap removal"
pet,guide,https://pets.madabase.com/guides/pet-grooming-vacuum-noise-coat-cleaning-guide,"Pet Grooming Vacuum Noise, Coat, and Cleaning Guide",61,,,local-template-pass;live-url-inspection-pending,demand-and-index-review,"manual URL inspection and demand review before rewrite, merge, or sitemap removal"
pet,guide,https://pets.madabase.com/guides/pet-hair-clippers-buying-guide,Pet Hair Clippers Buying Guide,60,,,local-template-pass;live-url-inspection-pending,demand-and-index-review,"manual URL inspection and demand review before rewrite, merge, or sitemap removal"
pet,guide,https://pets.madabase.com/guides/pet-hair-clippers-compatibility-and-fit-guide,Pet Hair Clippers: Compatibility and Fit Guide,60,,,local-template-pass;live-url-inspection-pending,demand-and-index-review,"manual URL inspection and demand review before rewrite, merge, or sitemap removal"
pet,guide,https://pets.madabase.com/guides/pet-hair-clippers-ownership-cost-and-maintenance,Pet Hair Clippers: Ownership Cost and Maintenance,60,,,local-template-pass;live-url-inspection-pending,demand-and-index-review,"manual URL inspection and demand review before rewrite, merge, or sitemap removal"
pet,guide,https://pets.madabase.com/guides/pet-hair-clippers-setup-and-daily-workflow,Pet Hair Clippers: Setup and Daily Workflow,60,,,local-template-pass;live-url-inspection-pending,demand-and-index-review,"manual URL inspection and demand review before rewrite, merge, or sitemap removal"
pet,guide,https://pets.madabase.com/guides/pet-hair-clippers-vs-alternatives,Pet Hair Clippers vs. professional grooming,60,,,local-template-pass;live-url-inspection-pending,demand-and-index-review,"manual URL inspection and demand review before rewrite, merge, or sitemap removal"
pet,guide,https://pets.madabase.com/guides/pet-hair-vacuum-tools-buying-guide,Pet-hair Vacuum Tools Buying Guide,60,,https://pets.madabase.com/guides/pet-hair-vacuum-tools-compatibility-and-fit-guide,local-template-pass;live-url-inspection-pending,duplicate-intent-review,"manual URL inspection and demand review before rewrite, merge, or sitemap removal"
pet,guide,https://pets.madabase.com/guides/pet-hair-vacuum-tools-compatibility-and-fit-guide,Pet-hair Vacuum Tools: Compatibility and Fit Guide,60,,https://pets.madabase.com/guides/pet-hair-vacuum-tools-buying-guide,local-template-pass;live-url-inspection-pending,duplicate-intent-review,"manual URL inspection and demand review before rewrite, merge, or sitemap removal"
pet,guide,https://pets.madabase.com/guides/pet-hair-vacuum-tools-ownership-cost-and-maintenance,Pet-hair Vacuum Tools: Ownership Cost and Maintenance,60,,,local-template-pass;live-url-inspection-pending,demand-and-index-review,"manual URL inspection and demand review before rewrite, merge, or sitemap removal"
pet,guide,https://pets.madabase.com/guides/pet-hair-vacuum-tools-setup-and-daily-workflow,Pet-hair Vacuum Tools: Setup and Daily Workflow,60,,,local-template-pass;live-url-inspection-pending,demand-and-index-review,"manual URL inspection and demand review before rewrite, merge, or sitemap removal"
pet,guide,https://pets.madabase.com/guides/pet-hair-vacuum-tools-vs-alternatives,Pet-hair Vacuum Tools vs. manual rollers and brushes,60,,,local-template-pass;live-url-inspection-pending,demand-and-index-review,"manual URL inspection and demand review before rewrite, merge, or sitemap removal"
pet,guide,https://pets.madabase.com/guides/pet-monitoring-cameras-buying-guide,"Pet monitoring cameras Buying Guide: Sizing, Setup, and Safe Use",56,,,local-template-pass;live-url-inspection-pending,demand-and-index-review,"manual URL inspection and demand review before rewrite, merge, or sitemap removal"
pet,guide,https://pets.madabase.com/guides/pet-nail-grinders-compatibility-and-fit-guide,Pet Nail Grinders: Compatibility and Fit Guide,60,,,local-template-pass;live-url-inspection-pending,demand-and-index-review,"manual URL inspection and demand review before rewrite, merge, or sitemap removal"
pet,guide,https://pets.madabase.com/guides/pet-nail-grinders-ownership-cost-and-maintenance,Pet Nail Grinders: Ownership Cost and Maintenance,60,,,local-template-pass;live-url-inspection-pending,demand-and-index-review,"manual URL inspection and demand review before rewrite, merge, or sitemap removal"
pet,guide,https://pets.madabase.com/guides/pet-nail-grinders-vs-alternatives,Dog Nail Grinder vs Clippers: Which Is Better?,34,,,local-template-pass;live-url-inspection-pending,demand-and-index-review,"manual URL inspection and demand review before rewrite, merge, or sitemap removal"
pet,guide,https://pets.madabase.com/guides/pet-stain-carpet-cleaners-buying-guide,Pet-stain Carpet Cleaners Buying Guide,60,,,local-template-pass;live-url-inspection-pending,demand-and-index-review,"manual URL inspection and demand review before rewrite, merge, or sitemap removal"
pet,guide,https://pets.madabase.com/guides/pet-stairs-buying-guide,"Pet stairs Buying Guide: Sizing, Setup, and Safe Use",56,,,local-template-pass;live-url-inspection-pending,demand-and-index-review,"manual URL inspection and demand review before rewrite, merge, or sitemap removal"
pet,guide,https://pets.madabase.com/guides/pet-strollers-buying-guide,"Pet Stroller Buying Guide: Cabin Fit, Entry, Wheels, Brakes, and Folding",59,,,local-template-pass;live-url-inspection-pending,demand-and-index-review,"manual URL inspection and demand review before rewrite, merge, or sitemap removal"
pet,guide,https://pets.madabase.com/guides/portable-dog-water-bottles-buying-guide,"Portable dog water bottles Buying Guide: Sizing, Setup, and Safe Use",56,,,local-template-pass;live-url-inspection-pending,demand-and-index-review,"manual URL inspection and demand review before rewrite, merge, or sitemap removal"
pet,guide,https://pets.madabase.com/guides/pressure-mounted-pet-gates-buying-guide,"Pressure-Mounted Pet Gate Guide: Opening Fit, Height, and Stair Limits",58,,,local-template-pass;live-url-inspection-pending,demand-and-index-review,"manual URL inspection and demand review before rewrite, merge, or sitemap removal"
pet,guide,https://pets.madabase.com/guides/quick-dry-dog-towels-buying-guide,"Quick-dry dog towels Buying Guide: Sizing, Setup, and Safe Use",56,,,local-template-pass;live-url-inspection-pending,demand-and-index-review,"manual URL inspection and demand review before rewrite, merge, or sitemap removal"
pet,guide,https://pets.madabase.com/guides/reflective-dog-harnesses-buying-guide,"Reflective dog harnesses Buying Guide: Sizing, Setup, and Safe Use",56,,https://pets.madabase.com/guides/no-pull-dog-harnesses-buying-guide,local-template-pass;live-url-inspection-pending,duplicate-intent-review,"manual URL inspection and demand review before rewrite, merge, or sitemap removal"
pet,guide,https://pets.madabase.com/guides/reptile-thermostat-controllers-buying-guide,"Reptile thermostat controllers Buying Guide: Sizing, Setup, and Safe Use",56,,,local-template-pass;live-url-inspection-pending,demand-and-index-review,"manual URL inspection and demand review before rewrite, merge, or sitemap removal"
pet,guide,https://pets.madabase.com/guides/rfid-feeder-vs-microchip-feeder-guide,RFID Collar Feeder vs Implanted-Microchip Feeder,77,,,local-template-pass;live-url-inspection-pending,demand-and-index-review,"manual URL inspection and demand review before rewrite, merge, or sitemap removal"
pet,guide,https://pets.madabase.com/guides/robot-vacuums-for-pet-hair-buying-guide,Robot Vacuum vs Cordless Vacuum for Pet Hair,34,,,local-template-pass;live-url-inspection-pending,demand-and-index-review,"manual URL inspection and demand review before rewrite, merge, or sitemap removal"
pet,guide,https://pets.madabase.com/guides/slow-feeder-dog-bowls-buying-guide,"Slow Feeder Dog Bowl Guide: Maze Fit, Portion Size, and Cleaning",58,,,local-template-pass;live-url-inspection-pending,demand-and-index-review,"manual URL inspection and demand review before rewrite, merge, or sitemap removal"
pet,guide,https://pets.madabase.com/guides/smart-bird-feeders-buying-guide,Smart Bird Feeders Buying Guide,60,,,local-template-pass;live-url-inspection-pending,demand-and-index-review,"manual URL inspection and demand review before rewrite, merge, or sitemap removal"
pet,guide,https://pets.madabase.com/guides/smart-bird-feeders-compatibility-and-fit-guide,Smart Bird Feeders: Compatibility and Fit Guide,60,,,local-template-pass;live-url-inspection-pending,demand-and-index-review,"manual URL inspection and demand review before rewrite, merge, or sitemap removal"
pet,guide,https://pets.madabase.com/guides/smart-bird-feeders-ownership-cost-and-maintenance,Smart Bird Feeders: Ownership Cost and Maintenance,60,,,local-template-pass;live-url-inspection-pending,demand-and-index-review,"manual URL inspection and demand review before rewrite, merge, or sitemap removal"
pet,guide,https://pets.madabase.com/guides/smart-bird-feeders-setup-and-daily-workflow,Smart Bird Feeders: Setup and Daily Workflow,60,,,local-template-pass;live-url-inspection-pending,demand-and-index-review,"manual URL inspection and demand review before rewrite, merge, or sitemap removal"
pet,guide,https://pets.madabase.com/guides/smart-bird-feeders-vs-alternatives,Smart Bird Feeders vs. standard wildlife feeders,60,,,local-template-pass;live-url-inspection-pending,demand-and-index-review,"manual URL inspection and demand review before rewrite, merge, or sitemap removal"
pet,guide,https://pets.madabase.com/guides/soft-sided-pet-carriers-buying-guide,Soft-sided Pet Carriers Buying Guide,60,,https://pets.madabase.com/guides/soft-sided-pet-carriers-compatibility-and-fit-guide,local-template-pass;live-url-inspection-pending,duplicate-intent-review,"manual URL inspection and demand review before rewrite, merge, or sitemap removal"
pet,guide,https://pets.madabase.com/guides/soft-sided-pet-carriers-compatibility-and-fit-guide,Soft-sided Pet Carriers: Compatibility and Fit Guide,60,,https://pets.madabase.com/guides/soft-sided-pet-carriers-buying-guide,local-template-pass;live-url-inspection-pending,duplicate-intent-review,"manual URL inspection and demand review before rewrite, merge, or sitemap removal"
pet,guide,https://pets.madabase.com/guides/soft-sided-pet-carriers-ownership-cost-and-maintenance,Soft-sided Pet Carriers: Ownership Cost and Maintenance,60,,,local-template-pass;live-url-inspection-pending,demand-and-index-review,"manual URL inspection and demand review before rewrite, merge, or sitemap removal"
pet,guide,https://pets.madabase.com/guides/soft-sided-pet-carriers-setup-and-daily-workflow,Soft-sided Pet Carriers: Setup and Daily Workflow,60,,,local-template-pass;live-url-inspection-pending,demand-and-index-review,"manual URL inspection and demand review before rewrite, merge, or sitemap removal"
pet,guide,https://pets.madabase.com/guides/soft-sided-pet-carriers-vs-alternatives,Soft vs Hard Pet Carrier: Which Is Better for Travel?,34,,,local-template-pass;live-url-inspection-pending,demand-and-index-review,"manual URL inspection and demand review before rewrite, merge, or sitemap removal"
pet,guide,https://pets.madabase.com/guides/stainless-steel-pet-fountains-buying-guide,"Stainless steel pet fountains Buying Guide: Sizing, Setup, and Safe Use",56,,https://pets.madabase.com/guides/ceramic-pet-fountains-buying-guide,local-template-pass;live-url-inspection-pending,duplicate-intent-review,"manual URL inspection and demand review before rewrite, merge, or sitemap removal"
pet,guide,https://pets.madabase.com/guides/top-entry-litter-boxes-buying-guide,Top-entry Litter Boxes Buying Guide,60,,https://pets.madabase.com/guides/top-entry-litter-boxes-vs-alternatives;https://pets.madabase.com/guides/top-entry-litter-boxes-compatibility-and-fit-guide,local-template-pass;live-url-inspection-pending,duplicate-intent-review,"manual URL inspection and demand review before rewrite, merge, or sitemap removal"
pet,guide,https://pets.madabase.com/guides/top-entry-litter-boxes-compatibility-and-fit-guide,Top-entry Litter Boxes: Compatibility and Fit Guide,60,,https://pets.madabase.com/guides/top-entry-litter-boxes-buying-guide,local-template-pass;live-url-inspection-pending,duplicate-intent-review,"manual URL inspection and demand review before rewrite, merge, or sitemap removal"
pet,guide,https://pets.madabase.com/guides/top-entry-litter-boxes-ownership-cost-and-maintenance,Top-entry Litter Boxes: Ownership Cost and Maintenance,60,,,local-template-pass;live-url-inspection-pending,demand-and-index-review,"manual URL inspection and demand review before rewrite, merge, or sitemap removal"
pet,guide,https://pets.madabase.com/guides/top-entry-litter-boxes-setup-and-daily-workflow,Top-entry Litter Boxes: Setup and Daily Workflow,60,,,local-template-pass;live-url-inspection-pending,demand-and-index-review,"manual URL inspection and demand review before rewrite, merge, or sitemap removal"
pet,guide,https://pets.madabase.com/guides/top-entry-litter-boxes-vs-alternatives,Top-entry Litter Boxes vs. front-entry litter boxes,60,,https://pets.madabase.com/guides/top-entry-litter-boxes-buying-guide,local-template-pass;live-url-inspection-pending,duplicate-intent-review,"manual URL inspection and demand review before rewrite, merge, or sitemap removal"
pet,guide,https://pets.madabase.com/guides/treat-dispensing-pet-cameras-buying-guide,Treat-dispensing Pet Cameras Buying Guide,60,,https://pets.madabase.com/guides/treat-dispensing-pet-cameras-compatibility-and-fit-guide;https://pets.madabase.com/guides/treat-dispensing-pet-cameras-vs-alternatives,local-template-pass;live-url-inspection-pending,duplicate-intent-review,"manual URL inspection and demand review before rewrite, merge, or sitemap removal"
pet,guide,https://pets.madabase.com/guides/treat-dispensing-pet-cameras-compatibility-and-fit-guide,Treat-dispensing Pet Cameras: Compatibility and Fit Guide,60,,https://pets.madabase.com/guides/treat-dispensing-pet-cameras-buying-guide,local-template-pass;live-url-inspection-pending,duplicate-intent-review,"manual URL inspection and demand review before rewrite, merge, or sitemap removal"
pet,guide,https://pets.madabase.com/guides/treat-dispensing-pet-cameras-ownership-cost-and-maintenance,Treat-dispensing Pet Cameras: Ownership Cost and Maintenance,60,,,local-template-pass;live-url-inspection-pending,demand-and-index-review,"manual URL inspection and demand review before rewrite, merge, or sitemap removal"
pet,guide,https://pets.madabase.com/guides/treat-dispensing-pet-cameras-vs-alternatives,Treat-dispensing Pet Cameras vs. general indoor cameras,60,,https://pets.madabase.com/guides/treat-dispensing-pet-cameras-buying-guide,local-template-pass;live-url-inspection-pending,duplicate-intent-review,"manual URL inspection and demand review before rewrite, merge, or sitemap removal"
pet,guide,https://pets.madabase.com/guides/vehicle-pet-restraints-buying-guide,Vehicle Pet Restraints Buying Guide,60,,,local-template-pass;live-url-inspection-pending,demand-and-index-review,"manual URL inspection and demand review before rewrite, merge, or sitemap removal"
pet,guide,https://pets.madabase.com/guides/vehicle-pet-restraints-compatibility-and-fit-guide,Vehicle Pet Restraints: Compatibility and Fit Guide,60,,,local-template-pass;live-url-inspection-pending,demand-and-index-review,"manual URL inspection and demand review before rewrite, merge, or sitemap removal"
pet,guide,https://pets.madabase.com/guides/vehicle-pet-restraints-ownership-cost-and-maintenance,Vehicle Pet Restraints: Ownership Cost and Maintenance,60,,,local-template-pass;live-url-inspection-pending,demand-and-index-review,"manual URL inspection and demand review before rewrite, merge, or sitemap removal"
pet,guide,https://pets.madabase.com/guides/vehicle-pet-restraints-setup-and-daily-workflow,Vehicle Pet Restraints: Setup and Daily Workflow,60,,,local-template-pass;live-url-inspection-pending,demand-and-index-review,"manual URL inspection and demand review before rewrite, merge, or sitemap removal"
pet,guide,https://pets.madabase.com/guides/vehicle-pet-restraints-vs-alternatives,Vehicle Pet Restraints vs. secured travel crates,60,,,local-template-pass;live-url-inspection-pending,demand-and-index-review,"manual URL inspection and demand review before rewrite, merge, or sitemap removal"
pet,guide,https://pets.madabase.com/guides/washable-orthopedic-pet-beds-buying-guide,Washable Orthopedic Pet Beds Buying Guide,60,,,local-template-pass;live-url-inspection-pending,demand-and-index-review,"manual URL inspection and demand review before rewrite, merge, or sitemap removal"
pet,guide,https://pets.madabase.com/guides/wet-food-automatic-feeders-buying-guide,Wet-food Automatic Feeders Buying Guide,60,,https://pets.madabase.com/guides/wet-food-automatic-feeders-compatibility-and-fit-guide,local-template-pass;live-url-inspection-pending,duplicate-intent-review,"manual URL inspection and demand review before rewrite, merge, or sitemap removal"
pet,guide,https://pets.madabase.com/guides/wet-food-automatic-feeders-compatibility-and-fit-guide,Wet-food Automatic Feeders: Compatibility and Fit Guide,60,,https://pets.madabase.com/guides/wet-food-automatic-feeders-buying-guide,local-template-pass;live-url-inspection-pending,duplicate-intent-review,"manual URL inspection and demand review before rewrite, merge, or sitemap removal"
pet,guide,https://pets.madabase.com/guides/wet-food-automatic-feeders-ownership-cost-and-maintenance,Wet-food Automatic Feeders: Ownership Cost and Maintenance,60,,,local-template-pass;live-url-inspection-pending,demand-and-index-review,"manual URL inspection and demand review before rewrite, merge, or sitemap removal"
pet,guide,https://pets.madabase.com/guides/wet-food-automatic-feeders-setup-and-daily-workflow,Wet-food Automatic Feeders: Setup and Daily Workflow,60,,,local-template-pass;live-url-inspection-pending,demand-and-index-review,"manual URL inspection and demand review before rewrite, merge, or sitemap removal"
pet,guide,https://pets.madabase.com/guides/wet-food-automatic-feeders-vs-alternatives,Wet-food Automatic Feeders vs. dry-food feeders or manual feeding,60,,,local-template-pass;live-url-inspection-pending,demand-and-index-review,"manual URL inspection and demand review before rewrite, merge, or sitemap removal"
pet,guide,https://pets.madabase.com/guides/wireless-dog-doorbells-buying-guide,"Wireless dog doorbells Buying Guide: Sizing, Setup, and Safe Use",56,,,local-template-pass;live-url-inspection-pending,demand-and-index-review,"manual URL inspection and demand review before rewrite, merge, or sitemap removal"
pet,guide,https://pets.madabase.com/guides/wireless-pump-pet-fountains-buying-guide,Wireless-pump Pet Fountains Buying Guide,60,,https://pets.madabase.com/guides/wireless-pump-pet-fountains-compatibility-and-fit-guide,local-template-pass;live-url-inspection-pending,duplicate-intent-review,"manual URL inspection and demand review before rewrite, merge, or sitemap removal"
pet,guide,https://pets.madabase.com/guides/wireless-pump-pet-fountains-compatibility-and-fit-guide,Wireless-pump Pet Fountains: Compatibility and Fit Guide,60,,https://pets.madabase.com/guides/wireless-pump-pet-fountains-buying-guide,local-template-pass;live-url-inspection-pending,duplicate-intent-review,"manual URL inspection and demand review before rewrite, merge, or sitemap removal"
pet,guide,https://pets.madabase.com/guides/wireless-pump-pet-fountains-ownership-cost-and-maintenance,Wireless-pump Pet Fountains: Ownership Cost and Maintenance,60,,,local-template-pass;live-url-inspection-pending,demand-and-index-review,"manual URL inspection and demand review before rewrite, merge, or sitemap removal"
pet,guide,https://pets.madabase.com/guides/wireless-pump-pet-fountains-setup-and-daily-workflow,Wireless-pump Pet Fountains: Setup and Daily Workflow,60,,,local-template-pass;live-url-inspection-pending,demand-and-index-review,"manual URL inspection and demand review before rewrite, merge, or sitemap removal"
pet,guide,https://pets.madabase.com/guides/wireless-pump-pet-fountains-vs-alternatives,Cordless vs Corded Pet Fountain: Which Is Better?,34,,,local-template-pass;live-url-inspection-pending,demand-and-index-review,"manual URL inspection and demand review before rewrite, merge, or sitemap removal"
pet,product,https://pets.madabase.com/reviews/catit-flower-cat-water-fountain,"Catit Flower Fountain Guide: 3L Capacity, Filters & Cleaning",74,,,local-template-pass;live-url-inspection-pending,demand-and-index-review,"manual URL inspection and demand review before rewrite, merge, or sitemap removal"
pet,product,https://pets.madabase.com/reviews/chomchom-roller-pet-hair-remover,"ChomChom Roller Guide: Surfaces, Cleaning & Reusable Fit",74,,,local-template-pass;live-url-inspection-pending,demand-and-index-review,"manual URL inspection and demand review before rewrite, merge, or sitemap removal"
pet,product,https://pets.madabase.com/reviews/litter-genie-plus-pail,"Litter Genie Plus Pail Guide: Refill Fit, Capacity & Cost",74,,,local-template-pass;live-url-inspection-pending,demand-and-index-review,"manual URL inspection and demand review before rewrite, merge, or sitemap removal"
pet,product,https://pets.madabase.com/reviews/neakasa-m1-plus-self-cleaning-litter-box,"Neakasa M1 Plus Guide: Open Top, Cat Size & PuraMax 2",61,,,local-template-pass;live-url-inspection-pending,demand-and-index-review,"manual URL inspection and demand review before rewrite, merge, or sitemap removal"
pet,product,https://pets.madabase.com/reviews/neakasa-p1-pro-pet-grooming-vacuum,"Neakasa P1 Pro Guide: Noise, Coat Fit & Cleaning",61,,,local-template-pass;live-url-inspection-pending,demand-and-index-review,"manual URL inspection and demand review before rewrite, merge, or sitemap removal"
pet,product,https://pets.madabase.com/reviews/petfusion-ultimate-dog-bed,"PetFusion Ultimate Dog Bed Guide: Size, Foam & Cover Checks",74,,,local-template-pass;live-url-inspection-pending,demand-and-index-review,"manual URL inspection and demand review before rewrite, merge, or sitemap removal"
pet,product,https://pets.madabase.com/reviews/petlibro-one-rfid-smart-feeder,"PETLIBRO One RFID Feeder Guide: Collar Tag, Portions & Multi-Cat Fit",77,,,local-template-pass;live-url-inspection-pending,demand-and-index-review,"manual URL inspection and demand review before rewrite, merge, or sitemap removal"
pet,product,https://pets.madabase.com/reviews/shark-neverchange-max-air-purifier,"Shark NeverChange MAX HP302 Buying Guide: Pet Dander, Odor & Filter Life",74,,,local-template-pass;live-url-inspection-pending,demand-and-index-review,"manual URL inspection and demand review before rewrite, merge, or sitemap removal"
pet,product,https://pets.madabase.com/reviews/surefeed-microchip-pet-feeder,"SureFeed Microchip Feeder Guide: Chip Access, Training & Cleaning",48,,,local-template-pass;live-url-inspection-pending,demand-and-index-review,"manual URL inspection and demand review before rewrite, merge, or sitemap removal"
pet,product,https://pets.madabase.com/reviews/tractive-dog-6-gps-tracker,Tractive DOG 6 Guide: Subscription Cost & Coverage,61,,,local-template-pass;live-url-inspection-pending,demand-and-index-review,"manual URL inspection and demand review before rewrite, merge, or sitemap removal"
pet,tool,https://pets.madabase.com/tools/pet-feeding-calculator,Pet Feeding Schedule Calculator by Meals and Calories,74,,,local-template-pass;live-url-inspection-pending,demand-and-index-review,"manual URL inspection and demand review before rewrite, merge, or sitemap removal"
pet,tool,https://pets.madabase.com/tools/pet-room-air-change-calculator,Pet Room Air-Change and CADR Calculator,74,,,local-template-pass;live-url-inspection-pending,demand-and-index-review,"manual URL inspection and demand review before rewrite, merge, or sitemap removal"
smarthome,roundup,https://smarthome.madabase.com/best/aqara-t1-vs-yolink-bulldog-vs-moen-flo,Aqara T1 vs YoLink Bulldog vs Moen Flo Smart Shutoff,63,,,local-template-pass;live-url-inspection-pending,demand-and-index-review,"manual URL inspection and demand review before rewrite, merge, or sitemap removal"
smarthome,roundup,https://smarthome.madabase.com/best/aqara-vs-govee-vs-xsense-vs-yolink-leak-sensors,Aqara vs Govee vs X-Sense vs YoLink Water Leak Sensors,91,,,local-template-pass;live-url-inspection-pending,demand-and-index-review,"manual URL inspection and demand review before rewrite, merge, or sitemap removal"
smarthome,roundup,https://smarthome.madabase.com/best/best-smart-water-shutoff-valves-retrofit-inline,Smart Water Shutoff Valves: Retrofit vs Inline Systems,63,,,local-template-pass;live-url-inspection-pending,demand-and-index-review,"manual URL inspection and demand review before rewrite, merge, or sitemap removal"
smarthome,roundup,https://smarthome.madabase.com/best/best-tapo-matter-smart-plug-for-energy-or-compact-control,Tapo Matter Smart Plug: P110M Energy vs P125M Size,84,,,local-template-pass;live-url-inspection-pending,demand-and-index-review,"manual URL inspection and demand review before rewrite, merge, or sitemap removal"
smarthome,roundup,https://smarthome.madabase.com/best/best-water-leak-sensors-for-sinks-water-heaters,"Water Leak Sensors for Sinks, Water Heaters and Basements",91,,,local-template-pass;live-url-inspection-pending,demand-and-index-review,"manual URL inspection and demand review before rewrite, merge, or sitemap removal"
smarthome,roundup,https://smarthome.madabase.com/best/ecobee-premium-vs-nest-learning-thermostat-4th-gen,ecobee Premium vs Nest Learning Thermostat 4th Gen,100,,,local-template-pass;live-url-inspection-pending,demand-and-index-review,"manual URL inspection and demand review before rewrite, merge, or sitemap removal"
smarthome,roundup,https://smarthome.madabase.com/best/eufy-e340-vs-ring-battery-doorbell-plus,eufy E340 vs. Ring Battery Doorbell Plus (2nd Gen),99,,,local-template-pass;live-url-inspection-pending,demand-and-index-review,"manual URL inspection and demand review before rewrite, merge, or sitemap removal"
smarthome,roundup,https://smarthome.madabase.com/best/eufy-e340-vs-tapo-d210,eufy E340 vs. Tapo D210,77,weak-title,,local-content-gap;live-url-inspection-pending,repair-local-discovery,"manual URL inspection and demand review before rewrite, merge, or sitemap removal"
smarthome,roundup,https://smarthome.madabase.com/best/matter-starter-kit-hub-sensor-smart-plug,"Matter Starter Kit: Hub, Contact Sensor and Smart Plug",74,,,local-template-pass;live-url-inspection-pending,demand-and-index-review,"manual URL inspection and demand review before rewrite, merge, or sitemap removal"
smarthome,roundup,https://smarthome.madabase.com/best/ring-battery-doorbell-plus-2nd-gen-vs-tapo-d210,Tapo D210 vs Ring Doorbell Plus: Local Storage or Ring Plan?,72,,,local-template-pass;live-url-inspection-pending,demand-and-index-review,"manual URL inspection and demand review before rewrite, merge, or sitemap removal"
smarthome,roundup,https://smarthome.madabase.com/best/schlage-encode-plus-vs-yale-assure-lock-2-touch,Schlage Encode Plus vs. Yale Assure Lock 2 Touch,99,,,local-template-pass;live-url-inspection-pending,demand-and-index-review,"manual URL inspection and demand review before rewrite, merge, or sitemap removal"
smarthome,roundup,https://smarthome.madabase.com/best/ultraloq-bolt-se-vs-aqara-u400,ULTRALOQ Bolt SE vs Aqara U400: Fingerprint Value or UWB Entry?,77,,,local-template-pass;live-url-inspection-pending,demand-and-index-review,"manual URL inspection and demand review before rewrite, merge, or sitemap removal"
smarthome,guide,https://smarthome.madabase.com/guides/apple-home-key-smart-lock-buying-guide,Apple Home Key Smart Lock Buying Guide,99,,,local-template-pass;live-url-inspection-pending,demand-and-index-review,"manual URL inspection and demand review before rewrite, merge, or sitemap removal"
smarthome,guide,https://smarthome.madabase.com/guides/aqara-hub-m3-home-assistant-matter-guide,Aqara Hub M3 with Home Assistant: Matter Bridge Setup Guide,84,,,local-template-pass;live-url-inspection-pending,demand-and-index-review,"manual URL inspection and demand review before rewrite, merge, or sitemap removal"
smarthome,guide,https://smarthome.madabase.com/guides/aqara-hub-m3-matter-thread-setup,"Aqara Hub M3 Setup: Matter, Thread, PoE & Migration Checklist",77,,,local-template-pass;live-url-inspection-pending,demand-and-index-review,"manual URL inspection and demand review before rewrite, merge, or sitemap removal"
smarthome,guide,https://smarthome.madabase.com/guides/aqara-p2-vs-p1-door-window-sensor,Aqara P2 vs. P1 Door and Window Sensor,99,,,local-template-pass;live-url-inspection-pending,demand-and-index-review,"manual URL inspection and demand review before rewrite, merge, or sitemap removal"
smarthome,guide,https://smarthome.madabase.com/guides/diy-smart-alarm-kits-buying-guide,DIY Smart Alarm Kits Buying Guide,60,,,local-template-pass;live-url-inspection-pending,demand-and-index-review,"manual URL inspection and demand review before rewrite, merge, or sitemap removal"
smarthome,guide,https://smarthome.madabase.com/guides/eufy-e340-local-storage-and-homebase-guide,eufy E340 Local Storage and HomeBase Guide,99,,,local-template-pass;live-url-inspection-pending,demand-and-index-review,"manual URL inspection and demand review before rewrite, merge, or sitemap removal"
smarthome,guide,https://smarthome.madabase.com/guides/floodlight-security-cameras-buying-guide,Floodlight Security Cameras Buying Guide,60,,,local-template-pass;live-url-inspection-pending,demand-and-index-review,"manual URL inspection and demand review before rewrite, merge, or sitemap removal"
smarthome,guide,https://smarthome.madabase.com/guides/floodlight-security-cameras-compatibility-and-fit-guide,Floodlight Security Cameras: Compatibility and Fit Guide,60,,https://smarthome.madabase.com/guides/indoor-security-cameras-compatibility-and-fit-guide;https://smarthome.madabase.com/guides/outdoor-security-cameras-compatibility-and-fit-guide,local-template-pass;live-url-inspection-pending,duplicate-intent-review,"manual URL inspection and demand review before rewrite, merge, or sitemap removal"
smarthome,guide,https://smarthome.madabase.com/guides/floodlight-security-cameras-ownership-cost-and-maintenance,Floodlight Security Cameras: Ownership Cost and Maintenance,60,,https://smarthome.madabase.com/guides/indoor-security-cameras-ownership-cost-and-maintenance;https://smarthome.madabase.com/guides/outdoor-security-cameras-ownership-cost-and-maintenance,local-template-pass;live-url-inspection-pending,duplicate-intent-review,"manual URL inspection and demand review before rewrite, merge, or sitemap removal"
smarthome,guide,https://smarthome.madabase.com/guides/floodlight-security-cameras-setup-and-daily-workflow,Floodlight Security Cameras: Setup and Daily Workflow,60,,https://smarthome.madabase.com/guides/indoor-security-cameras-setup-and-daily-workflow;https://smarthome.madabase.com/guides/outdoor-security-cameras-setup-and-daily-workflow,local-template-pass;live-url-inspection-pending,duplicate-intent-review,"manual URL inspection and demand review before rewrite, merge, or sitemap removal"
smarthome,guide,https://smarthome.madabase.com/guides/ikea-parasoll-vs-myggbett-zigbee-matter-thread,"IKEA PARASOLL vs MYGGBETT: Zigbee, Matter, Thread & DIRIGERA",83,,,local-template-pass;live-url-inspection-pending,demand-and-index-review,"manual URL inspection and demand review before rewrite, merge, or sitemap removal"
smarthome,guide,https://smarthome.madabase.com/guides/in-wall-smart-relays-buying-guide,"In-Wall Smart Relay Buying Guide: Wiring, Load, Protocol, and Local Control",59,long-title,,local-template-pass;live-url-inspection-pending,demand-and-index-review,"manual URL inspection and demand review before rewrite, merge, or sitemap removal"
smarthome,guide,https://smarthome.madabase.com/guides/indoor-air-quality-monitors-buying-guide,Indoor air-quality Monitors Buying Guide,60,,https://smarthome.madabase.com/guides/indoor-air-quality-monitors-compatibility-and-fit-guide,local-template-pass;live-url-inspection-pending,duplicate-intent-review,"manual URL inspection and demand review before rewrite, merge, or sitemap removal"
smarthome,guide,https://smarthome.madabase.com/guides/indoor-air-quality-monitors-compatibility-and-fit-guide,Indoor air-quality Monitors: Compatibility and Fit Guide,60,,https://smarthome.madabase.com/guides/indoor-air-quality-monitors-buying-guide,local-template-pass;live-url-inspection-pending,duplicate-intent-review,"manual URL inspection and demand review before rewrite, merge, or sitemap removal"
smarthome,guide,https://smarthome.madabase.com/guides/indoor-air-quality-monitors-ownership-cost-and-maintenance,Indoor air-quality Monitors: Ownership Cost and Maintenance,60,,,local-template-pass;live-url-inspection-pending,demand-and-index-review,"manual URL inspection and demand review before rewrite, merge, or sitemap removal"
smarthome,guide,https://smarthome.madabase.com/guides/indoor-air-quality-monitors-setup-and-daily-workflow,Indoor air-quality Monitors: Setup and Daily Workflow,60,,,local-template-pass;live-url-inspection-pending,demand-and-index-review,"manual URL inspection and demand review before rewrite, merge, or sitemap removal"
smarthome,guide,https://smarthome.madabase.com/guides/indoor-air-quality-monitors-vs-alternatives,Air Quality Monitor vs CO2 Monitor: Which Do You Need?,34,,,local-template-pass;live-url-inspection-pending,demand-and-index-review,"manual URL inspection and demand review before rewrite, merge, or sitemap removal"
smarthome,guide,https://smarthome.madabase.com/guides/indoor-security-cameras-buying-guide,Indoor Security Cameras Buying Guide,60,,,local-template-pass;live-url-inspection-pending,demand-and-index-review,"manual URL inspection and demand review before rewrite, merge, or sitemap removal"
smarthome,guide,https://smarthome.madabase.com/guides/indoor-security-cameras-compatibility-and-fit-guide,Indoor Security Cameras: Compatibility and Fit Guide,60,,https://smarthome.madabase.com/guides/floodlight-security-cameras-compatibility-and-fit-guide;https://smarthome.madabase.com/guides/outdoor-security-cameras-compatibility-and-fit-guide,local-template-pass;live-url-inspection-pending,duplicate-intent-review,"manual URL inspection and demand review before rewrite, merge, or sitemap removal"
smarthome,guide,https://smarthome.madabase.com/guides/indoor-security-cameras-ownership-cost-and-maintenance,Indoor Security Cameras: Ownership Cost and Maintenance,60,,https://smarthome.madabase.com/guides/floodlight-security-cameras-ownership-cost-and-maintenance;https://smarthome.madabase.com/guides/outdoor-security-cameras-ownership-cost-and-maintenance,local-template-pass;live-url-inspection-pending,duplicate-intent-review,"manual URL inspection and demand review before rewrite, merge, or sitemap removal"
smarthome,guide,https://smarthome.madabase.com/guides/indoor-security-cameras-setup-and-daily-workflow,Indoor Security Cameras: Setup and Daily Workflow,60,,https://smarthome.madabase.com/guides/floodlight-security-cameras-setup-and-daily-workflow;https://smarthome.madabase.com/guides/outdoor-security-cameras-setup-and-daily-workflow,local-template-pass;live-url-inspection-pending,duplicate-intent-review,"manual URL inspection and demand review before rewrite, merge, or sitemap removal"
smarthome,guide,https://smarthome.madabase.com/guides/indoor-security-cameras-vs-alternatives,Indoor Security Cameras vs. privacy shutters or local sensors,60,,,local-template-pass;live-url-inspection-pending,demand-and-index-review,"manual URL inspection and demand review before rewrite, merge, or sitemap removal"
smarthome,guide,https://smarthome.madabase.com/guides/leak-sensor-to-water-shutoff-automation-guide,Leak Sensor to Automatic Water Shutoff: Build a Safer Response Chain,78,,,local-template-pass;live-url-inspection-pending,demand-and-index-review,"manual URL inspection and demand review before rewrite, merge, or sitemap removal"
smarthome,guide,https://smarthome.madabase.com/guides/matter-controller-vs-thread-border-router,Thread Border Router vs. Matter Controller,74,,,local-template-pass;live-url-inspection-pending,demand-and-index-review,"manual URL inspection and demand review before rewrite, merge, or sitemap removal"
smarthome,guide,https://smarthome.madabase.com/guides/matter-hubs-bridges-buying-guide,Matter Hubs and Bridges Buying Guide,60,,,local-template-pass;live-url-inspection-pending,demand-and-index-review,"manual URL inspection and demand review before rewrite, merge, or sitemap removal"
smarthome,guide,https://smarthome.madabase.com/guides/matter-hubs-bridges-compatibility-and-fit-guide,Matter Hubs and Bridges: Compatibility and Fit Guide,60,,,local-template-pass;live-url-inspection-pending,demand-and-index-review,"manual URL inspection and demand review before rewrite, merge, or sitemap removal"
smarthome,guide,https://smarthome.madabase.com/guides/matter-hubs-bridges-ownership-cost-and-maintenance,Matter Hubs and Bridges: Ownership Cost and Maintenance,60,,,local-template-pass;live-url-inspection-pending,demand-and-index-review,"manual URL inspection and demand review before rewrite, merge, or sitemap removal"
smarthome,guide,https://smarthome.madabase.com/guides/matter-hubs-bridges-setup-and-daily-workflow,Matter Hubs and Bridges: Setup and Daily Workflow,60,,,local-template-pass;live-url-inspection-pending,demand-and-index-review,"manual URL inspection and demand review before rewrite, merge, or sitemap removal"
smarthome,guide,https://smarthome.madabase.com/guides/matter-hubs-bridges-vs-alternatives,Matter Hubs and Bridges vs. platform-native controllers,60,,,local-template-pass;live-url-inspection-pending,demand-and-index-review,"manual URL inspection and demand review before rewrite, merge, or sitemap removal"
smarthome,guide,https://smarthome.madabase.com/guides/matter-smart-bulbs-buying-guide,Matter Smart Bulbs Buying Guide,60,,,local-template-pass;live-url-inspection-pending,demand-and-index-review,"manual URL inspection and demand review before rewrite, merge, or sitemap removal"
smarthome,guide,https://smarthome.madabase.com/guides/matter-smart-bulbs-compatibility-and-fit-guide,Matter Smart Bulbs: Compatibility and Fit Guide,60,,,local-template-pass;live-url-inspection-pending,demand-and-index-review,"manual URL inspection and demand review before rewrite, merge, or sitemap removal"
smarthome,guide,https://smarthome.madabase.com/guides/matter-smart-bulbs-ownership-cost-and-maintenance,Matter Smart Bulbs: Ownership Cost and Maintenance,60,,,local-template-pass;live-url-inspection-pending,demand-and-index-review,"manual URL inspection and demand review before rewrite, merge, or sitemap removal"
smarthome,guide,https://smarthome.madabase.com/guides/matter-smart-bulbs-setup-and-daily-workflow,Matter Smart Bulbs: Setup and Daily Workflow,60,,,local-template-pass;live-url-inspection-pending,demand-and-index-review,"manual URL inspection and demand review before rewrite, merge, or sitemap removal"
smarthome,guide,https://smarthome.madabase.com/guides/matter-smart-bulbs-vs-alternatives,Smart Bulb vs Smart Switch: Which Lighting Setup Wins?,34,,,local-template-pass;live-url-inspection-pending,demand-and-index-review,"manual URL inspection and demand review before rewrite, merge, or sitemap removal"
smarthome,guide,https://smarthome.madabase.com/guides/matter-smart-lock-controller-checklist,Matter Smart Lock Controller & Thread Checklist,98,,,local-template-pass;live-url-inspection-pending,demand-and-index-review,"manual URL inspection and demand review before rewrite, merge, or sitemap removal"
smarthome,guide,https://smarthome.madabase.com/guides/mmwave-presence-sensors-buying-guide,mmWave Presence Sensors Buying Guide,60,,,local-template-pass;live-url-inspection-pending,demand-and-index-review,"manual URL inspection and demand review before rewrite, merge, or sitemap removal"
smarthome,guide,https://smarthome.madabase.com/guides/mmwave-presence-sensors-compatibility-and-fit-guide,mmWave Presence Sensors: Compatibility and Fit Guide,60,,,local-template-pass;live-url-inspection-pending,demand-and-index-review,"manual URL inspection and demand review before rewrite, merge, or sitemap removal"
smarthome,guide,https://smarthome.madabase.com/guides/mmwave-presence-sensors-ownership-cost-and-maintenance,mmWave Presence Sensors: Ownership Cost and Maintenance,60,,,local-template-pass;live-url-inspection-pending,demand-and-index-review,"manual URL inspection and demand review before rewrite, merge, or sitemap removal"
smarthome,guide,https://smarthome.madabase.com/guides/mmwave-presence-sensors-setup-and-daily-workflow,mmWave Presence Sensors: Setup and Daily Workflow,42,,,local-template-pass;live-url-inspection-pending,demand-and-index-review,"manual URL inspection and demand review before rewrite, merge, or sitemap removal"
smarthome,guide,https://smarthome.madabase.com/guides/mmwave-presence-sensors-vs-alternatives,mmWave Presence Sensors vs. PIR motion sensors,60,,,local-template-pass;live-url-inspection-pending,demand-and-index-review,"manual URL inspection and demand review before rewrite, merge, or sitemap removal"
smarthome,guide,https://smarthome.madabase.com/guides/outdoor-security-cameras-buying-guide,Outdoor Security Cameras Buying Guide,60,,,local-template-pass;live-url-inspection-pending,demand-and-index-review,"manual URL inspection and demand review before rewrite, merge, or sitemap removal"
smarthome,guide,https://smarthome.madabase.com/guides/outdoor-security-cameras-compatibility-and-fit-guide,Outdoor Security Cameras: Compatibility and Fit Guide,60,,https://smarthome.madabase.com/guides/floodlight-security-cameras-compatibility-and-fit-guide;https://smarthome.madabase.com/guides/indoor-security-cameras-compatibility-and-fit-guide,local-template-pass;live-url-inspection-pending,duplicate-intent-review,"manual URL inspection and demand review before rewrite, merge, or sitemap removal"
smarthome,guide,https://smarthome.madabase.com/guides/outdoor-security-cameras-ownership-cost-and-maintenance,Outdoor Security Cameras: Ownership Cost and Maintenance,60,,https://smarthome.madabase.com/guides/floodlight-security-cameras-ownership-cost-and-maintenance;https://smarthome.madabase.com/guides/indoor-security-cameras-ownership-cost-and-maintenance,local-template-pass;live-url-inspection-pending,duplicate-intent-review,"manual URL inspection and demand review before rewrite, merge, or sitemap removal"
smarthome,guide,https://smarthome.madabase.com/guides/outdoor-security-cameras-setup-and-daily-workflow,Outdoor Security Cameras: Setup and Daily Workflow,60,,https://smarthome.madabase.com/guides/floodlight-security-cameras-setup-and-daily-workflow;https://smarthome.madabase.com/guides/indoor-security-cameras-setup-and-daily-workflow,local-template-pass;live-url-inspection-pending,duplicate-intent-review,"manual URL inspection and demand review before rewrite, merge, or sitemap removal"
smarthome,guide,https://smarthome.madabase.com/guides/outdoor-security-cameras-vs-alternatives,Outdoor Security Camera vs Video Doorbell: Which First?,34,,,local-template-pass;live-url-inspection-pending,demand-and-index-review,"manual URL inspection and demand review before rewrite, merge, or sitemap removal"
smarthome,guide,https://smarthome.madabase.com/guides/outdoor-smart-plugs-buying-guide,Outdoor Smart Plugs Buying Guide,60,,,local-template-pass;live-url-inspection-pending,demand-and-index-review,"manual URL inspection and demand review before rewrite, merge, or sitemap removal"
smarthome,guide,https://smarthome.madabase.com/guides/outdoor-smart-plugs-compatibility-and-fit-guide,Outdoor Smart Plugs: Compatibility and Fit Guide,60,,,local-template-pass;live-url-inspection-pending,demand-and-index-review,"manual URL inspection and demand review before rewrite, merge, or sitemap removal"
smarthome,guide,https://smarthome.madabase.com/guides/outdoor-smart-plugs-ownership-cost-and-maintenance,Outdoor Smart Plugs: Ownership Cost and Maintenance,60,,,local-template-pass;live-url-inspection-pending,demand-and-index-review,"manual URL inspection and demand review before rewrite, merge, or sitemap removal"
smarthome,guide,https://smarthome.madabase.com/guides/outdoor-smart-plugs-setup-and-daily-workflow,Outdoor Smart Plugs: Setup and Daily Workflow,60,,,local-template-pass;live-url-inspection-pending,demand-and-index-review,"manual URL inspection and demand review before rewrite, merge, or sitemap removal"
smarthome,guide,https://smarthome.madabase.com/guides/outdoor-smart-plugs-vs-alternatives,Outdoor Smart Plugs vs. weather-rated timers,60,,,local-template-pass;live-url-inspection-pending,demand-and-index-review,"manual URL inspection and demand review before rewrite, merge, or sitemap removal"
smarthome,guide,https://smarthome.madabase.com/guides/robot-lawn-mowers-buying-guide,"Robot Lawn Mower Buying Guide: Boundary, Slope, Obstacles, and Recovery",58,,,local-template-pass;live-url-inspection-pending,demand-and-index-review,"manual URL inspection and demand review before rewrite, merge, or sitemap removal"
smarthome,guide,https://smarthome.madabase.com/guides/robot-mops-buying-guide,Robot Mops Buying Guide,60,weak-title,,local-content-gap;live-url-inspection-pending,repair-local-discovery,"manual URL inspection and demand review before rewrite, merge, or sitemap removal"
smarthome,guide,https://smarthome.madabase.com/guides/robot-mops-compatibility-and-fit-guide,Robot Mops: Compatibility and Fit Guide,60,,,local-template-pass;live-url-inspection-pending,demand-and-index-review,"manual URL inspection and demand review before rewrite, merge, or sitemap removal"
smarthome,guide,https://smarthome.madabase.com/guides/robot-mops-ownership-cost-and-maintenance,Robot Mops: Ownership Cost and Maintenance,60,,https://smarthome.madabase.com/guides/robot-vacuums-ownership-cost-and-maintenance,local-template-pass;live-url-inspection-pending,duplicate-intent-review,"manual URL inspection and demand review before rewrite, merge, or sitemap removal"
smarthome,guide,https://smarthome.madabase.com/guides/robot-mops-setup-and-daily-workflow,Robot Mops: Setup and Daily Workflow,60,,https://smarthome.madabase.com/guides/robot-vacuums-setup-and-daily-workflow,local-template-pass;live-url-inspection-pending,duplicate-intent-review,"manual URL inspection and demand review before rewrite, merge, or sitemap removal"
smarthome,guide,https://smarthome.madabase.com/guides/robot-mops-vs-alternatives,Robot Mops vs. combined vacuum-mop robots,60,,,local-template-pass;live-url-inspection-pending,demand-and-index-review,"manual URL inspection and demand review before rewrite, merge, or sitemap removal"
smarthome,guide,https://smarthome.madabase.com/guides/robot-vacuums-buying-guide,Robot Vacuums Buying Guide,60,weak-title,,local-content-gap;live-url-inspection-pending,repair-local-discovery,"manual URL inspection and demand review before rewrite, merge, or sitemap removal"
smarthome,guide,https://smarthome.madabase.com/guides/robot-vacuums-compatibility-and-fit-guide,Robot Vacuums: Compatibility and Fit Guide,60,,,local-template-pass;live-url-inspection-pending,demand-and-index-review,"manual URL inspection and demand review before rewrite, merge, or sitemap removal"
smarthome,guide,https://smarthome.madabase.com/guides/robot-vacuums-ownership-cost-and-maintenance,Robot Vacuums: Ownership Cost and Maintenance,60,,https://smarthome.madabase.com/guides/robot-mops-ownership-cost-and-maintenance,local-template-pass;live-url-inspection-pending,duplicate-intent-review,"manual URL inspection and demand review before rewrite, merge, or sitemap removal"
smarthome,guide,https://smarthome.madabase.com/guides/robot-vacuums-setup-and-daily-workflow,Robot Vacuums: Setup and Daily Workflow,60,,https://smarthome.madabase.com/guides/robot-mops-setup-and-daily-workflow,local-template-pass;live-url-inspection-pending,duplicate-intent-review,"manual URL inspection and demand review before rewrite, merge, or sitemap removal"
smarthome,guide,https://smarthome.madabase.com/guides/robot-vacuums-vs-alternatives,Robot Vacuum vs Cordless Vacuum: Which Is Better?,34,,,local-template-pass;live-url-inspection-pending,demand-and-index-review,"manual URL inspection and demand review before rewrite, merge, or sitemap removal"
smarthome,guide,https://smarthome.madabase.com/guides/smart-air-purifiers-buying-guide,"Smart Air Purifier Buying Guide: CADR, Filters, Sensors, and App Value",58,,,local-template-pass;live-url-inspection-pending,demand-and-index-review,"manual URL inspection and demand review before rewrite, merge, or sitemap removal"
smarthome,guide,https://smarthome.madabase.com/guides/smart-aroma-diffusers-buying-guide,Aroma Diffuser vs Humidifier: Which Job Do You Need?,31,,,local-template-pass;live-url-inspection-pending,demand-and-index-review,"manual URL inspection and demand review before rewrite, merge, or sitemap removal"
smarthome,guide,https://smarthome.madabase.com/guides/smart-bathroom-exhaust-fans-buying-guide,"Smart bathroom exhaust fans Buying Guide: Fit, Local Control, and Safety",56,,,local-template-pass;live-url-inspection-pending,demand-and-index-review,"manual URL inspection and demand review before rewrite, merge, or sitemap removal"
smarthome,guide,https://smarthome.madabase.com/guides/smart-blind-motor-hub-local-control-guide,Smart Blind Motor Hub and Local-Control Guide,61,,,local-template-pass;live-url-inspection-pending,demand-and-index-review,"manual URL inspection and demand review before rewrite, merge, or sitemap removal"
smarthome,guide,https://smarthome.madabase.com/guides/smart-blind-motors-buying-guide,Smart Blind Motors Buying Guide,60,,,local-template-pass;live-url-inspection-pending,demand-and-index-review,"manual URL inspection and demand review before rewrite, merge, or sitemap removal"
smarthome,guide,https://smarthome.madabase.com/guides/smart-blind-motors-compatibility-and-fit-guide,Smart Blind Motors: Compatibility and Fit Guide,60,,https://smarthome.madabase.com/guides/smart-curtain-motors-compatibility-and-fit-guide,local-template-pass;live-url-inspection-pending,duplicate-intent-review,"manual URL inspection and demand review before rewrite, merge, or sitemap removal"
smarthome,guide,https://smarthome.madabase.com/guides/smart-blind-motors-ownership-cost-and-maintenance,Smart Blind Motors: Ownership Cost and Maintenance,60,,https://smarthome.madabase.com/guides/smart-curtain-motors-ownership-cost-and-maintenance,local-template-pass;live-url-inspection-pending,duplicate-intent-review,"manual URL inspection and demand review before rewrite, merge, or sitemap removal"
smarthome,guide,https://smarthome.madabase.com/guides/smart-blind-motors-setup-and-daily-workflow,Smart Blind Motors: Setup and Daily Workflow,60,,https://smarthome.madabase.com/guides/smart-curtain-motors-setup-and-daily-workflow,local-template-pass;live-url-inspection-pending,duplicate-intent-review,"manual URL inspection and demand review before rewrite, merge, or sitemap removal"
smarthome,guide,https://smarthome.madabase.com/guides/smart-blind-motors-vs-alternatives,Smart Blind Motors vs. complete motorized shades,60,,,local-template-pass;live-url-inspection-pending,demand-and-index-review,"manual URL inspection and demand review before rewrite, merge, or sitemap removal"
smarthome,guide,https://smarthome.madabase.com/guides/smart-ceiling-fan-controllers-buying-guide,"Smart Ceiling-Fan Controller Buying Guide: RF Compatibility, Speed, and Fallback",59,long-title,,local-template-pass;live-url-inspection-pending,demand-and-index-review,"manual URL inspection and demand review before rewrite, merge, or sitemap removal"
smarthome,guide,https://smarthome.madabase.com/guides/smart-ceiling-lights-buying-guide,"Smart Ceiling Light Buying Guide: Lumens, Wiring, Matter, and Wall Controls",58,long-title,,local-template-pass;live-url-inspection-pending,demand-and-index-review,"manual URL inspection and demand review before rewrite, merge, or sitemap removal"
smarthome,guide,https://smarthome.madabase.com/guides/smart-coffee-makers-buying-guide,Smart vs Programmable Coffee Maker: Is App Control Useful?,31,,,local-template-pass;live-url-inspection-pending,demand-and-index-review,"manual URL inspection and demand review before rewrite, merge, or sitemap removal"
smarthome,guide,https://smarthome.madabase.com/guides/smart-contact-sensors-buying-guide,Smart Contact Sensors Buying Guide,60,,https://smarthome.madabase.com/guides/smart-contact-sensors-vs-alternatives,local-template-pass;live-url-inspection-pending,duplicate-intent-review,"manual URL inspection and demand review before rewrite, merge, or sitemap removal"
smarthome,guide,https://smarthome.madabase.com/guides/smart-contact-sensors-compatibility-and-fit-guide,Smart Contact Sensors: Compatibility and Fit Guide,60,,https://smarthome.madabase.com/guides/smart-motion-sensors-compatibility-and-fit-guide,local-template-pass;live-url-inspection-pending,duplicate-intent-review,"manual URL inspection and demand review before rewrite, merge, or sitemap removal"
smarthome,guide,https://smarthome.madabase.com/guides/smart-contact-sensors-ownership-cost-and-maintenance,Smart Contact Sensors: Ownership Cost and Maintenance,60,,https://smarthome.madabase.com/guides/smart-motion-sensors-ownership-cost-and-maintenance,local-template-pass;live-url-inspection-pending,duplicate-intent-review,"manual URL inspection and demand review before rewrite, merge, or sitemap removal"
smarthome,guide,https://smarthome.madabase.com/guides/smart-contact-sensors-setup-and-daily-workflow,Smart Contact Sensors: Setup and Daily Workflow,60,,https://smarthome.madabase.com/guides/smart-motion-sensors-setup-and-daily-workflow,local-template-pass;live-url-inspection-pending,duplicate-intent-review,"manual URL inspection and demand review before rewrite, merge, or sitemap removal"
smarthome,guide,https://smarthome.madabase.com/guides/smart-contact-sensors-vs-alternatives,Smart Contact Sensors vs. motion sensors,60,,https://smarthome.madabase.com/guides/smart-contact-sensors-buying-guide;https://smarthome.madabase.com/guides/smart-motion-sensors-buying-guide,local-template-pass;live-url-inspection-pending,duplicate-intent-review,"manual URL inspection and demand review before rewrite, merge, or sitemap removal"
smarthome,guide,https://smarthome.madabase.com/guides/smart-countertop-composters-buying-guide,Electric Countertop Composter vs Compost Bin: Which Fits?,31,,,local-template-pass;live-url-inspection-pending,demand-and-index-review,"manual URL inspection and demand review before rewrite, merge, or sitemap removal"
smarthome,guide,https://smarthome.madabase.com/guides/smart-curtain-motors-buying-guide,Smart Curtain Motors Buying Guide,60,,,local-template-pass;live-url-inspection-pending,demand-and-index-review,"manual URL inspection and demand review before rewrite, merge, or sitemap removal"
smarthome,guide,https://smarthome.madabase.com/guides/smart-curtain-motors-compatibility-and-fit-guide,Smart Curtain Motors: Compatibility and Fit Guide,60,,https://smarthome.madabase.com/guides/smart-blind-motors-compatibility-and-fit-guide,local-template-pass;live-url-inspection-pending,duplicate-intent-review,"manual URL inspection and demand review before rewrite, merge, or sitemap removal"
smarthome,guide,https://smarthome.madabase.com/guides/smart-curtain-motors-ownership-cost-and-maintenance,Smart Curtain Motors: Ownership Cost and Maintenance,60,,https://smarthome.madabase.com/guides/smart-blind-motors-ownership-cost-and-maintenance,local-template-pass;live-url-inspection-pending,duplicate-intent-review,"manual URL inspection and demand review before rewrite, merge, or sitemap removal"
smarthome,guide,https://smarthome.madabase.com/guides/smart-curtain-motors-setup-and-daily-workflow,Smart Curtain Motors: Setup and Daily Workflow,60,,https://smarthome.madabase.com/guides/smart-blind-motors-setup-and-daily-workflow,local-template-pass;live-url-inspection-pending,duplicate-intent-review,"manual URL inspection and demand review before rewrite, merge, or sitemap removal"
smarthome,guide,https://smarthome.madabase.com/guides/smart-curtain-motors-vs-alternatives,Smart Curtain Motors vs. motorized curtain tracks,60,,,local-template-pass;live-url-inspection-pending,demand-and-index-review,"manual URL inspection and demand review before rewrite, merge, or sitemap removal"
smarthome,guide,https://smarthome.madabase.com/guides/smart-dehumidifiers-buying-guide,"Smart Dehumidifier Buying Guide: Capacity, Drainage, and App Control",59,,,local-template-pass;live-url-inspection-pending,demand-and-index-review,"manual URL inspection and demand review before rewrite, merge, or sitemap removal"
smarthome,guide,https://smarthome.madabase.com/guides/smart-dimmer-switches-buying-guide,Smart Dimmer Switches Buying Guide,60,,,local-template-pass;live-url-inspection-pending,demand-and-index-review,"manual URL inspection and demand review before rewrite, merge, or sitemap removal"
smarthome,guide,https://smarthome.madabase.com/guides/smart-dimmer-switches-compatibility-and-fit-guide,Smart Dimmer Switches: Compatibility and Fit Guide,60,,https://smarthome.madabase.com/guides/smart-wall-switches-compatibility-and-fit-guide,local-template-pass;live-url-inspection-pending,duplicate-intent-review,"manual URL inspection and demand review before rewrite, merge, or sitemap removal"
smarthome,guide,https://smarthome.madabase.com/guides/smart-dimmer-switches-ownership-cost-and-maintenance,Smart Dimmer Switches: Ownership Cost and Maintenance,60,,https://smarthome.madabase.com/guides/smart-wall-switches-ownership-cost-and-maintenance,local-template-pass;live-url-inspection-pending,duplicate-intent-review,"manual URL inspection and demand review before rewrite, merge, or sitemap removal"
smarthome,guide,https://smarthome.madabase.com/guides/smart-dimmer-switches-setup-and-daily-workflow,Smart Dimmer Switches: Setup and Daily Workflow,60,,https://smarthome.madabase.com/guides/smart-wall-switches-setup-and-daily-workflow,local-template-pass;live-url-inspection-pending,duplicate-intent-review,"manual URL inspection and demand review before rewrite, merge, or sitemap removal"
smarthome,guide,https://smarthome.madabase.com/guides/smart-displays-buying-guide,Smart Display vs Smart Speaker: Which Should You Buy?,34,,,local-template-pass;live-url-inspection-pending,demand-and-index-review,"manual URL inspection and demand review before rewrite, merge, or sitemap removal"
smarthome,guide,https://smarthome.madabase.com/guides/smart-electric-kettles-buying-guide,"Smart Electric Kettle Buying Guide: Temperature, App Control, and Safe Routines",58,long-title,,local-template-pass;live-url-inspection-pending,demand-and-index-review,"manual URL inspection and demand review before rewrite, merge, or sitemap removal"
smarthome,guide,https://smarthome.madabase.com/guides/smart-ev-chargers-buying-guide,Smart EV Chargers Buying Guide,60,,,local-template-pass;live-url-inspection-pending,demand-and-index-review,"manual URL inspection and demand review before rewrite, merge, or sitemap removal"
smarthome,guide,https://smarthome.madabase.com/guides/smart-ev-chargers-compatibility-and-fit-guide,Smart EV Chargers: Compatibility and Fit Guide,60,,,local-template-pass;live-url-inspection-pending,demand-and-index-review,"manual URL inspection and demand review before rewrite, merge, or sitemap removal"
smarthome,guide,https://smarthome.madabase.com/guides/smart-ev-chargers-ownership-cost-and-maintenance,Smart EV Chargers: Ownership Cost and Maintenance,60,,https://smarthome.madabase.com/guides/smart-speakers-ownership-cost-and-maintenance,local-template-pass;live-url-inspection-pending,duplicate-intent-review,"manual URL inspection and demand review before rewrite, merge, or sitemap removal"
smarthome,guide,https://smarthome.madabase.com/guides/smart-ev-chargers-setup-and-daily-workflow,Smart EV Chargers: Setup and Daily Workflow,42,,https://smarthome.madabase.com/guides/smart-speakers-setup-and-daily-workflow,local-template-pass;live-url-inspection-pending,duplicate-intent-review,"manual URL inspection and demand review before rewrite, merge, or sitemap removal"
smarthome,guide,https://smarthome.madabase.com/guides/smart-ev-chargers-vs-alternatives,Smart EV Chargers vs. non-connected Level 2 chargers,60,,,local-template-pass;live-url-inspection-pending,demand-and-index-review,"manual URL inspection and demand review before rewrite, merge, or sitemap removal"
smarthome,guide,https://smarthome.madabase.com/guides/smart-floor-vents-buying-guide,Smart Vents vs HVAC Balancing: Which Fixes Uneven Rooms?,31,,,local-template-pass;live-url-inspection-pending,demand-and-index-review,"manual URL inspection and demand review before rewrite, merge, or sitemap removal"
smarthome,guide,https://smarthome.madabase.com/guides/smart-garage-door-controllers-buying-guide,Smart garage-door Controllers Buying Guide,60,,,local-template-pass;live-url-inspection-pending,demand-and-index-review,"manual URL inspection and demand review before rewrite, merge, or sitemap removal"
smarthome,guide,https://smarthome.madabase.com/guides/smart-glass-break-sensors-buying-guide,Glass-Break Sensor vs Window Contact: Which Should You Install?,31,,,local-template-pass;live-url-inspection-pending,demand-and-index-review,"manual URL inspection and demand review before rewrite, merge, or sitemap removal"
smarthome,guide,https://smarthome.madabase.com/guides/smart-home-sirens-buying-guide,Smart-home Sirens Buying Guide,60,,,local-template-pass;live-url-inspection-pending,demand-and-index-review,"manual URL inspection and demand review before rewrite, merge, or sitemap removal"
smarthome,guide,https://smarthome.madabase.com/guides/smart-home-sirens-compatibility-and-fit-guide,Smart-home Sirens: Compatibility and Fit Guide,60,,,local-template-pass;live-url-inspection-pending,demand-and-index-review,"manual URL inspection and demand review before rewrite, merge, or sitemap removal"
smarthome,guide,https://smarthome.madabase.com/guides/smart-home-sirens-ownership-cost-and-maintenance,Smart-home Sirens: Ownership Cost and Maintenance,60,,,local-template-pass;live-url-inspection-pending,demand-and-index-review,"manual URL inspection and demand review before rewrite, merge, or sitemap removal"
smarthome,guide,https://smarthome.madabase.com/guides/smart-home-sirens-setup-and-daily-workflow,Smart-home Sirens: Setup and Daily Workflow,60,,,local-template-pass;live-url-inspection-pending,demand-and-index-review,"manual URL inspection and demand review before rewrite, merge, or sitemap removal"
smarthome,guide,https://smarthome.madabase.com/guides/smart-home-sirens-vs-alternatives,Smart-home Sirens vs. complete monitored alarm systems,60,,,local-template-pass;live-url-inspection-pending,demand-and-index-review,"manual URL inspection and demand review before rewrite, merge, or sitemap removal"
smarthome,guide,https://smarthome.madabase.com/guides/smart-hose-faucet-timers-buying-guide,"Smart Hose Faucet Timer Buying Guide: Hub Range, Pressure, and Fail-Safe Watering",59,long-title,,local-template-pass;live-url-inspection-pending,demand-and-index-review,"manual URL inspection and demand review before rewrite, merge, or sitemap removal"
smarthome,guide,https://smarthome.madabase.com/guides/smart-humidifiers-buying-guide,"Smart Humidifier Buying Guide: Output, Hygrometer Placement, and Cleaning",58,long-title,,local-template-pass;live-url-inspection-pending,demand-and-index-review,"manual URL inspection and demand review before rewrite, merge, or sitemap removal"
smarthome,guide,https://smarthome.madabase.com/guides/smart-indoor-gardens-buying-guide,Smart Indoor Garden vs Grow Light: Which Should You Buy?,31,,,local-template-pass;live-url-inspection-pending,demand-and-index-review,"manual URL inspection and demand review before rewrite, merge, or sitemap removal"
smarthome,guide,https://smarthome.madabase.com/guides/smart-irrigation-controllers-buying-guide,Smart Irrigation Controllers Buying Guide,60,,,local-template-pass;live-url-inspection-pending,demand-and-index-review,"manual URL inspection and demand review before rewrite, merge, or sitemap removal"
smarthome,guide,https://smarthome.madabase.com/guides/smart-irrigation-controllers-compatibility-and-fit-guide,Smart Irrigation Controllers: Compatibility and Fit Guide,60,,,local-template-pass;live-url-inspection-pending,demand-and-index-review,"manual URL inspection and demand review before rewrite, merge, or sitemap removal"
smarthome,guide,https://smarthome.madabase.com/guides/smart-irrigation-controllers-ownership-cost-and-maintenance,Smart Irrigation Controllers: Ownership Cost and Maintenance,60,,,local-template-pass;live-url-inspection-pending,demand-and-index-review,"manual URL inspection and demand review before rewrite, merge, or sitemap removal"
smarthome,guide,https://smarthome.madabase.com/guides/smart-irrigation-controllers-setup-and-daily-workflow,Smart Irrigation Controllers: Setup and Daily Workflow,60,,,local-template-pass;live-url-inspection-pending,demand-and-index-review,"manual URL inspection and demand review before rewrite, merge, or sitemap removal"
smarthome,guide,https://smarthome.madabase.com/guides/smart-irrigation-controllers-vs-alternatives,Smart Irrigation Controllers vs. weather-based standalone timers,60,,,local-template-pass;live-url-inspection-pending,demand-and-index-review,"manual URL inspection and demand review before rewrite, merge, or sitemap removal"
smarthome,guide,https://smarthome.madabase.com/guides/smart-landscape-spotlights-buying-guide,Landscape Spotlight vs Floodlight: Which Beam Fits?,31,,,local-template-pass;live-url-inspection-pending,demand-and-index-review,"manual URL inspection and demand review before rewrite, merge, or sitemap removal"
smarthome,guide,https://smarthome.madabase.com/guides/smart-lever-locks-buying-guide,Smart Lever Lock vs Smart Deadbolt: Which Fits Your Door?,31,,,local-template-pass;live-url-inspection-pending,demand-and-index-review,"manual URL inspection and demand review before rewrite, merge, or sitemap removal"
smarthome,guide,https://smarthome.madabase.com/guides/smart-light-strips-buying-guide,Smart Light Strips Buying Guide,60,,,local-template-pass;live-url-inspection-pending,demand-and-index-review,"manual URL inspection and demand review before rewrite, merge, or sitemap removal"
smarthome,guide,https://smarthome.madabase.com/guides/smart-light-strips-compatibility-and-fit-guide,Smart Light Strips: Compatibility and Fit Guide,60,,https://smarthome.madabase.com/guides/smart-power-strips-compatibility-and-fit-guide,local-template-pass;live-url-inspection-pending,duplicate-intent-review,"manual URL inspection and demand review before rewrite, merge, or sitemap removal"
smarthome,guide,https://smarthome.madabase.com/guides/smart-light-strips-ownership-cost-and-maintenance,Smart Light Strips: Ownership Cost and Maintenance,60,,https://smarthome.madabase.com/guides/smart-power-strips-ownership-cost-and-maintenance,local-template-pass;live-url-inspection-pending,duplicate-intent-review,"manual URL inspection and demand review before rewrite, merge, or sitemap removal"
smarthome,guide,https://smarthome.madabase.com/guides/smart-light-strips-setup-and-daily-workflow,Smart Light Strips: Setup and Daily Workflow,60,,https://smarthome.madabase.com/guides/smart-power-strips-setup-and-daily-workflow,local-template-pass;live-url-inspection-pending,duplicate-intent-review,"manual URL inspection and demand review before rewrite, merge, or sitemap removal"
smarthome,guide,https://smarthome.madabase.com/guides/smart-light-strips-vs-alternatives,Smart Light Strips vs. smart bulbs or fixed accent lighting,60,,,local-template-pass;live-url-inspection-pending,demand-and-index-review,"manual URL inspection and demand review before rewrite, merge, or sitemap removal"
smarthome,guide,https://smarthome.madabase.com/guides/smart-lock-wifi-vs-matter-thread-guide,Smart Lock Wi-Fi vs. Matter over Thread,99,,,local-template-pass;live-url-inspection-pending,demand-and-index-review,"manual URL inspection and demand review before rewrite, merge, or sitemap removal"
smarthome,guide,https://smarthome.madabase.com/guides/smart-motion-sensors-buying-guide,Smart Motion Sensors Buying Guide,60,,https://smarthome.madabase.com/guides/smart-contact-sensors-vs-alternatives;https://smarthome.madabase.com/guides/smart-motion-sensors-vs-alternatives,local-template-pass;live-url-inspection-pending,duplicate-intent-review,"manual URL inspection and demand review before rewrite, merge, or sitemap removal"
smarthome,guide,https://smarthome.madabase.com/guides/smart-motion-sensors-compatibility-and-fit-guide,Smart Motion Sensors: Compatibility and Fit Guide,60,,https://smarthome.madabase.com/guides/smart-contact-sensors-compatibility-and-fit-guide,local-template-pass;live-url-inspection-pending,duplicate-intent-review,"manual URL inspection and demand review before rewrite, merge, or sitemap removal"
smarthome,guide,https://smarthome.madabase.com/guides/smart-motion-sensors-ownership-cost-and-maintenance,Smart Motion Sensors: Ownership Cost and Maintenance,60,,https://smarthome.madabase.com/guides/smart-contact-sensors-ownership-cost-and-maintenance,local-template-pass;live-url-inspection-pending,duplicate-intent-review,"manual URL inspection and demand review before rewrite, merge, or sitemap removal"
smarthome,guide,https://smarthome.madabase.com/guides/smart-motion-sensors-setup-and-daily-workflow,Smart Motion Sensors: Setup and Daily Workflow,60,,https://smarthome.madabase.com/guides/smart-contact-sensors-setup-and-daily-workflow,local-template-pass;live-url-inspection-pending,duplicate-intent-review,"manual URL inspection and demand review before rewrite, merge, or sitemap removal"
smarthome,guide,https://smarthome.madabase.com/guides/smart-motion-sensors-vs-alternatives,Smart Motion Sensors vs. presence sensors,60,,https://smarthome.madabase.com/guides/smart-motion-sensors-buying-guide,local-template-pass;live-url-inspection-pending,duplicate-intent-review,"manual URL inspection and demand review before rewrite, merge, or sitemap removal"
smarthome,guide,https://smarthome.madabase.com/guides/smart-pathway-lights-buying-guide,Solar vs Low-Voltage Path Lights: Which Setup Is Better?,31,,,local-template-pass;live-url-inspection-pending,demand-and-index-review,"manual URL inspection and demand review before rewrite, merge, or sitemap removal"
smarthome,guide,https://smarthome.madabase.com/guides/smart-pool-thermometers-buying-guide,Smart vs Floating Pool Thermometer: Is Remote Data Worth It?,31,,,local-template-pass;live-url-inspection-pending,demand-and-index-review,"manual URL inspection and demand review before rewrite, merge, or sitemap removal"
smarthome,guide,https://smarthome.madabase.com/guides/smart-power-strips-buying-guide,Smart Power Strips Buying Guide,60,,,local-template-pass;live-url-inspection-pending,demand-and-index-review,"manual URL inspection and demand review before rewrite, merge, or sitemap removal"
smarthome,guide,https://smarthome.madabase.com/guides/smart-power-strips-compatibility-and-fit-guide,Smart Power Strips: Compatibility and Fit Guide,60,,https://smarthome.madabase.com/guides/smart-light-strips-compatibility-and-fit-guide,local-template-pass;live-url-inspection-pending,duplicate-intent-review,"manual URL inspection and demand review before rewrite, merge, or sitemap removal"
smarthome,guide,https://smarthome.madabase.com/guides/smart-power-strips-ownership-cost-and-maintenance,Smart Power Strips: Ownership Cost and Maintenance,60,,https://smarthome.madabase.com/guides/smart-light-strips-ownership-cost-and-maintenance,local-template-pass;live-url-inspection-pending,duplicate-intent-review,"manual URL inspection and demand review before rewrite, merge, or sitemap removal"
smarthome,guide,https://smarthome.madabase.com/guides/smart-power-strips-setup-and-daily-workflow,Smart Power Strips: Setup and Daily Workflow,60,,https://smarthome.madabase.com/guides/smart-light-strips-setup-and-daily-workflow,local-template-pass;live-url-inspection-pending,duplicate-intent-review,"manual URL inspection and demand review before rewrite, merge, or sitemap removal"
smarthome,guide,https://smarthome.madabase.com/guides/smart-power-strips-vs-alternatives,Smart Power Strip vs Smart Plug: Which Is Better?,34,,,local-template-pass;live-url-inspection-pending,demand-and-index-review,"manual URL inspection and demand review before rewrite, merge, or sitemap removal"
smarthome,guide,https://smarthome.madabase.com/guides/smart-propane-tank-monitors-buying-guide,Smart Propane Monitor vs Manual Gauge: Which Should You Use?,31,,,local-template-pass;live-url-inspection-pending,demand-and-index-review,"manual URL inspection and demand review before rewrite, merge, or sitemap removal"
smarthome,guide,https://smarthome.madabase.com/guides/smart-radiator-valves-buying-guide,Smart Radiator Valve vs Smart Thermostat: Which Comes First?,31,,,local-template-pass;live-url-inspection-pending,demand-and-index-review,"manual URL inspection and demand review before rewrite, merge, or sitemap removal"
smarthome,guide,https://smarthome.madabase.com/guides/smart-recessed-lights-buying-guide,"Smart recessed lights Buying Guide: Fit, Local Control, and Safety",56,,https://smarthome.madabase.com/guides/smart-under-cabinet-lights-buying-guide,local-template-pass;live-url-inspection-pending,duplicate-intent-review,"manual URL inspection and demand review before rewrite, merge, or sitemap removal"
smarthome,guide,https://smarthome.madabase.com/guides/smart-scene-buttons-buying-guide,Smart Scene Buttons Buying Guide,60,,,local-template-pass;live-url-inspection-pending,demand-and-index-review,"manual URL inspection and demand review before rewrite, merge, or sitemap removal"
smarthome,guide,https://smarthome.madabase.com/guides/smart-scene-buttons-compatibility-and-fit-guide,Smart Scene Buttons: Compatibility and Fit Guide,60,,,local-template-pass;live-url-inspection-pending,demand-and-index-review,"manual URL inspection and demand review before rewrite, merge, or sitemap removal"
smarthome,guide,https://smarthome.madabase.com/guides/smart-scene-buttons-ownership-cost-and-maintenance,Smart Scene Buttons: Ownership Cost and Maintenance,60,,,local-template-pass;live-url-inspection-pending,demand-and-index-review,"manual URL inspection and demand review before rewrite, merge, or sitemap removal"
smarthome,guide,https://smarthome.madabase.com/guides/smart-scene-buttons-setup-and-daily-workflow,Smart Scene Buttons: Setup and Daily Workflow,60,,,local-template-pass;live-url-inspection-pending,demand-and-index-review,"manual URL inspection and demand review before rewrite, merge, or sitemap removal"
smarthome,guide,https://smarthome.madabase.com/guides/smart-scene-buttons-vs-alternatives,Smart Scene Buttons vs. app and voice controls,60,,,local-template-pass;live-url-inspection-pending,demand-and-index-review,"manual URL inspection and demand review before rewrite, merge, or sitemap removal"
smarthome,guide,https://smarthome.madabase.com/guides/smart-slow-cookers-buying-guide,Smart vs Programmable Slow Cooker: Is Wi-Fi Worth It?,31,,,local-template-pass;live-url-inspection-pending,demand-and-index-review,"manual URL inspection and demand review before rewrite, merge, or sitemap removal"
smarthome,guide,https://smarthome.madabase.com/guides/smart-smoke-co-listeners-buying-guide,Smart Smoke and CO Listeners Buying Guide,60,,,local-template-pass;live-url-inspection-pending,demand-and-index-review,"manual URL inspection and demand review before rewrite, merge, or sitemap removal"
smarthome,guide,https://smarthome.madabase.com/guides/smart-sous-vide-cookers-buying-guide,Smart vs Local-Control Sous Vide: Do You Need the App?,31,,,local-template-pass;live-url-inspection-pending,demand-and-index-review,"manual URL inspection and demand review before rewrite, merge, or sitemap removal"
smarthome,guide,https://smarthome.madabase.com/guides/smart-space-heaters-buying-guide,Smart vs Standard Space Heater: Is Wi-Fi Worth It?,31,,,local-template-pass;live-url-inspection-pending,demand-and-index-review,"manual URL inspection and demand review before rewrite, merge, or sitemap removal"
smarthome,guide,https://smarthome.madabase.com/guides/smart-speakers-buying-guide,Smart Speakers Buying Guide,60,weak-title,https://smarthome.madabase.com/guides/smart-speakers-vs-alternatives,local-content-gap;live-url-inspection-pending,duplicate-intent-review,"manual URL inspection and demand review before rewrite, merge, or sitemap removal"
smarthome,guide,https://smarthome.madabase.com/guides/smart-speakers-compatibility-and-fit-guide,Smart Speakers: Compatibility and Fit Guide,60,,,local-template-pass;live-url-inspection-pending,demand-and-index-review,"manual URL inspection and demand review before rewrite, merge, or sitemap removal"
smarthome,guide,https://smarthome.madabase.com/guides/smart-speakers-ownership-cost-and-maintenance,Smart Speakers: Ownership Cost and Maintenance,60,,https://smarthome.madabase.com/guides/smart-ev-chargers-ownership-cost-and-maintenance,local-template-pass;live-url-inspection-pending,duplicate-intent-review,"manual URL inspection and demand review before rewrite, merge, or sitemap removal"
smarthome,guide,https://smarthome.madabase.com/guides/smart-speakers-setup-and-daily-workflow,Smart Speakers: Setup and Daily Workflow,60,,https://smarthome.madabase.com/guides/smart-ev-chargers-setup-and-daily-workflow,local-template-pass;live-url-inspection-pending,duplicate-intent-review,"manual URL inspection and demand review before rewrite, merge, or sitemap removal"
smarthome,guide,https://smarthome.madabase.com/guides/smart-speakers-vs-alternatives,Smart Speakers vs. smart displays,60,,https://smarthome.madabase.com/guides/smart-speakers-buying-guide,local-template-pass;live-url-inspection-pending,duplicate-intent-review,"manual URL inspection and demand review before rewrite, merge, or sitemap removal"
smarthome,guide,https://smarthome.madabase.com/guides/smart-sump-pump-monitors-buying-guide,Sump Pump Monitor vs High-Water Alarm: Which Do You Need?,31,,,local-template-pass;live-url-inspection-pending,demand-and-index-review,"manual URL inspection and demand review before rewrite, merge, or sitemap removal"
smarthome,guide,https://smarthome.madabase.com/guides/smart-table-lamps-buying-guide,Smart Lamp vs Smart Bulb: Which Is the Better Upgrade?,31,,,local-template-pass;live-url-inspection-pending,demand-and-index-review,"manual URL inspection and demand review before rewrite, merge, or sitemap removal"
smarthome,guide,https://smarthome.madabase.com/guides/smart-tower-fans-buying-guide,"Smart Tower Fan Buying Guide: Airflow, Noise, Oscillation, and App Control",58,long-title,,local-template-pass;live-url-inspection-pending,demand-and-index-review,"manual URL inspection and demand review before rewrite, merge, or sitemap removal"
smarthome,guide,https://smarthome.madabase.com/guides/smart-under-cabinet-lights-buying-guide,"Smart under-cabinet lights Buying Guide: Fit, Local Control, and Safety",56,,https://smarthome.madabase.com/guides/smart-recessed-lights-buying-guide,local-template-pass;live-url-inspection-pending,duplicate-intent-review,"manual URL inspection and demand review before rewrite, merge, or sitemap removal"
smarthome,guide,https://smarthome.madabase.com/guides/smart-vibration-sensors-buying-guide,Vibration Sensor vs Contact Sensor: Which Detects the Right Event?,31,,,local-template-pass;live-url-inspection-pending,demand-and-index-review,"manual URL inspection and demand review before rewrite, merge, or sitemap removal"
smarthome,guide,https://smarthome.madabase.com/guides/smart-wall-control-panels-buying-guide,Wall Control Panel vs Mounted Tablet: Which Is Better?,31,,,local-template-pass;live-url-inspection-pending,demand-and-index-review,"manual URL inspection and demand review before rewrite, merge, or sitemap removal"
smarthome,guide,https://smarthome.madabase.com/guides/smart-wall-switches-buying-guide,Smart Wall Switches Buying Guide,60,,https://smarthome.madabase.com/guides/smart-wall-switches-vs-alternatives,local-template-pass;live-url-inspection-pending,duplicate-intent-review,"manual URL inspection and demand review before rewrite, merge, or sitemap removal"
smarthome,guide,https://smarthome.madabase.com/guides/smart-wall-switches-compatibility-and-fit-guide,Smart Wall Switches: Compatibility and Fit Guide,60,,https://smarthome.madabase.com/guides/smart-dimmer-switches-compatibility-and-fit-guide,local-template-pass;live-url-inspection-pending,duplicate-intent-review,"manual URL inspection and demand review before rewrite, merge, or sitemap removal"
smarthome,guide,https://smarthome.madabase.com/guides/smart-wall-switches-ownership-cost-and-maintenance,Smart Wall Switches: Ownership Cost and Maintenance,60,,https://smarthome.madabase.com/guides/smart-dimmer-switches-ownership-cost-and-maintenance,local-template-pass;live-url-inspection-pending,duplicate-intent-review,"manual URL inspection and demand review before rewrite, merge, or sitemap removal"
smarthome,guide,https://smarthome.madabase.com/guides/smart-wall-switches-setup-and-daily-workflow,Smart Wall Switches: Setup and Daily Workflow,60,,https://smarthome.madabase.com/guides/smart-dimmer-switches-setup-and-daily-workflow,local-template-pass;live-url-inspection-pending,duplicate-intent-review,"manual URL inspection and demand review before rewrite, merge, or sitemap removal"
smarthome,guide,https://smarthome.madabase.com/guides/smart-wall-switches-vs-alternatives,Smart Wall Switches vs. smart bulbs,60,,https://smarthome.madabase.com/guides/smart-wall-switches-buying-guide,local-template-pass;live-url-inspection-pending,duplicate-intent-review,"manual URL inspection and demand review before rewrite, merge, or sitemap removal"
smarthome,guide,https://smarthome.madabase.com/guides/smart-water-shutoff-valve-fit-checklist,Smart Water Shutoff Valve Fit Checklist,78,,,local-template-pass;live-url-inspection-pending,demand-and-index-review,"manual URL inspection and demand review before rewrite, merge, or sitemap removal"
smarthome,guide,https://smarthome.madabase.com/guides/smart-water-shutoff-valves-buying-guide,Smart Water Shutoff Valves Buying Guide,60,,https://smarthome.madabase.com/guides/smart-water-shutoff-valves-compatibility-and-fit-guide,local-template-pass;live-url-inspection-pending,duplicate-intent-review,"manual URL inspection and demand review before rewrite, merge, or sitemap removal"
smarthome,guide,https://smarthome.madabase.com/guides/smart-water-shutoff-valves-compatibility-and-fit-guide,Smart Water Shutoff Valves: Compatibility and Fit Guide,60,,https://smarthome.madabase.com/guides/smart-water-shutoff-valves-buying-guide,local-template-pass;live-url-inspection-pending,duplicate-intent-review,"manual URL inspection and demand review before rewrite, merge, or sitemap removal"
smarthome,guide,https://smarthome.madabase.com/guides/smart-water-shutoff-valves-ownership-cost-and-maintenance,Smart Water Shutoff Valves: Ownership Cost and Maintenance,60,,,local-template-pass;live-url-inspection-pending,demand-and-index-review,"manual URL inspection and demand review before rewrite, merge, or sitemap removal"
smarthome,guide,https://smarthome.madabase.com/guides/smart-water-shutoff-valves-setup-and-daily-workflow,Smart Water Shutoff Valves: Setup and Daily Workflow,60,,,local-template-pass;live-url-inspection-pending,demand-and-index-review,"manual URL inspection and demand review before rewrite, merge, or sitemap removal"
smarthome,guide,https://smarthome.madabase.com/guides/smart-water-shutoff-valves-vs-alternatives,Water Shutoff Valve vs Leak Sensor: Which Protects More?,34,,,local-template-pass;live-url-inspection-pending,demand-and-index-review,"manual URL inspection and demand review before rewrite, merge, or sitemap removal"
smarthome,guide,https://smarthome.madabase.com/guides/smart-window-air-conditioners-buying-guide,"Smart Window Air Conditioner Buying Guide: Fit, Electrical Load, Noise, and App Value",59,long-title,,local-template-pass;live-url-inspection-pending,demand-and-index-review,"manual URL inspection and demand review before rewrite, merge, or sitemap removal"
smarthome,guide,https://smarthome.madabase.com/guides/tapo-p110m-aqara-hub-m3-pairing,Pair Tapo P110M with Aqara Hub M3: Matter Checklist,84,,,local-template-pass;live-url-inspection-pending,demand-and-index-review,"manual URL inspection and demand review before rewrite, merge, or sitemap removal"
smarthome,guide,https://smarthome.madabase.com/guides/tapo-p110m-home-assistant-energy-monitoring,Tapo P110M Home Assistant Setup: Energy Monitoring,56,,,local-template-pass;live-url-inspection-pending,demand-and-index-review,"manual URL inspection and demand review before rewrite, merge, or sitemap removal"
smarthome,guide,https://smarthome.madabase.com/guides/tapo-p110m-matter-vs-tapo-integration,Tapo P110M: Matter vs. Tapo Integration,84,,,local-template-pass;live-url-inspection-pending,demand-and-index-review,"manual URL inspection and demand review before rewrite, merge, or sitemap removal"
smarthome,guide,https://smarthome.madabase.com/guides/tapo-p125m-vs-p110m,Tapo P110M vs P125M: Energy Monitoring or Matter?,77,,https://smarthome.madabase.com/reviews/tapo-p125m-matter-smart-plug,local-template-pass;live-url-inspection-pending,duplicate-intent-review,"manual URL inspection and demand review before rewrite, merge, or sitemap removal"
smarthome,guide,https://smarthome.madabase.com/guides/temperature-humidity-sensors-buying-guide,Temperature and Humidity Sensors Buying Guide,60,,,local-template-pass;live-url-inspection-pending,demand-and-index-review,"manual URL inspection and demand review before rewrite, merge, or sitemap removal"
smarthome,guide,https://smarthome.madabase.com/guides/temperature-humidity-sensors-compatibility-and-fit-guide,Temperature and Humidity Sensors: Compatibility and Fit Guide,60,,,local-template-pass;live-url-inspection-pending,demand-and-index-review,"manual URL inspection and demand review before rewrite, merge, or sitemap removal"
smarthome,guide,https://smarthome.madabase.com/guides/temperature-humidity-sensors-ownership-cost-and-maintenance,Temperature and Humidity Sensors: Ownership Cost and Maintenance,60,,,local-template-pass;live-url-inspection-pending,demand-and-index-review,"manual URL inspection and demand review before rewrite, merge, or sitemap removal"
smarthome,guide,https://smarthome.madabase.com/guides/temperature-humidity-sensors-setup-and-daily-workflow,Temperature and Humidity Sensors: Setup and Daily Workflow,60,,,local-template-pass;live-url-inspection-pending,demand-and-index-review,"manual URL inspection and demand review before rewrite, merge, or sitemap removal"
smarthome,guide,https://smarthome.madabase.com/guides/temperature-humidity-sensors-vs-alternatives,Temperature and Humidity Sensors vs. thermostat room sensors,60,,,local-template-pass;live-url-inspection-pending,demand-and-index-review,"manual URL inspection and demand review before rewrite, merge, or sitemap removal"
smarthome,guide,https://smarthome.madabase.com/guides/video-doorbell-battery-storage-subscription-guide,"Video Doorbell Guide: Battery, Local Storage & Subscription Costs",100,,,local-template-pass;live-url-inspection-pending,demand-and-index-review,"manual URL inspection and demand review before rewrite, merge, or sitemap removal"
smarthome,guide,https://smarthome.madabase.com/guides/water-leak-sensor-placement-guide,Water Leak Sensor Placement Guide,78,,,local-template-pass;live-url-inspection-pending,demand-and-index-review,"manual URL inspection and demand review before rewrite, merge, or sitemap removal"
smarthome,guide,https://smarthome.madabase.com/guides/whole-home-energy-monitors-buying-guide,Whole-home Energy Monitors Buying Guide,60,,https://smarthome.madabase.com/guides/whole-home-energy-monitors-compatibility-and-fit-guide,local-template-pass;live-url-inspection-pending,duplicate-intent-review,"manual URL inspection and demand review before rewrite, merge, or sitemap removal"
smarthome,guide,https://smarthome.madabase.com/guides/whole-home-energy-monitors-compatibility-and-fit-guide,Whole-home Energy Monitors: Compatibility and Fit Guide,60,,https://smarthome.madabase.com/guides/whole-home-energy-monitors-buying-guide,local-template-pass;live-url-inspection-pending,duplicate-intent-review,"manual URL inspection and demand review before rewrite, merge, or sitemap removal"
smarthome,guide,https://smarthome.madabase.com/guides/whole-home-energy-monitors-ownership-cost-and-maintenance,Whole-home Energy Monitors: Ownership Cost and Maintenance,60,,,local-template-pass;live-url-inspection-pending,demand-and-index-review,"manual URL inspection and demand review before rewrite, merge, or sitemap removal"
smarthome,guide,https://smarthome.madabase.com/guides/whole-home-energy-monitors-setup-and-daily-workflow,Whole-home Energy Monitors: Setup and Daily Workflow,60,,,local-template-pass;live-url-inspection-pending,demand-and-index-review,"manual URL inspection and demand review before rewrite, merge, or sitemap removal"
smarthome,guide,https://smarthome.madabase.com/guides/whole-home-energy-monitors-vs-alternatives,Whole-Home Energy Monitor vs Smart Plug: Which Is Better?,34,,,local-template-pass;live-url-inspection-pending,demand-and-index-review,"manual URL inspection and demand review before rewrite, merge, or sitemap removal"
smarthome,guide,https://smarthome.madabase.com/guides/wifi-vs-zigbee-vs-lora-water-leak-sensor-guide,Wi-Fi vs Zigbee vs LoRa Water Leak Sensors,63,,,local-template-pass;live-url-inspection-pending,demand-and-index-review,"manual URL inspection and demand review before rewrite, merge, or sitemap removal"
smarthome,product,https://smarthome.madabase.com/reviews/aqara-door-and-window-sensor-p2,"Aqara P2 Guide: Matter over Thread, Hub Requirements & Battery",77,implicit-evidence-mode,,local-template-pass;live-url-inspection-pending,repair-content-integrity,"repair evidence, exact-product sources, and version checks before live inspection"
smarthome,product,https://smarthome.madabase.com/reviews/aqara-presence-sensor-fp2,"Aqara FP2 Guide: Zones, Wi-Fi, Wiring & FP300",61,,,local-template-pass;live-url-inspection-pending,demand-and-index-review,"manual URL inspection and demand review before rewrite, merge, or sitemap removal"
smarthome,product,https://smarthome.madabase.com/reviews/aqara-valve-controller-t1,"Aqara Valve Controller T1 Guide: Fit, Hub and Leak Automation",63,,,local-template-pass;live-url-inspection-pending,demand-and-index-review,"manual URL inspection and demand review before rewrite, merge, or sitemap removal"
smarthome,product,https://smarthome.madabase.com/reviews/aqara-water-leak-sensor-3-pack-hub-kit,Aqara Water Leak Sensor 3 Pack Hub Kit: Buying Guide,91,implicit-evidence-mode,,local-template-pass;live-url-inspection-pending,repair-content-integrity,"repair evidence, exact-product sources, and version checks before live inspection"
smarthome,product,https://smarthome.madabase.com/reviews/ecobee-smart-thermostat-premium,"ecobee Smart Thermostat Premium Guide: Wiring, Sensors & Bundle",100,implicit-evidence-mode,,local-template-pass;live-url-inspection-pending,repair-content-integrity,"repair evidence, exact-product sources, and version checks before live inspection"
smarthome,product,https://smarthome.madabase.com/reviews/emporia-vue-3-home-energy-monitor,"Emporia Vue 3 Guide: Panel Fit, Cloud & Offline Data",61,,,local-template-pass;live-url-inspection-pending,demand-and-index-review,"manual URL inspection and demand review before rewrite, merge, or sitemap removal"
smarthome,product,https://smarthome.madabase.com/reviews/eufy-video-doorbell-e340,"eufy E340 Guide: Dual Cameras, Local Storage & No Plan",77,implicit-evidence-mode,,local-template-pass;live-url-inspection-pending,repair-content-integrity,"repair evidence, exact-product sources, and version checks before live inspection"
smarthome,product,https://smarthome.madabase.com/reviews/govee-wifi-water-leak-detector-3-pack,Govee WiFi Water Leak Detector 3 Pack Guide,91,implicit-evidence-mode,,local-template-pass;live-url-inspection-pending,repair-content-integrity,"repair evidence, exact-product sources, and version checks before live inspection"
smarthome,product,https://smarthome.madabase.com/reviews/meross-msg100-homekit-garage-door-opener,"Meross MSG100 Guide: Compatibility, Hub & Offline Use",61,,,local-template-pass;live-url-inspection-pending,demand-and-index-review,"manual URL inspection and demand review before rewrite, merge, or sitemap removal"
smarthome,product,https://smarthome.madabase.com/reviews/moen-flo-900-001-smart-water-shutoff,Moen Flo 900-001 Guide: 3/4-Inch Fit and Install,63,,,local-template-pass;live-url-inspection-pending,demand-and-index-review,"manual URL inspection and demand review before rewrite, merge, or sitemap removal"
smarthome,product,https://smarthome.madabase.com/reviews/ring-battery-doorbell-plus-2nd-gen,Ring Battery Doorbell Plus 2nd Gen Guide: 2K Video & Subscription,84,implicit-evidence-mode,,local-template-pass;live-url-inspection-pending,repair-content-integrity,"repair evidence, exact-product sources, and version checks before live inspection"
smarthome,product,https://smarthome.madabase.com/reviews/switchbot-blind-tilt,"SwitchBot Blind Tilt Guide: Hub, Matter & Offline Use",61,,,local-template-pass;live-url-inspection-pending,demand-and-index-review,"manual URL inspection and demand review before rewrite, merge, or sitemap removal"
smarthome,product,https://smarthome.madabase.com/reviews/tapo-d210-video-doorbell,"Tapo D210 Guide: 2K Doorbell, Local Storage & Battery",72,implicit-evidence-mode,,local-template-pass;live-url-inspection-pending,repair-content-integrity,"repair evidence, exact-product sources, and version checks before live inspection"
smarthome,product,https://smarthome.madabase.com/reviews/tapo-s505d-matter-smart-dimmer,"Tapo S505D Guide: Matter Dimmer, Neutral Wire & Bulb Fit",48,,,local-template-pass;live-url-inspection-pending,demand-and-index-review,"manual URL inspection and demand review before rewrite, merge, or sitemap removal"
smarthome,product,https://smarthome.madabase.com/reviews/x-sense-sws0a41-water-leak-detector-kit,X-Sense SWS0A41 Water Leak Detector Kit Guide,72,implicit-evidence-mode,,local-template-pass;live-url-inspection-pending,repair-content-integrity,"repair evidence, exact-product sources, and version checks before live inspection"
smarthome,product,https://smarthome.madabase.com/reviews/yolink-lora-water-alarm-bundle,YoLink LoRa Smart Water Alarm Bundle Guide,91,implicit-evidence-mode,,local-template-pass;live-url-inspection-pending,repair-content-integrity,"repair evidence, exact-product sources, and version checks before live inspection"
style,roundup,https://style.madabase.com/best/best-betsey-johnson-mismatched-earrings,Betsey Johnson Mismatched Earrings: Celestial or Cupcake?,93,,,local-template-pass;live-url-inspection-pending,maintenance-hold,day-30 portfolio review
style,roundup,https://style.madabase.com/best/best-funny-socks-for-colorful-outfits,Funny Socks That Still Fit the Shoe,93,,,local-template-pass;live-url-inspection-pending,maintenance-hold,day-30 portfolio review
style,roundup,https://style.madabase.com/best/best-loungefly-mini-backpacks-by-outfit,Loungefly Mini Backpacks by Outfit,14,,,local-template-pass;live-url-inspection-pending,maintenance-hold,day-30 portfolio review
style,roundup,https://style.madabase.com/best/best-playful-hair-accessories,Playful Hair Accessories by Hair Volume,93,,,local-template-pass;live-url-inspection-pending,maintenance-hold,day-30 portfolio review
style,roundup,https://style.madabase.com/best/best-scarves-for-outfit-color,Scarves for Adding One Useful Color,93,,,local-template-pass;live-url-inspection-pending,maintenance-hold,day-30 portfolio review
style,roundup,https://style.madabase.com/best/best-statement-accessories-for-one-focal-point,Statement Accessories for a One-Focal-Point Outfit,93,,,local-template-pass;live-url-inspection-pending,maintenance-hold,day-30 portfolio review
style,roundup,https://style.madabase.com/best/best-weird-earrings-that-are-still-wearable,Weird Earrings That Are Still Wearable,14,,,local-template-pass;live-url-inspection-pending,maintenance-hold,day-30 portfolio review
style,roundup,https://style.madabase.com/best/loungefly-minnie-bow-vs-rock-the-dots-backpack,Loungefly Minnie Bow vs Rock the Dots Mini Backpack,14,,https://style.madabase.com/reviews/loungefly-minnie-floral-rock-the-dots-backpack;https://style.madabase.com/reviews/loungefly-minnie-rock-the-dots-backpack,local-template-pass;live-url-inspection-pending,maintenance-hold,day-30 portfolio review
style,guide,https://style.madabase.com/guides/how-to-style-novelty-accessories-without-looking-costumey,How to Style Novelty Accessories Without Looking Costumey,95,,,local-template-pass;live-url-inspection-pending,maintenance-hold,day-30 portfolio review
style,guide,https://style.madabase.com/guides/loungefly-faux-leather-rain-and-care-guide,"Loungefly Faux-Leather Care, Rain & Storage Guide",84,,,local-template-pass;live-url-inspection-pending,maintenance-hold,day-30 portfolio review
style,guide,https://style.madabase.com/guides/loungefly-mini-backpack-vs-full-size-for-park-day,Loungefly Mini Backpack vs. Full-Size Bag for a Park Day,84,,,local-template-pass;live-url-inspection-pending,maintenance-hold,day-30 portfolio review
style,guide,https://style.madabase.com/guides/mini-backpack-capacity-measurement-guide,Will a Mini Backpack Fit Your Day? A Measurement Guide,95,,,local-template-pass;live-url-inspection-pending,maintenance-hold,day-30 portfolio review
style,guide,https://style.madabase.com/guides/statement-earring-size-weight-closure-guide,"Statement Earring Size, Weight & Closure Guide",95,,,local-template-pass;live-url-inspection-pending,maintenance-hold,day-30 portfolio review
style,product,https://style.madabase.com/reviews/artistic-face-drop-earrings,"Artistic Face Drop Earrings Guide: Size, Materials & Outfit Fit",95,,,local-template-pass;live-url-inspection-pending,maintenance-hold,day-30 portfolio review
style,product,https://style.madabase.com/reviews/aufeel-small-mulberry-silk-scarf,Aufeel Mulberry Silk Small Square Scarf Buying Guide,94,,,local-template-pass;live-url-inspection-pending,maintenance-hold,day-30 portfolio review
style,product,https://style.madabase.com/reviews/betsey-johnson-backyard-frog-earrings,Betsey Johnson Backyard Frog Dangle Earrings Buying Guide,95,,,local-template-pass;live-url-inspection-pending,maintenance-hold,day-30 portfolio review
style,product,https://style.madabase.com/reviews/betsey-johnson-bee-stud-earrings,"Betsey Johnson Bee Stud Earrings Guide: Size, Materials & Outfit Fit",94,,,local-template-pass;live-url-inspection-pending,maintenance-hold,day-30 portfolio review
style,product,https://style.madabase.com/reviews/betsey-johnson-boho-butterfly-earrings,Betsey Johnson Boho Butterfly Gem Earrings Buying Guide,94,,,local-template-pass;live-url-inspection-pending,maintenance-hold,day-30 portfolio review
style,product,https://style.madabase.com/reviews/betsey-johnson-chocolate-strawberry-earrings,Betsey Johnson Love Spell Chocolate Strawberry Earrings Buying Guide,94,,,local-template-pass;live-url-inspection-pending,maintenance-hold,day-30 portfolio review
style,product,https://style.madabase.com/reviews/betsey-johnson-cup-dangle-earrings,Betsey Johnson BJ Cup Dangle Earrings Buying Guide,94,,,local-template-pass;live-url-inspection-pending,maintenance-hold,day-30 portfolio review
style,product,https://style.madabase.com/reviews/betsey-johnson-cupcake-mismatch-earrings,Betsey Johnson Cupcake Mismatch Earrings: Fit & Styling Notes,77,implicit-evidence-mode,,local-template-pass;live-url-inspection-pending,maintenance-hold,day-30 portfolio review
style,product,https://style.madabase.com/reviews/betsey-johnson-football-mismatch-earrings,Betsey Johnson Kick Off Football Mismatch Earrings Buying Guide,94,,,local-template-pass;live-url-inspection-pending,maintenance-hold,day-30 portfolio review
style,product,https://style.madabase.com/reviews/betsey-johnson-lucky-charm-earrings,"Betsey Johnson Lucky Charm Earrings Guide: Size, Materials & Outfit Fit",95,,,local-template-pass;live-url-inspection-pending,maintenance-hold,day-30 portfolio review
style,product,https://style.madabase.com/reviews/betsey-johnson-moon-star-drop-earrings,"Betsey Johnson Moon & Star Earrings: Size, Materials & Styling",14,implicit-evidence-mode,,local-template-pass;live-url-inspection-pending,maintenance-hold,day-30 portfolio review
style,product,https://style.madabase.com/reviews/betsey-johnson-pencil-mismatch-earrings,Betsey Johnson Pencil Mismatch Linear Earrings Buying Guide,94,,,local-template-pass;live-url-inspection-pending,maintenance-hold,day-30 portfolio review
style,product,https://style.madabase.com/reviews/betsey-johnson-pink-sugar-skull-earrings,Betsey Johnson Floral Pink Sugar Skull Earrings Buying Guide,94,,,local-template-pass;live-url-inspection-pending,maintenance-hold,day-30 portfolio review
style,product,https://style.madabase.com/reviews/betsey-johnson-pumpkin-spice-earrings,Betsey Johnson Pumpkin Spice Mismatch Earrings Buying Guide,94,,,local-template-pass;live-url-inspection-pending,maintenance-hold,day-30 portfolio review
style,product,https://style.madabase.com/reviews/betsey-johnson-starfish-earrings,Betsey Johnson Mermaid Jewels Starfish Earrings Buying Guide,94,,,local-template-pass;live-url-inspection-pending,maintenance-hold,day-30 portfolio review
style,product,https://style.madabase.com/reviews/betsey-johnson-straight-as-charm-earrings,Betsey Johnson Straight A's Charm Huggie Earrings Buying Guide,94,,,local-template-pass;live-url-inspection-pending,maintenance-hold,day-30 portfolio review
style,product,https://style.madabase.com/reviews/camila-paris-green-french-hair-clip,Camila Paris Large Green French Hair Clip Buying Guide,94,,,local-template-pass;live-url-inspection-pending,maintenance-hold,day-30 portfolio review
style,product,https://style.madabase.com/reviews/chill-pill-hair-claw-clip,"Chill Pill Hair Claw Clip Guide: Size, Materials & Outfit Fit",94,,,local-template-pass;live-url-inspection-pending,maintenance-hold,day-30 portfolio review
style,product,https://style.madabase.com/reviews/glcmxmart-food-animal-fun-socks,"GLCMXMART Food and Animal Fun Socks Guide: Size, Materials & Outfit Fit",94,,,local-template-pass;live-url-inspection-pending,maintenance-hold,day-30 portfolio review
style,product,https://style.madabase.com/reviews/jasmine-rhinestone-tassel-hair-claw,Jasmine Flower Rhinestone Tassel Hair Claw Buying Guide,94,,,local-template-pass;live-url-inspection-pending,maintenance-hold,day-30 portfolio review
style,product,https://style.madabase.com/reviews/jeasona-cute-cat-socks,"Jeasona Cute Cat Socks Guide: Size, Materials & Outfit Fit",94,,,local-template-pass;live-url-inspection-pending,maintenance-hold,day-30 portfolio review
style,product,https://style.madabase.com/reviews/jspupifip-fruit-ankle-socks,"Jspupifip Fruit Ankle Socks Guide: Size, Materials & Outfit Fit",94,,,local-template-pass;live-url-inspection-pending,maintenance-hold,day-30 portfolio review
style,product,https://style.madabase.com/reviews/large-mulberry-silk-long-scarf,"Large Mulberry Silk Long Scarf Guide: Size, Materials & Outfit Fit",94,,,local-template-pass;live-url-inspection-pending,maintenance-hold,day-30 portfolio review
style,product,https://style.madabase.com/reviews/long-skinny-multipurpose-scarf,"Long Skinny Multipurpose Scarf Guide: Size, Materials & Outfit Fit",94,,,local-template-pass;live-url-inspection-pending,maintenance-hold,day-30 portfolio review
style,product,https://style.madabase.com/reviews/loungefly-disney-dogs-mini-backpack,"Loungefly Disney Dogs Mini Backpack Guide: Size, Materials & Outfit Fit",94,,,local-template-pass;live-url-inspection-pending,maintenance-hold,day-30 portfolio review
style,product,https://style.madabase.com/reviews/loungefly-eeyore-mini-backpack,Loungefly Disney Eeyore Mini Backpack Buying Guide,94,,https://style.madabase.com/reviews/loungefly-tigger-mini-backpack,local-template-pass;live-url-inspection-pending,maintenance-hold,day-30 portfolio review
style,product,https://style.madabase.com/reviews/loungefly-mickey-checkered-convertible-bag,Loungefly Mickey Checkered Convertible Mini Backpack Buying Guide,95,,,local-template-pass;live-url-inspection-pending,maintenance-hold,day-30 portfolio review
style,product,https://style.madabase.com/reviews/loungefly-mickey-friends-canvas-backpack,Loungefly Mickey and Friends Canvas Mini Backpack Buying Guide,94,,,local-template-pass;live-url-inspection-pending,maintenance-hold,day-30 portfolio review
style,product,https://style.madabase.com/reviews/loungefly-mickey-minnie-aop-backpack,Loungefly Mickey & Minnie AOP Mini Backpack Buying Guide,95,,,local-template-pass;live-url-inspection-pending,maintenance-hold,day-30 portfolio review
style,product,https://style.madabase.com/reviews/loungefly-mickey-minnie-donald-daisy-backpack,Loungefly Mickey Minnie Donald Daisy Mini Backpack Buying Guide,94,,,local-template-pass;live-url-inspection-pending,maintenance-hold,day-30 portfolio review
style,product,https://style.madabase.com/reviews/loungefly-mickey-mouse-mini-backpack,Loungefly Disney Mickey Mouse Mini Backpack Buying Guide,77,,,local-template-pass;live-url-inspection-pending,maintenance-hold,day-30 portfolio review
style,product,https://style.madabase.com/reviews/loungefly-minnie-floral-rock-the-dots-backpack,Loungefly Minnie Floral Rock The Dots Mini Backpack Buying Guide,94,,https://style.madabase.com/best/loungefly-minnie-bow-vs-rock-the-dots-backpack;https://style.madabase.com/reviews/loungefly-minnie-rock-the-dots-backpack,local-template-pass;live-url-inspection-pending,maintenance-hold,day-30 portfolio review
style,product,https://style.madabase.com/reviews/loungefly-minnie-mouse-bow-mini-backpack,Loungefly Minnie Mouse Bow Mini Backpack: Size & Fit Guide,14,implicit-evidence-mode,,local-template-pass;live-url-inspection-pending,maintenance-hold,day-30 portfolio review
style,product,https://style.madabase.com/reviews/loungefly-minnie-mouse-dress-mini-backpack,Loungefly Minnie Mouse Dress Mini Backpack Buying Guide,95,,,local-template-pass;live-url-inspection-pending,maintenance-hold,day-30 portfolio review
style,product,https://style.madabase.com/reviews/loungefly-minnie-rock-the-dots-backpack,Loungefly Minnie Rock the Dots Coquette Mini Backpack Buying Guide,95,,https://style.madabase.com/best/loungefly-minnie-bow-vs-rock-the-dots-backpack;https://style.madabase.com/reviews/loungefly-minnie-floral-rock-the-dots-backpack,local-template-pass;live-url-inspection-pending,maintenance-hold,day-30 portfolio review
style,product,https://style.madabase.com/reviews/loungefly-princess-books-mini-backpack,Loungefly Disney Princess Books Mini Backpack Buying Guide,95,,,local-template-pass;live-url-inspection-pending,maintenance-hold,day-30 portfolio review
style,product,https://style.madabase.com/reviews/loungefly-princess-ice-cream-backpack,Loungefly Disney Princess Ice Cream Mini Backpack Buying Guide,94,,,local-template-pass;live-url-inspection-pending,maintenance-hold,day-30 portfolio review
style,product,https://style.madabase.com/reviews/loungefly-princess-stained-glass-backpack,Loungefly Disney Princess Stained Glass Mini Backpack Buying Guide,94,,,local-template-pass;live-url-inspection-pending,maintenance-hold,day-30 portfolio review
style,product,https://style.madabase.com/reviews/loungefly-tigger-mini-backpack,Loungefly Disney Tigger Mini Backpack Buying Guide,94,,https://style.madabase.com/reviews/loungefly-eeyore-mini-backpack,local-template-pass;live-url-inspection-pending,maintenance-hold,day-30 portfolio review
style,product,https://style.madabase.com/reviews/mehayi-large-pearl-hair-clips,Mehayi Large Pearl Hair Claw Clip Set Buying Guide,94,,,local-template-pass;live-url-inspection-pending,maintenance-hold,day-30 portfolio review
style,product,https://style.madabase.com/reviews/metal-butterfly-flower-hair-clips,Metal Butterfly and Flower Hair Clip Set Buying Guide,94,,,local-template-pass;live-url-inspection-pending,maintenance-hold,day-30 portfolio review
style,product,https://style.madabase.com/reviews/moggei-printed-cotton-boot-socks,MOGGEI Novelty Printed Cotton Boot Socks Buying Guide,94,,,local-template-pass;live-url-inspection-pending,maintenance-hold,day-30 portfolio review
style,product,https://style.madabase.com/reviews/nattasoul-champagne-martini-earring-set,NATTASOUL Champagne & Martini Glass Earring Set Buying Guide,95,,,local-template-pass;live-url-inspection-pending,maintenance-hold,day-30 portfolio review
style,product,https://style.madabase.com/reviews/neutral-flower-claw-clip-set,"Eight-Piece Flower Claw Clip Set Guide: Size, Materials & Outfit Fit",94,,,local-template-pass;live-url-inspection-pending,maintenance-hold,day-30 portfolio review
style,product,https://style.madabase.com/reviews/relang-printed-satin-hair-scarf,"Relang Printed Satin Hair Scarf Guide: Size, Materials & Outfit Fit",94,,,local-template-pass;live-url-inspection-pending,maintenance-hold,day-30 portfolio review
style,product,https://style.madabase.com/reviews/sparkly-square-leverback-earrings,"Sparkly Square Leverback Earrings Guide: Size, Materials & Outfit Fit",95,,,local-template-pass;live-url-inspection-pending,maintenance-hold,day-30 portfolio review
style,product,https://style.madabase.com/reviews/spiderweb-skeleton-hand-hair-clips,Spider Web Skeleton Hand Hair Claw Clip Set Buying Guide,94,,,local-template-pass;live-url-inspection-pending,maintenance-hold,day-30 portfolio review
style,product,https://style.madabase.com/reviews/twenty-four-fashion-scarf-set,"Twenty-Four Piece Fashion Scarf Set Guide: Size, Materials & Outfit Fit",94,,,local-template-pass;live-url-inspection-pending,maintenance-hold,day-30 portfolio review
style,product,https://style.madabase.com/reviews/wecibor-colorful-novelty-crew-socks,"WeciBor Colorful Novelty Crew Socks Guide: Size, Materials & Outfit Fit",94,,,local-template-pass;live-url-inspection-pending,maintenance-hold,day-30 portfolio review
style,product,https://style.madabase.com/reviews/xocartige-champagne-bottle-earrings,"XOCARTIGE Champagne Bottle Earrings Guide: Size, Materials & Outfit Fit",95,,,local-template-pass;live-url-inspection-pending,maintenance-hold,day-30 portfolio review
baby,product,https://baby.madabase.com/reviews/summer-3dlite-convenience-stroller,"Summer 3Dlite Convenience Stroller Guide: Age, Fit & Use Checks",0,,,local-template-pass;live-url-inspection-pending,observe-day-7,day-7 indexing and query check
homeoffice,product,https://homeoffice.madabase.com/reviews/benq-screenbar-halo,"BenQ ScreenBar Halo 2 Guide: Specs, Workspace Fit & Setup",0,,,local-template-pass;live-url-inspection-pending,observe-day-7,day-7 indexing and query check
network,product,https://network.madabase.com/reviews/jadaol-cat6-flat-ethernet-cable,"Jadaol Cat 6 Flat Ethernet Cable Guide: Specs, Compatibility & Setup",0,,,local-template-pass;live-url-inspection-pending,observe-day-7,day-7 indexing and query check
network,product,https://network.madabase.com/reviews/netgear-orbi-970-wifi-7-mesh,NETGEAR Orbi 970 Series Wi-Fi 7 Mesh System Buying Guide,0,,,local-template-pass;live-url-inspection-pending,observe-day-7,day-7 indexing and query check
network,product,https://network.madabase.com/reviews/tp-link-be400-wifi-7-router,"TP-Link BE400 Wi-Fi 7 Router Guide: Specs, Compatibility & Setup",0,,,local-template-pass;live-url-inspection-pending,observe-day-7,day-7 indexing and query check
network,product,https://network.madabase.com/reviews/tp-link-tl-sg108-gigabit-switch,TP-Link TL-SG108 8-Port Gigabit Switch Buying Guide,0,,,local-template-pass;live-url-inspection-pending,observe-day-7,day-7 indexing and query check
network,product,https://network.madabase.com/reviews/ugreen-revodok-usb-c-gigabit-ethernet-hub,UGREEN Revodok USB-C Gigabit Ethernet Hub Buying Guide,0,,,local-template-pass;live-url-inspection-pending,observe-day-7,day-7 indexing and query check
pet,product,https://pets.madabase.com/reviews/wyze-cam-pan-v3-pet-camera,"Wyze Cam Pan v3 Guide: Fit, Care & Ownership Costs",0,,,local-template-pass;live-url-inspection-pending,observe-day-7,day-7 indexing and query check
