cohort,site,siteState,family,roleOrKind,slug,titleOrQuery,url,clicks,impressions,ctr,position,band,decision,immediateContentMutation,earliestActionDate,reason
ranking118,network,recovery,,product,tp-link-deco-be67-wifi-7-mesh,Is Deco BE67 worth buying instead of BE63 or BE85?,https://network.madabase.com/reviews/tp-link-deco-be67-wifi-7-mesh,0,21,0%,25.29,position-21-40,query-intent-review,hold,rollout-complete-plus-3-days,The page has measurable discovery but needs exact query-to-page fit evidence before a focused rewrite.
ranking118,network,recovery,,product,tp-link-deco-be25-wifi-7-mesh,Is Deco BE25 a good fit for a wired-backhaul Wi-Fi 7 home?,https://network.madabase.com/reviews/tp-link-deco-be25-wifi-7-mesh,1,94,1.06%,21.33,position-21-40,protect-click-bearing-intent,hold,now-protection-only,The exact URL earned at least one click in the complete cohort window; avoid title or canonical churn during the update.
ranking118,network,recovery,,product,tp-link-deco-be63-wifi-7-mesh,Does Deco BE63 have a more useful port layout than BE67?,https://network.madabase.com/reviews/tp-link-deco-be63-wifi-7-mesh,1,98,1.02%,18.05,position-11-20,protect-click-bearing-intent,hold,now-protection-only,The exact URL earned at least one click in the complete cohort window; avoid title or canonical churn during the update.
ranking118,network,recovery,,roundup,tp-link-deco-be67-vs-be63,Deco BE63 or BE67: which Ethernet ports are more useful?,https://network.madabase.com/best/tp-link-deco-be67-vs-be63,1,66,1.52%,15.02,position-11-20,protect-click-bearing-intent,hold,now-protection-only,The exact URL earned at least one click in the complete cohort window; avoid title or canonical churn during the update.
ranking118,network,recovery,,roundup,deco-be25-vs-be63,Deco BE25 vs BE63: is 6GHz or four 2.5GbE ports worth the upgrade?,https://network.madabase.com/best/deco-be25-vs-be63,3,33,9.09%,11.82,position-11-20,protect-click-bearing-intent,hold,now-protection-only,The exact URL earned at least one click in the complete cohort window; avoid title or canonical churn during the update.
ranking118,network,recovery,,guide,deco-be63-ethernet-backhaul-setup,Will Deco BE63 Ethernet backhaul stay at 2.5Gbps through a switch?,https://network.madabase.com/guides/deco-be63-ethernet-backhaul-setup,0,45,0%,11.04,position-11-20,strengthen-supporting-evidence,hold,rollout-complete-plus-3-days,The established page is on page two and is a focused supporting-evidence candidate after the update.
ranking118,network,recovery,,guide,deco-be63-be67-two-pack-vs-three-pack,Should you start with two or three Deco BE63 or BE67 nodes?,https://network.madabase.com/guides/deco-be63-be67-two-pack-vs-three-pack,1,12,8.33%,8.33,top-10,protect-click-bearing-intent,hold,now-protection-only,The exact URL earned at least one click in the complete cohort window; avoid title or canonical churn during the update.
ranking118,network,recovery,,guide,is-deco-be67-worth-it-for-gigabit-internet,Is Deco BE67 worth buying for a 1Gbps internet plan?,https://network.madabase.com/guides/is-deco-be67-worth-it-for-gigabit-internet,0,0,0%,,zero-impression,index-demand-and-canonical-review,hold,rollout-complete-plus-3-days,"The established page has no impressions; verify indexing, demand and competing canonical intent before changing it."
ranking118,network,recovery,,guide,deco-be67-10gbe-network-checklist,Can one Deco BE67 node dedicate 10GbE to both WAN and LAN?,https://network.madabase.com/guides/deco-be67-10gbe-network-checklist,0,0,0%,,zero-impression,index-demand-and-canonical-review,hold,rollout-complete-plus-3-days,"The established page has no impressions; verify indexing, demand and competing canonical intent before changing it."
ranking118,baby,protect,,guide,ergobaby-omni-breeze-positions-by-age,Which Ergobaby Omni Breeze position is appropriate at each age?,https://baby.madabase.com/guides/ergobaby-omni-breeze-positions-by-age,2,51,3.92%,8.75,top-10,protect-click-bearing-intent,hold,now-protection-only,The exact URL earned at least one click in the complete cohort window; avoid title or canonical churn during the update.
ranking118,pet,recovery,,product,furbo-360-dog-camera,Does Furbo 360 work without a Furbo Nanny subscription?,https://pets.madabase.com/reviews/furbo-360-dog-camera,0,61,0%,20.74,position-21-40,query-intent-review,hold,rollout-complete-plus-3-days,The page has measurable discovery but needs exact query-to-page fit evidence before a focused rewrite.
ranking118,network,recovery,,guide,ethernet-stuck-at-100-mbps-guide,Why is an Ethernet link stuck at 100 Mbps?,https://network.madabase.com/guides/ethernet-stuck-at-100-mbps-guide,2,77,2.6%,19.77,position-11-20,protect-click-bearing-intent,hold,now-protection-only,The exact URL earned at least one click in the complete cohort window; avoid title or canonical churn during the update.
ranking118,baby,protect,,product,ergobaby-omni-breeze-carrier,Is Ergobaby Omni Breeze suitable for a newborn?,https://baby.madabase.com/reviews/ergobaby-omni-breeze-carrier,0,60,0%,11.43,position-11-20,strengthen-supporting-evidence,hold,rollout-complete-plus-3-days,The established page is on page two and is a focused supporting-evidence candidate after the update.
ranking118,homeoffice,protect,,product,branch-ergonomic-chair,"Is the Branch Ergonomic Chair a good fit, and what does its warranty cover?",https://homeoffice.madabase.com/reviews/branch-ergonomic-chair,0,17,0%,36.76,position-21-40,query-intent-review,hold,rollout-complete-plus-3-days,The page has measurable discovery but needs exact query-to-page fit evidence before a focused rewrite.
ranking118,network,recovery,,guide,deco-be63-vs-be67-vs-be85-buying-guide,"Should you buy Deco BE63, BE67, or BE85?",https://network.madabase.com/guides/deco-be63-vs-be67-vs-be85-buying-guide,0,31,0%,7.94,top-10,protect-ranking-review-ctr,hold,rollout-complete-plus-3-days,The URL ranks in the top ten; preserve the intent and review CTR only after rollout data stabilizes.
ranking118,pet,recovery,,roundup,coway-mighty2-vs-winix-5510-vs-levoit-vital-200s,Which air purifier is the best fit for a pet home?,https://pets.madabase.com/best/coway-mighty2-vs-winix-5510-vs-levoit-vital-200s,0,0,0%,,zero-impression,index-demand-and-canonical-review,hold,rollout-complete-plus-3-days,"The established page has no impressions; verify indexing, demand and competing canonical intent before changing it."
ranking118,smarthome,recovery,,product,aqara-door-and-window-sensor-p2,Does the Aqara Door and Window Sensor P2 require an Aqara hub?,https://smarthome.madabase.com/reviews/aqara-door-and-window-sensor-p2,0,23,0%,7.35,top-10,protect-ranking-review-ctr,hold,rollout-complete-plus-3-days,The URL ranks in the top ten; preserve the intent and review CTR only after rollout data stabilizes.
ranking118,network,recovery,,product,asus-zenwifi-bt6-wifi-7-mesh,Does ASUS ZenWiFi BT6 provide 2.5GbE for both WAN and Ethernet backhaul?,https://network.madabase.com/reviews/asus-zenwifi-bt6-wifi-7-mesh,0,33,0%,16.09,position-11-20,strengthen-supporting-evidence,hold,rollout-complete-plus-3-days,The established page is on page two and is a focused supporting-evidence candidate after the update.
ranking118,smarthome,recovery,,product,aqara-hub-m3,Is Aqara Hub M3 worth upgrading to from M2?,https://smarthome.madabase.com/reviews/aqara-hub-m3,0,20,0%,29.85,position-21-40,query-intent-review,hold,rollout-complete-plus-3-days,The page has measurable discovery but needs exact query-to-page fit evidence before a focused rewrite.
ranking118,pet,recovery,,product,petlibro-granary-automatic-cat-feeder,Which PETLIBRO Granary size and portion setting should you choose?,https://pets.madabase.com/reviews/petlibro-granary-automatic-cat-feeder,0,27,0%,16.11,position-11-20,strengthen-supporting-evidence,hold,rollout-complete-plus-3-days,The established page is on page two and is a focused supporting-evidence candidate after the update.
ranking118,smarthome,recovery,,product,eufy-video-doorbell-e340,Can eufy E340 work without a subscription?,https://smarthome.madabase.com/reviews/eufy-video-doorbell-e340,0,11,0%,26.64,position-21-40,query-intent-review,hold,rollout-complete-plus-3-days,The page has measurable discovery but needs exact query-to-page fit evidence before a focused rewrite.
ranking118,smarthome,recovery,,guide,aqara-hub-m3-matter-thread-setup,How should Aqara Hub M3 be set up for Matter and Thread?,https://smarthome.madabase.com/guides/aqara-hub-m3-matter-thread-setup,0,3,0%,9.33,top-10,protect-ranking-review-ctr,hold,rollout-complete-plus-3-days,The URL ranks in the top ten; preserve the intent and review CTR only after rollout data stabilizes.
ranking118,smarthome,recovery,,guide,aqara-hub-m3-vs-m2,What is the practical difference between Aqara Hub M3 and M2?,https://smarthome.madabase.com/guides/aqara-hub-m3-vs-m2,0,20,0%,8.2,top-10,protect-ranking-review-ctr,hold,rollout-complete-plus-3-days,The URL ranks in the top ten; preserve the intent and review CTR only after rollout data stabilizes.
ranking118,baby,protect,,guide,ergobaby-omni-breeze-cleaning-guide,How do you wash and dry an Ergobaby Omni Breeze?,https://baby.madabase.com/guides/ergobaby-omni-breeze-cleaning-guide,0,5,0%,9.2,top-10,protect-ranking-review-ctr,hold,rollout-complete-plus-3-days,The URL ranks in the top ten; preserve the intent and review CTR only after rollout data stabilizes.
ranking118,baby,protect,,guide,ergobaby-omni-breeze-newborn-fit-checklist,How can you check newborn fit in an Ergobaby Omni Breeze?,https://baby.madabase.com/guides/ergobaby-omni-breeze-newborn-fit-checklist,0,8,0%,8.88,top-10,protect-ranking-review-ctr,hold,rollout-complete-plus-3-days,The URL ranks in the top ten; preserve the intent and review CTR only after rollout data stabilizes.
ranking118,homeoffice,protect,,product,ergear-48x24-electric-standing-desk,Is a 48×24 ErGear standing desk large enough for a small office?,https://homeoffice.madabase.com/reviews/ergear-48x24-electric-standing-desk,0,10,0%,16.6,position-11-20,strengthen-supporting-evidence,hold,rollout-complete-plus-3-days,The established page is on page two and is a focused supporting-evidence candidate after the update.
ranking118,pet,recovery,,roundup,levoit-vital-200s-p-vs-shark-neverchange-max,Levoit Vital 200S-P or Shark NeverChange MAX for pets?,https://pets.madabase.com/best/levoit-vital-200s-p-vs-shark-neverchange-max,0,10,0%,11.9,position-11-20,strengthen-supporting-evidence,hold,rollout-complete-plus-3-days,The established page is on page two and is a focused supporting-evidence candidate after the update.
ranking118,pet,recovery,,product,petlibro-one-rfid-smart-feeder,Is PETLIBRO One RFID suitable for a multi-cat home?,https://pets.madabase.com/reviews/petlibro-one-rfid-smart-feeder,0,22,0%,17.05,position-11-20,strengthen-supporting-evidence,hold,rollout-complete-plus-3-days,The established page is on page two and is a focused supporting-evidence candidate after the update.
ranking118,network,recovery,,guide,deco-mesh-connection-drops-troubleshooting,How do you troubleshoot repeated Deco mesh connection drops?,https://network.madabase.com/guides/deco-mesh-connection-drops-troubleshooting,0,33,0%,20.94,position-21-40,query-intent-review,hold,rollout-complete-plus-3-days,The page has measurable discovery but needs exact query-to-page fit evidence before a focused rewrite.
ranking118,pet,recovery,,guide,air-purifier-placement-near-litter-box,Where should an air purifier be placed near a litter box?,https://pets.madabase.com/guides/air-purifier-placement-near-litter-box,0,23,0%,14.78,position-11-20,strengthen-supporting-evidence,hold,rollout-complete-plus-3-days,The established page is on page two and is a focused supporting-evidence candidate after the update.
ranking118,homeoffice,protect,,product,ergotron-hx-monitor-arm,Is Ergotron HX the right monitor arm for a walking desk?,https://homeoffice.madabase.com/reviews/ergotron-hx-monitor-arm,0,17,0%,24,position-21-40,query-intent-review,hold,rollout-complete-plus-3-days,The page has measurable discovery but needs exact query-to-page fit evidence before a focused rewrite.
ranking118,smarthome,recovery,,roundup,ultraloq-bolt-se-vs-aqara-u400,ULTRALOQ Bolt SE or Aqara U400: which smart lock fits the door and ecosystem?,https://smarthome.madabase.com/best/ultraloq-bolt-se-vs-aqara-u400,0,8,0%,7.12,top-10,protect-ranking-review-ctr,hold,rollout-complete-plus-3-days,The URL ranks in the top ten; preserve the intent and review CTR only after rollout data stabilizes.
ranking118,baby,protect,,guide,ergobaby-omni-breeze-forward-facing-age-guide,When can a baby face outward in Ergobaby Omni Breeze?,https://baby.madabase.com/guides/ergobaby-omni-breeze-forward-facing-age-guide,0,25,0%,10.48,position-11-20,strengthen-supporting-evidence,hold,rollout-complete-plus-3-days,The established page is on page two and is a focused supporting-evidence candidate after the update.
ranking118,smarthome,recovery,,roundup,eufy-e340-vs-tapo-d210,eufy E340 or Tapo D210 for local video storage?,https://smarthome.madabase.com/best/eufy-e340-vs-tapo-d210,1,18,5.56%,7.94,top-10,protect-click-bearing-intent,hold,now-protection-only,The exact URL earned at least one click in the complete cohort window; avoid title or canonical churn during the update.
ranking118,baby,protect,,product,dr-browns-all-in-one-sterilizer-dryer,"How much fits in Dr. Brown's sterilizer dryer, and does it dry fully?",https://baby.madabase.com/reviews/dr-browns-all-in-one-sterilizer-dryer,0,18,0%,25.56,position-21-40,query-intent-review,hold,rollout-complete-plus-3-days,The page has measurable discovery but needs exact query-to-page fit evidence before a focused rewrite.
ranking118,homeoffice,protect,,roundup,best-walking-pad-and-monitor-arm-setup,What monitor-arm setup stays stable with a walking pad?,https://homeoffice.madabase.com/best/best-walking-pad-and-monitor-arm-setup,0,1,0%,9,top-10,protect-ranking-review-ctr,hold,rollout-complete-plus-3-days,The URL ranks in the top ten; preserve the intent and review CTR only after rollout data stabilizes.
ranking118,smarthome,recovery,,guide,tapo-p125m-vs-p110m,Tapo P110M or P125M: which one has energy monitoring and Matter?,https://smarthome.madabase.com/guides/tapo-p125m-vs-p110m,0,0,0%,,zero-impression,index-demand-and-canonical-review,hold,rollout-complete-plus-3-days,"The established page has no impressions; verify indexing, demand and competing canonical intent before changing it."
ranking118,pet,recovery,,guide,levoit-vital-200s-p-filter-cost-and-maintenance,What does a Levoit Vital 200S-P cost to maintain?,https://pets.madabase.com/guides/levoit-vital-200s-p-filter-cost-and-maintenance,0,5,0%,26.2,position-21-40,query-intent-review,hold,rollout-complete-plus-3-days,The page has measurable discovery but needs exact query-to-page fit evidence before a focused rewrite.
ranking118,pet,recovery,,guide,rfid-feeder-vs-microchip-feeder-guide,RFID collar feeder or implanted-microchip feeder?,https://pets.madabase.com/guides/rfid-feeder-vs-microchip-feeder-guide,0,3,0%,17.67,position-11-20,strengthen-supporting-evidence,hold,rollout-complete-plus-3-days,The established page is on page two and is a focused supporting-evidence candidate after the update.
ranking118,homeoffice,protect,,product,amazon-basics-monitor-arm,Will the Amazon Basics gas-spring arm fit a 27-inch monitor?,https://homeoffice.madabase.com/reviews/amazon-basics-monitor-arm,0,6,0%,40,position-21-40,query-intent-review,hold,rollout-complete-plus-3-days,The page has measurable discovery but needs exact query-to-page fit evidence before a focused rewrite.
ranking118,network,recovery,,guide,deco-be63-multigig-ports-guide,How should Deco BE63 multi-gig ports be assigned?,https://network.madabase.com/guides/deco-be63-multigig-ports-guide,0,15,0%,11.87,position-11-20,strengthen-supporting-evidence,hold,rollout-complete-plus-3-days,The established page is on page two and is a focused supporting-evidence candidate after the update.
ranking118,network,recovery,,guide,usb-c-ethernet-adapter-guide,Should you buy a USB-C Ethernet adapter or a full dock?,https://network.madabase.com/guides/usb-c-ethernet-adapter-guide,0,21,0%,11.05,position-11-20,strengthen-supporting-evidence,hold,rollout-complete-plus-3-days,The established page is on page two and is a focused supporting-evidence candidate after the update.
ranking118,homeoffice,protect,,guide,single-vs-dual-monitor-arm-walking-desk,Single or dual monitor arms for a walking desk?,https://homeoffice.madabase.com/guides/single-vs-dual-monitor-arm-walking-desk,0,0,0%,0,zero-impression,observe-index-and-demand,hold,2026-09-08,"The established page has no impressions; verify indexing, demand and competing canonical intent before changing it."
ranking118,homeoffice,protect,,guide,walking-pad-desk-measurement-checklist,What should you measure before adding a walking pad under a desk?,https://homeoffice.madabase.com/guides/walking-pad-desk-measurement-checklist,0,6,0%,39,position-21-40,query-intent-review,hold,rollout-complete-plus-3-days,The page has measurable discovery but needs exact query-to-page fit evidence before a focused rewrite.
ranking118,homeoffice,protect,,guide,walking-pad-speed-monitor-stability-guide,How fast can you walk without making the monitor shake?,https://homeoffice.madabase.com/guides/walking-pad-speed-monitor-stability-guide,1,4,25%,11.25,position-11-20,protect-click-bearing-intent,hold,now-protection-only,The exact URL earned at least one click in the complete cohort window; avoid title or canonical churn during the update.
ranking118,network,recovery,,guide,cable-modem-2-5g-port-buying-guide,When does a cable modem need a 2.5GbE port?,https://network.madabase.com/guides/cable-modem-2-5g-port-buying-guide,0,3,0%,7.33,top-10,protect-ranking-review-ctr,hold,rollout-complete-plus-3-days,The URL ranks in the top ten; preserve the intent and review CTR only after rollout data stabilizes.
ranking118,pet,recovery,,guide,furbo-360-placement-height-and-wifi-guide,Where should Furbo 360 be placed for reliable tracking and Wi-Fi?,https://pets.madabase.com/guides/furbo-360-placement-height-and-wifi-guide,0,8,0%,8.5,top-10,protect-ranking-review-ctr,hold,rollout-complete-plus-3-days,The URL ranks in the top ten; preserve the intent and review CTR only after rollout data stabilizes.
ranking118,network,recovery,,product,tp-link-tl-sg1005p-poe-switch,Can TP-Link TL-SG1005P power four PoE+ devices at the same time?,https://network.madabase.com/reviews/tp-link-tl-sg1005p-poe-switch,0,11,0%,8.55,top-10,protect-ranking-review-ctr,hold,rollout-complete-plus-3-days,The URL ranks in the top ten; preserve the intent and review CTR only after rollout data stabilizes.
ranking118,network,recovery,,product,tp-link-ue302c-2-5g-usb-c-ethernet-adapter,Will TP-Link UE302C actually deliver more than 1Gbps?,https://network.madabase.com/reviews/tp-link-ue302c-2-5g-usb-c-ethernet-adapter,0,0,0%,0,zero-impression,index-demand-and-canonical-review,hold,rollout-complete-plus-3-days,"The established page has no impressions; verify indexing, demand and competing canonical intent before changing it."
ranking118,network,recovery,,guide,xfinity-gateway-bridge-mode-vs-own-router-guide,Should you put an Xfinity gateway in bridge mode when adding your own router?,https://network.madabase.com/guides/xfinity-gateway-bridge-mode-vs-own-router-guide,0,22,0%,16.95,position-11-20,strengthen-supporting-evidence,hold,rollout-complete-plus-3-days,The established page is on page two and is a focused supporting-evidence candidate after the update.
ranking118,smarthome,recovery,,product,tapo-d210-video-doorbell,Does every Tapo D210 have the same battery capacity?,https://smarthome.madabase.com/reviews/tapo-d210-video-doorbell,0,17,0%,10.18,position-11-20,strengthen-supporting-evidence,hold,rollout-complete-plus-3-days,The established page is on page two and is a focused supporting-evidence candidate after the update.
ranking118,smarthome,recovery,,roundup,ring-battery-doorbell-plus-2nd-gen-vs-tapo-d210,Tapo D210 or Ring Battery Doorbell Plus: which is better without a subscription?,https://smarthome.madabase.com/best/ring-battery-doorbell-plus-2nd-gen-vs-tapo-d210,0,20,0%,7.8,top-10,protect-ranking-review-ctr,hold,rollout-complete-plus-3-days,The URL ranks in the top ten; preserve the intent and review CTR only after rollout data stabilizes.
ranking118,smarthome,recovery,,product,google-nest-learning-thermostat-4th-gen,"Does Nest Learning Thermostat 4th Gen need a C-wire, and does Matter guarantee HVAC compatibility?",https://smarthome.madabase.com/reviews/google-nest-learning-thermostat-4th-gen,0,28,0%,21.21,position-21-40,query-intent-review,hold,rollout-complete-plus-3-days,The page has measurable discovery but needs exact query-to-page fit evidence before a focused rewrite.
ranking118,smarthome,recovery,,product,ultraloq-bolt-se-smart-lock,Does ULTRALOQ Bolt SE include both Matter over Thread and Wi-Fi?,https://smarthome.madabase.com/reviews/ultraloq-bolt-se-smart-lock,1,22,4.55%,10.73,position-11-20,protect-click-bearing-intent,hold,now-protection-only,The exact URL earned at least one click in the complete cohort window; avoid title or canonical churn during the update.
ranking118,smarthome,recovery,,guide,tapo-p110m-home-assistant-energy-monitoring,How do you add Tapo P110M to Home Assistant and keep energy monitoring?,https://smarthome.madabase.com/guides/tapo-p110m-home-assistant-energy-monitoring,0,60,0%,14.37,position-11-20,strengthen-supporting-evidence,hold,rollout-complete-plus-3-days,The established page is on page two and is a focused supporting-evidence candidate after the update.
ranking118,smarthome,recovery,,product,tapo-p110m-energy-monitoring-smart-plug,Does Tapo P110M energy monitoring work through Matter in every smart-home app?,https://smarthome.madabase.com/reviews/tapo-p110m-energy-monitoring-smart-plug,0,9,0%,27.56,position-21-40,query-intent-review,hold,rollout-complete-plus-3-days,The page has measurable discovery but needs exact query-to-page fit evidence before a focused rewrite.
ranking118,smarthome,recovery,,product,x-sense-sws0a41-water-leak-detector-kit,"What is included in the X-Sense SWS0A41 kit, and who should buy it?",https://smarthome.madabase.com/reviews/x-sense-sws0a41-water-leak-detector-kit,0,6,0%,9.67,top-10,protect-ranking-review-ctr,hold,rollout-complete-plus-3-days,The URL ranks in the top ten; preserve the intent and review CTR only after rollout data stabilizes.
ranking118,homeoffice,protect,,product,flexispot-e7-mini-standing-desk,"What is the FlexiSpot E7 Mini, and is it big enough for one or two monitors?",https://homeoffice.madabase.com/reviews/flexispot-e7-mini-standing-desk,0,29,0%,11.62,position-11-20,strengthen-supporting-evidence,hold,rollout-complete-plus-3-days,The established page is on page two and is a focused supporting-evidence candidate after the update.
ranking118,homeoffice,protect,,roundup,ergear-48x24-vs-flexispot-e7-mini,ErGear 48×24 or FlexiSpot E7 Mini: which fits a small room better?,https://homeoffice.madabase.com/best/ergear-48x24-vs-flexispot-e7-mini,0,62,0%,9.65,top-10,protect-ranking-review-ctr,hold,rollout-complete-plus-3-days,The URL ranks in the top ten; preserve the intent and review CTR only after rollout data stabilizes.
ranking118,homeoffice,protect,,product,huanuo-titanlift-heavy-duty-monitor-arm,Can HUANUO TitanLift safely hold a 49-inch or 44 lb ultrawide?,https://homeoffice.madabase.com/reviews/huanuo-titanlift-heavy-duty-monitor-arm,0,8,0%,8.62,top-10,protect-ranking-review-ctr,hold,rollout-complete-plus-3-days,The URL ranks in the top ten; preserve the intent and review CTR only after rollout data stabilizes.
ranking118,homeoffice,protect,,guide,48-vs-55-inch-desk-guide,Should you buy a 48-inch or 55-inch desk for two monitors?,https://homeoffice.madabase.com/guides/48-vs-55-inch-desk-guide,1,10,10%,22.3,position-21-40,protect-click-bearing-intent,hold,now-protection-only,The exact URL earned at least one click in the complete cohort window; avoid title or canonical churn during the update.
ranking118,homeoffice,protect,,guide,monitor-arm-clamp-reinforcement-guide,Will a reinforcement plate make any desktop safe for a heavy monitor arm?,https://homeoffice.madabase.com/guides/monitor-arm-clamp-reinforcement-guide,0,5,0%,14.6,position-11-20,strengthen-supporting-evidence,hold,rollout-complete-plus-3-days,The established page is on page two and is a focused supporting-evidence candidate after the update.
ranking118,homeoffice,protect,,roundup,logitech-litra-glow-vs-elgato-key-light-neo,Logitech Litra Glow or Elgato Key Light Neo: which is better for close video calls?,https://homeoffice.madabase.com/best/logitech-litra-glow-vs-elgato-key-light-neo,2,38,5.26%,14.71,position-11-20,protect-click-bearing-intent,hold,now-protection-only,The exact URL earned at least one click in the complete cohort window; avoid title or canonical churn during the update.
ranking118,baby,protect,,product,momcozy-purehug-baby-carrier,"Is Momcozy PureHug suitable from birth, and which carry positions are documented?",https://baby.madabase.com/reviews/momcozy-purehug-baby-carrier,0,38,0%,8.92,top-10,protect-ranking-review-ctr,hold,rollout-complete-plus-3-days,The URL ranks in the top ten; preserve the intent and review CTR only after rollout data stabilizes.
ranking118,baby,protect,,product,babybjorn-carrier-mini-3d-mesh,"How long is BabyBjörn Carrier Mini useful, and can it be used for back carry?",https://baby.madabase.com/reviews/babybjorn-carrier-mini-3d-mesh,0,10,0%,14.1,position-11-20,strengthen-supporting-evidence,hold,rollout-complete-plus-3-days,The established page is on page two and is a focused supporting-evidence candidate after the update.
ranking118,baby,protect,,guide,babybjorn-harmony-newborn-fit-checklist,Can a newborn use BabyBjörn Carrier Harmony safely?,https://baby.madabase.com/guides/babybjorn-harmony-newborn-fit-checklist,0,6,0%,8.33,top-10,protect-ranking-review-ctr,hold,rollout-complete-plus-3-days,The URL ranks in the top ten; preserve the intent and review CTR only after rollout data stabilizes.
ranking118,baby,protect,,roundup,momcozy-purehug-vs-ergobaby-omni-breeze,Is Ergobaby Omni Breeze worth paying more for than Momcozy PureHug?,https://baby.madabase.com/best/momcozy-purehug-vs-ergobaby-omni-breeze,0,8,0%,7.5,top-10,protect-ranking-review-ctr,hold,rollout-complete-plus-3-days,The URL ranks in the top ten; preserve the intent and review CTR only after rollout data stabilizes.
ranking118,baby,protect,,guide,ergobaby-omni-breeze-vs-babybjorn-harmony-by-age,Ergobaby Omni Breeze or BabyBjörn Harmony: which carrier fits each stage better?,https://baby.madabase.com/guides/ergobaby-omni-breeze-vs-babybjorn-harmony-by-age,0,0,0%,0,zero-impression,observe-index-and-demand,hold,2026-09-08,"The established page has no impressions; verify indexing, demand and competing canonical intent before changing it."
ranking118,pet,recovery,,product,levoit-vital-200s-p-air-purifier,What room size is the Levoit Vital 200S-P suitable for in a pet home?,https://pets.madabase.com/reviews/levoit-vital-200s-p-air-purifier,0,27,0%,11.56,position-11-20,strengthen-supporting-evidence,hold,rollout-complete-plus-3-days,The established page is on page two and is a focused supporting-evidence candidate after the update.
ranking118,pet,recovery,,roundup,petlibro-one-rfid-vs-granary-smart-feeder,PETLIBRO One RFID or Granary PLAF103: which feeder should a multi-cat home buy?,https://pets.madabase.com/best/petlibro-one-rfid-vs-granary-smart-feeder,1,10,10%,12.7,position-11-20,protect-click-bearing-intent,hold,now-protection-only,The exact URL earned at least one click in the complete cohort window; avoid title or canonical churn during the update.
ranking118,pet,recovery,,guide,automatic-feeder-buying-guide,What should you check before buying an automatic dry-food pet feeder?,https://pets.madabase.com/guides/automatic-feeder-buying-guide,0,1,0%,77,position-40-plus,retarget-or-merge-review,hold,rollout-complete-plus-3-days,The established page is visible only at deep positions; evaluate demand and overlap before retargeting or merging.
ranking118,pet,recovery,,guide,automatic-feeder-cleaning-checklist,Which automatic feeder parts can be washed without damaging the motor or RFID reader?,https://pets.madabase.com/guides/automatic-feeder-cleaning-checklist,0,0,0%,0,zero-impression,index-demand-and-canonical-review,hold,rollout-complete-plus-3-days,"The established page has no impressions; verify indexing, demand and competing canonical intent before changing it."
ranking118,pet,recovery,,guide,automatic-feeder-portion-size-guide,How many grams is one PETLIBRO automatic feeder portion?,https://pets.madabase.com/guides/automatic-feeder-portion-size-guide,0,0,0%,,zero-impression,index-demand-and-canonical-review,hold,rollout-complete-plus-3-days,"The established page has no impressions; verify indexing, demand and competing canonical intent before changing it."
ranking118,pet,recovery,,product,coway-airmega-mighty2-air-purifier,What are the Coway Mighty2 AP-1512N CADR and room-size ratings?,https://pets.madabase.com/reviews/coway-airmega-mighty2-air-purifier,0,14,0%,26.21,position-21-40,query-intent-review,hold,rollout-complete-plus-3-days,The page has measurable discovery but needs exact query-to-page fit evidence before a focused rewrite.
ranking118,style,maintenance,,product,loungefly-mickey-mouse-mini-backpack,What fits in a Loungefly Mickey Mouse mini backpack?,https://style.madabase.com/reviews/loungefly-mickey-mouse-mini-backpack,0,1,0%,3,top-10,observe-low-sample,hold,2026-09-08,The site does not yet have enough search volume to justify rollout-period content changes; decide from the Day-30 cohort gate.
ranking118,baby,protect,,guide,bottle-sterilizer-dryer-for-twins-capacity-guide,What sterilizer-dryer capacity is practical for twins?,https://baby.madabase.com/guides/bottle-sterilizer-dryer-for-twins-capacity-guide,0,0,0%,,zero-impression,observe-index-and-demand,hold,2026-09-08,"The established page has no impressions; verify indexing, demand and competing canonical intent before changing it."
ranking118,network,recovery,,roundup,deco-be25-vs-be67,Deco BE25 or BE67 for a Wi-Fi 7 mesh?,https://network.madabase.com/best/deco-be25-vs-be67,0,4,0%,10.75,position-11-20,strengthen-supporting-evidence,hold,rollout-complete-plus-3-days,The established page is on page two and is a focused supporting-evidence candidate after the update.
ranking118,pet,recovery,,guide,cat-water-fountain-buying-guide,How do you choose a cat water fountain?,https://pets.madabase.com/guides/cat-water-fountain-buying-guide,0,4,0%,75.5,position-40-plus,retarget-or-merge-review,hold,rollout-complete-plus-3-days,The established page is visible only at deep positions; evaluate demand and overlap before retargeting or merging.
ranking118,style,maintenance,,product,betsey-johnson-cupcake-mismatch-earrings,Are Betsey Johnson cupcake mismatch earrings comfortable for repeat wear?,https://style.madabase.com/reviews/betsey-johnson-cupcake-mismatch-earrings,0,0,0%,,zero-impression,maintenance-or-retirement-review,hold,2026-09-08,The site does not yet have enough search volume to justify rollout-period content changes; decide from the Day-30 cohort gate.
ranking118,network,recovery,,product,tp-link-tl-sg105-m2-2-5g-switch,Is TP-Link TL-SG105-M2 enough for a NAS and Wi-Fi 7 mesh?,https://network.madabase.com/reviews/tp-link-tl-sg105-m2-2-5g-switch,0,20,0%,10.35,position-11-20,strengthen-supporting-evidence,hold,rollout-complete-plus-3-days,The established page is on page two and is a focused supporting-evidence candidate after the update.
ranking118,network,recovery,,product,trendnet-teg-s350-2-5g-switch,Is TRENDnet TEG-S350 the five-port or eight-port 2.5GbE switch?,https://network.madabase.com/reviews/trendnet-teg-s350-2-5g-switch,0,0,0%,,zero-impression,index-demand-and-canonical-review,hold,rollout-complete-plus-3-days,"The established page has no impressions; verify indexing, demand and competing canonical intent before changing it."
ranking118,network,recovery,,product,trendnet-teg-s380-2-5g-switch,"Does TRENDnet TEG-S380 provide eight 2.5GbE ports, and is it managed?",https://network.madabase.com/reviews/trendnet-teg-s380-2-5g-switch,0,0,0%,,zero-impression,index-demand-and-canonical-review,hold,rollout-complete-plus-3-days,"The established page has no impressions; verify indexing, demand and competing canonical intent before changing it."
ranking118,network,recovery,,roundup,tl-sg105-m2-vs-ms305-vs-teg-s350,"TP-Link TL-SG105-M2, NETGEAR MS305, or TRENDnet TEG-S350?",https://network.madabase.com/best/tl-sg105-m2-vs-ms305-vs-teg-s350,0,27,0%,15.74,position-11-20,strengthen-supporting-evidence,hold,rollout-complete-plus-3-days,The established page is on page two and is a focused supporting-evidence candidate after the update.
ranking118,network,recovery,,guide,2-5gbe-switch-port-budget-for-nas-mesh,How many 2.5GbE switch ports do a NAS and Wi-Fi 7 mesh need?,https://network.madabase.com/guides/2-5gbe-switch-port-budget-for-nas-mesh,0,0,0%,,zero-impression,index-demand-and-canonical-review,hold,rollout-complete-plus-3-days,"The established page has no impressions; verify indexing, demand and competing canonical intent before changing it."
ranking118,network,recovery,,product,apc-be600m1-router-ups,"Is APC BE600M1 enough for an ONT, modem, router, and switch?",https://network.madabase.com/reviews/apc-be600m1-router-ups,0,0,0%,,zero-impression,index-demand-and-canonical-review,hold,rollout-complete-plus-3-days,"The established page has no impressions; verify indexing, demand and competing canonical intent before changing it."
ranking118,network,recovery,,roundup,best-ups-for-router-and-modem,What size UPS should you buy for a router and modem?,https://network.madabase.com/best/best-ups-for-router-and-modem,1,36,2.78%,23.06,position-21-40,protect-click-bearing-intent,hold,now-protection-only,The exact URL earned at least one click in the complete cohort window; avoid title or canonical churn during the update.
ranking118,homeoffice,protect,,product,plugable-usbc-6950pdz-displaylink-dock,Can Plugable USBC-6950PDZ run two monitors on a base-model Mac?,https://homeoffice.madabase.com/reviews/plugable-usbc-6950pdz-displaylink-dock,0,3,0%,6.67,top-10,protect-ranking-review-ctr,hold,rollout-complete-plus-3-days,The URL ranks in the top ten; preserve the intent and review CTR only after rollout data stabilizes.
ranking118,homeoffice,protect,,product,plugable-tbt4-ud5-thunderbolt-dock,Is Plugable TBT4-UD5 a native Thunderbolt dual-monitor dock?,https://homeoffice.madabase.com/reviews/plugable-tbt4-ud5-thunderbolt-dock,0,24,0%,8,top-10,protect-ranking-review-ctr,hold,rollout-complete-plus-3-days,The URL ranks in the top ten; preserve the intent and review CTR only after rollout data stabilizes.
ranking118,homeoffice,protect,,product,caldigit-ts4-thunderbolt-dock,Can CalDigit TS4 run two monitors on a Mac?,https://homeoffice.madabase.com/reviews/caldigit-ts4-thunderbolt-dock,0,66,0%,11.61,position-11-20,strengthen-supporting-evidence,hold,rollout-complete-plus-3-days,The established page is on page two and is a focused supporting-evidence candidate after the update.
ranking118,homeoffice,protect,,product,anker-675-usb-c-docking-station,"Is Anker 675 a monitor stand, a dock, or both?",https://homeoffice.madabase.com/reviews/anker-675-usb-c-docking-station,0,32,0%,19.72,position-11-20,strengthen-supporting-evidence,hold,rollout-complete-plus-3-days,The established page is on page two and is a focused supporting-evidence candidate after the update.
ranking118,homeoffice,protect,,guide,macbook-dual-monitor-dock-chip-compatibility-guide,Which dock can run two monitors on a MacBook?,https://homeoffice.madabase.com/guides/macbook-dual-monitor-dock-chip-compatibility-guide,0,0,0%,0,zero-impression,observe-index-and-demand,hold,2026-09-08,"The established page has no impressions; verify indexing, demand and competing canonical intent before changing it."
ranking118,homeoffice,protect,,guide,usb-c-dock-ports-explained-guide,Which USB-C dock ports and host features do you actually need?,https://homeoffice.madabase.com/guides/usb-c-dock-ports-explained-guide,0,8,0%,43.38,position-40-plus,retarget-or-merge-review,hold,rollout-complete-plus-3-days,The established page is visible only at deep positions; evaluate demand and overlap before retargeting or merging.
ranking118,homeoffice,protect,,guide,usb-c-dock-vs-monitor-hub-guide,Should you buy a USB-C dock or use the monitor's built-in hub?,https://homeoffice.madabase.com/guides/usb-c-dock-vs-monitor-hub-guide,0,4,0%,58,position-40-plus,retarget-or-merge-review,hold,rollout-complete-plus-3-days,The established page is visible only at deep positions; evaluate demand and overlap before retargeting or merging.
ranking118,smarthome,recovery,,product,aqara-valve-controller-t1,Will Aqara Valve Controller T1 fit an existing water shutoff valve?,https://smarthome.madabase.com/reviews/aqara-valve-controller-t1,0,3,0%,11,position-11-20,strengthen-supporting-evidence,hold,rollout-complete-plus-3-days,The established page is on page two and is a focused supporting-evidence candidate after the update.
ranking118,smarthome,recovery,,product,moen-flo-900-001-smart-water-shutoff,Is Moen Flo 900-001 the 3/4-inch smart water shutoff?,https://smarthome.madabase.com/reviews/moen-flo-900-001-smart-water-shutoff,0,5,0%,7.2,top-10,protect-ranking-review-ctr,hold,rollout-complete-plus-3-days,The URL ranks in the top ten; preserve the intent and review CTR only after rollout data stabilizes.
ranking118,smarthome,recovery,,roundup,best-smart-water-shutoff-valves-retrofit-inline,Should you buy a retrofit or inline smart water shutoff valve?,https://smarthome.madabase.com/best/best-smart-water-shutoff-valves-retrofit-inline,0,0,0%,,zero-impression,index-demand-and-canonical-review,hold,rollout-complete-plus-3-days,"The established page has no impressions; verify indexing, demand and competing canonical intent before changing it."
ranking118,smarthome,recovery,,roundup,aqara-t1-vs-yolink-bulldog-vs-moen-flo,"Aqara T1, YoLink Bulldog, or Moen Flo: which shutoff architecture fits?",https://smarthome.madabase.com/best/aqara-t1-vs-yolink-bulldog-vs-moen-flo,0,0,0%,,zero-impression,index-demand-and-canonical-review,hold,rollout-complete-plus-3-days,"The established page has no impressions; verify indexing, demand and competing canonical intent before changing it."
ranking118,smarthome,recovery,,guide,wifi-vs-zigbee-vs-lora-water-leak-sensor-guide,"Wi-Fi, Zigbee, or LoRa water leak sensors: which radio path is better?",https://smarthome.madabase.com/guides/wifi-vs-zigbee-vs-lora-water-leak-sensor-guide,0,4,0%,13.75,position-11-20,strengthen-supporting-evidence,hold,rollout-complete-plus-3-days,The established page is on page two and is a focused supporting-evidence candidate after the update.
ranking118,network,recovery,,product,netgear-gs308e-gigabit-switch,"Is NETGEAR GS308E the managed eight-port switch, and how is it different from GS308, GS308T, or GS908E?",https://network.madabase.com/reviews/netgear-gs308e-gigabit-switch,0,60,0%,8.5,top-10,protect-ranking-review-ctr,hold,rollout-complete-plus-3-days,The URL ranks in the top ten; preserve the intent and review CTR only after rollout data stabilizes.
ranking118,network,recovery,,product,tp-link-deco-be85-wifi-7-mesh,Is Deco BE85 worth buying instead of BE63 or BE67?,https://network.madabase.com/reviews/tp-link-deco-be85-wifi-7-mesh,1,13,7.69%,15.23,position-11-20,protect-click-bearing-intent,hold,now-protection-only,The exact URL earned at least one click in the complete cohort window; avoid title or canonical churn during the update.
ranking118,network,recovery,,product,amazon-eero-6-mesh-wifi-system,Is Amazon eero 6 still a sensible mesh system for a normal home?,https://network.madabase.com/reviews/amazon-eero-6-mesh-wifi-system,0,55,0%,49.27,position-40-plus,retarget-or-merge-review,hold,rollout-complete-plus-3-days,The established page is visible only at deep positions; evaluate demand and overlap before retargeting or merging.
ranking118,network,recovery,,roundup,netgear-gs308e-vs-tp-link-tl-sg108,NETGEAR GS308E or TP-Link TL-SG108: do you need management features?,https://network.madabase.com/best/netgear-gs308e-vs-tp-link-tl-sg108,0,23,0%,18.78,position-11-20,strengthen-supporting-evidence,hold,rollout-complete-plus-3-days,The established page is on page two and is a focused supporting-evidence candidate after the update.
ranking118,network,recovery,,product,arris-surfboard-s33-cable-modem,Is ARRIS SURFboard S33 compatible with the plan and router you already have?,https://network.madabase.com/reviews/arris-surfboard-s33-cable-modem,0,14,0%,28.5,position-21-40,query-intent-review,hold,rollout-complete-plus-3-days,The page has measurable discovery but needs exact query-to-page fit evidence before a focused rewrite.
ranking118,network,recovery,,guide,wifi-7-vs-wifi-6-guide,Is Wi-Fi 7 worth replacing a working Wi-Fi 6 network?,https://network.madabase.com/guides/wifi-7-vs-wifi-6-guide,0,24,0%,71.79,position-40-plus,retarget-or-merge-review,hold,rollout-complete-plus-3-days,The established page is visible only at deep positions; evaluate demand and overlap before retargeting or merging.
ranking118,smarthome,recovery,,product,meross-msg100-homekit-garage-door-opener,"Will Meross MSG100 work with the garage opener, Wi-Fi, and Apple Home setup you have?",https://smarthome.madabase.com/reviews/meross-msg100-homekit-garage-door-opener,0,53,0%,15.66,position-11-20,strengthen-supporting-evidence,hold,rollout-complete-plus-3-days,The established page is on page two and is a focused supporting-evidence candidate after the update.
ranking118,smarthome,recovery,,product,aqara-presence-multi-sensor-fp300,Is Aqara FP300 a better room-presence sensor than FP2?,https://smarthome.madabase.com/reviews/aqara-presence-multi-sensor-fp300,1,134,0.75%,15.16,position-11-20,protect-click-bearing-intent,hold,now-protection-only,The exact URL earned at least one click in the complete cohort window; avoid title or canonical churn during the update.
ranking118,smarthome,recovery,,product,aqara-presence-sensor-fp2,Is Aqara FP2 worth its wired setup for zones and room presence?,https://smarthome.madabase.com/reviews/aqara-presence-sensor-fp2,0,63,0%,13.97,position-11-20,strengthen-supporting-evidence,hold,rollout-complete-plus-3-days,The established page is on page two and is a focused supporting-evidence candidate after the update.
ranking118,smarthome,recovery,,roundup,aqara-fp300-vs-fp2,Aqara FP300 or FP2: which presence sensor fits the room?,https://smarthome.madabase.com/best/aqara-fp300-vs-fp2,1,85,1.18%,16.04,position-11-20,protect-click-bearing-intent,hold,now-protection-only,The exact URL earned at least one click in the complete cohort window; avoid title or canonical churn during the update.
ranking118,smarthome,recovery,,product,tapo-p125m-matter-smart-plug,"Is Tapo P125M the compact Matter plug, and does it include energy monitoring?",https://smarthome.madabase.com/reviews/tapo-p125m-matter-smart-plug,2,82,2.44%,10.23,position-11-20,protect-click-bearing-intent,hold,now-protection-only,The exact URL earned at least one click in the complete cohort window; avoid title or canonical churn during the update.
ranking118,smarthome,recovery,,product,schlage-encode-plus-smart-lock,"Is Schlage Encode Plus compatible with the door, Apple Home Key, and remote-access plan?",https://smarthome.madabase.com/reviews/schlage-encode-plus-smart-lock,0,20,0%,31,position-21-40,query-intent-review,hold,rollout-complete-plus-3-days,The page has measurable discovery but needs exact query-to-page fit evidence before a focused rewrite.
ranking118,smarthome,recovery,,guide,matter-controller-vs-thread-border-router,What is the difference between a Matter controller and a Thread border router?,https://smarthome.madabase.com/guides/matter-controller-vs-thread-border-router,0,11,0%,27.55,position-21-40,query-intent-review,hold,rollout-complete-plus-3-days,The page has measurable discovery but needs exact query-to-page fit evidence before a focused rewrite.
ranking118,homeoffice,protect,,guide,portable-monitor-usb-c-dp-alt-mode-displaylink-guide,Will a USB-C laptop run a portable monitor through DP Alt Mode or DisplayLink?,https://homeoffice.madabase.com/guides/portable-monitor-usb-c-dp-alt-mode-displaylink-guide,0,46,0%,42.78,position-40-plus,retarget-or-merge-review,hold,rollout-complete-plus-3-days,The established page is visible only at deep positions; evaluate demand and overlap before retargeting or merging.
ranking118,homeoffice,protect,,guide,monochrome-laser-printers-ownership-cost-and-maintenance,What does a monochrome laser printer cost to own after the purchase?,https://homeoffice.madabase.com/guides/monochrome-laser-printers-ownership-cost-and-maintenance,0,6,0%,12.33,position-11-20,strengthen-supporting-evidence,hold,rollout-complete-plus-3-days,The established page is on page two and is a focused supporting-evidence candidate after the update.
ranking118,homeoffice,protect,,roundup,best-standing-desks-for-small-spaces,Which standing desk actually fits a small room?,https://homeoffice.madabase.com/best/best-standing-desks-for-small-spaces,0,123,0%,57.99,position-40-plus,retarget-or-merge-review,hold,rollout-complete-plus-3-days,The established page is visible only at deep positions; evaluate demand and overlap before retargeting or merging.
ranking118,baby,protect,,product,momcozy-mw05-portable-milk-warmer,Is Momcozy MW05 a practical portable milk warmer for the feeding routine?,https://baby.madabase.com/reviews/momcozy-mw05-portable-milk-warmer,0,36,0%,8.58,top-10,protect-ranking-review-ctr,hold,rollout-complete-plus-3-days,The URL ranks in the top ten; preserve the intent and review CTR only after rollout data stabilizes.
ranking118,baby,protect,,product,babybjorn-carrier-harmony,Is BabyBjörn Carrier Harmony suitable for a newborn and later back carry?,https://baby.madabase.com/reviews/babybjorn-carrier-harmony,0,1,0%,6,top-10,protect-ranking-review-ctr,hold,rollout-complete-plus-3-days,The URL ranks in the top ten; preserve the intent and review CTR only after rollout data stabilizes.
ranking118,baby,protect,,roundup,best-bottle-sterilizers-and-dryers,Which bottle sterilizer and dryer fits the real daily bottle and pump-part load?,https://baby.madabase.com/best/best-bottle-sterilizers-and-dryers,0,77,0%,42.31,position-40-plus,retarget-or-merge-review,hold,rollout-complete-plus-3-days,The established page is visible only at deep positions; evaluate demand and overlap before retargeting or merging.
ranking118,pet,recovery,,guide,open-top-self-cleaning-litter-boxes-compatibility-and-fit-guide,Will an open-top self-cleaning litter box fit the cat and the room?,https://pets.madabase.com/guides/open-top-self-cleaning-litter-boxes-compatibility-and-fit-guide,0,5,0%,11,position-11-20,strengthen-supporting-evidence,hold,rollout-complete-plus-3-days,The established page is on page two and is a focused supporting-evidence candidate after the update.
expansion757,network,recovery,indoor-wifi-access-points,buying,indoor-wifi-access-points-buying-guide,Indoor Wi-Fi Access Points Buying Guide,https://network.madabase.com/guides/indoor-wifi-access-points-buying-guide,0,0,0%,,zero-impression,family-merge-or-demand-review,hold,2026-08-23,"The URL has zero impressions and belongs to a site hit by the update; review family overlap, real demand and canonical choice at Day 14 without deleting it during rollout."
expansion757,network,recovery,indoor-wifi-access-points,comparison,indoor-wifi-access-points-vs-alternatives,Indoor Wi-Fi Access Points vs. mesh Wi-Fi systems,https://network.madabase.com/guides/indoor-wifi-access-points-vs-alternatives,0,0,0%,,zero-impression,family-merge-or-demand-review,hold,2026-08-23,"The URL has zero impressions and belongs to a site hit by the update; review family overlap, real demand and canonical choice at Day 14 without deleting it during rollout."
expansion757,network,recovery,indoor-wifi-access-points,fit,indoor-wifi-access-points-compatibility-and-fit-guide,Indoor Wi-Fi Access Points: Compatibility and Fit Guide,https://network.madabase.com/guides/indoor-wifi-access-points-compatibility-and-fit-guide,0,0,0%,,zero-impression,family-merge-or-demand-review,hold,2026-08-23,"The URL has zero impressions and belongs to a site hit by the update; review family overlap, real demand and canonical choice at Day 14 without deleting it during rollout."
expansion757,network,recovery,indoor-wifi-access-points,ownership,indoor-wifi-access-points-ownership-cost-and-maintenance,Indoor Wi-Fi Access Points: Ownership Cost and Maintenance,https://network.madabase.com/guides/indoor-wifi-access-points-ownership-cost-and-maintenance,0,2,0%,19,position-11-20,strengthen-evidence-after-rollout,hold,rollout-complete-plus-3-days,The page is within reach of page one; only evidence-backed internal support is justified after the comparison gate.
expansion757,network,recovery,outdoor-wifi-access-points,buying,outdoor-wifi-access-points-buying-guide,Outdoor Wi-Fi Access Points Buying Guide,https://network.madabase.com/guides/outdoor-wifi-access-points-buying-guide,0,0,0%,,zero-impression,family-merge-or-demand-review,hold,2026-08-23,"The URL has zero impressions and belongs to a site hit by the update; review family overlap, real demand and canonical choice at Day 14 without deleting it during rollout."
expansion757,network,recovery,outdoor-wifi-access-points,comparison,outdoor-wifi-access-points-vs-alternatives,Outdoor Wi-Fi Access Points vs. indoor access points in weather-protected locations,https://network.madabase.com/guides/outdoor-wifi-access-points-vs-alternatives,0,2,0%,28.5,position-21-40,query-fit-and-evidence-review,hold,rollout-complete-plus-3-days,"Mid-pack visibility on an affected host needs exact query-fit review after rollout, not a broad template rewrite."
expansion757,network,recovery,outdoor-wifi-access-points,fit,outdoor-wifi-access-points-compatibility-and-fit-guide,Outdoor Wi-Fi Access Points: Compatibility and Fit Guide,https://network.madabase.com/guides/outdoor-wifi-access-points-compatibility-and-fit-guide,0,0,0%,,zero-impression,family-merge-or-demand-review,hold,2026-08-23,"The URL has zero impressions and belongs to a site hit by the update; review family overlap, real demand and canonical choice at Day 14 without deleting it during rollout."
expansion757,network,recovery,outdoor-wifi-access-points,ownership,outdoor-wifi-access-points-ownership-cost-and-maintenance,Outdoor Wi-Fi Access Points: Ownership Cost and Maintenance,https://network.madabase.com/guides/outdoor-wifi-access-points-ownership-cost-and-maintenance,0,2,0%,75.5,position-40-plus,retarget-or-merge-review,hold,rollout-complete-plus-3-days,"Deep visibility requires an exact-query and family-overlap decision before any retarget, merge or canonical change."
expansion757,network,recovery,point-to-point-wireless-bridges,buying,point-to-point-wireless-bridges-buying-guide,Point-to-point Wireless Bridges Buying Guide,https://network.madabase.com/guides/point-to-point-wireless-bridges-buying-guide,0,2,0%,48.5,position-40-plus,retarget-or-merge-review,hold,rollout-complete-plus-3-days,"Deep visibility requires an exact-query and family-overlap decision before any retarget, merge or canonical change."
expansion757,network,recovery,point-to-point-wireless-bridges,comparison,point-to-point-wireless-bridges-vs-alternatives,Point-to-point Wireless Bridges vs. buried Ethernet or fiber links,https://network.madabase.com/guides/point-to-point-wireless-bridges-vs-alternatives,0,9,0%,65.33,position-40-plus,retarget-or-merge-review,hold,rollout-complete-plus-3-days,"Deep visibility requires an exact-query and family-overlap decision before any retarget, merge or canonical change."
expansion757,network,recovery,point-to-point-wireless-bridges,fit,point-to-point-wireless-bridges-compatibility-and-fit-guide,Point-to-point Wireless Bridges: Compatibility and Fit Guide,https://network.madabase.com/guides/point-to-point-wireless-bridges-compatibility-and-fit-guide,0,7,0%,63.43,position-40-plus,retarget-or-merge-review,hold,rollout-complete-plus-3-days,"Deep visibility requires an exact-query and family-overlap decision before any retarget, merge or canonical change."
expansion757,network,recovery,point-to-point-wireless-bridges,ownership,point-to-point-wireless-bridges-ownership-cost-and-maintenance,Point-to-point Wireless Bridges: Ownership Cost and Maintenance,https://network.madabase.com/guides/point-to-point-wireless-bridges-ownership-cost-and-maintenance,0,1,0%,6,top-10,protect-emerging-ranking,hold,now-protection-only,The page has an emerging top-ten position; preserve its exact intent and supporting path during rollout.
expansion757,network,recovery,wifi-range-extenders,buying,wifi-range-extenders-buying-guide,Wi-Fi Range Extenders Buying Guide,https://network.madabase.com/guides/wifi-range-extenders-buying-guide,0,0,0%,,zero-impression,family-merge-or-demand-review,hold,2026-08-23,"The URL has zero impressions and belongs to a site hit by the update; review family overlap, real demand and canonical choice at Day 14 without deleting it during rollout."
expansion757,network,recovery,wifi-range-extenders,comparison,wifi-range-extenders-vs-alternatives,Wi-Fi Range Extenders vs. mesh nodes or wired access points,https://network.madabase.com/guides/wifi-range-extenders-vs-alternatives,0,3,0%,47.33,position-40-plus,retarget-or-merge-review,hold,rollout-complete-plus-3-days,"Deep visibility requires an exact-query and family-overlap decision before any retarget, merge or canonical change."
expansion757,network,recovery,wifi-range-extenders,fit,wifi-range-extenders-compatibility-and-fit-guide,Wi-Fi Range Extenders: Compatibility and Fit Guide,https://network.madabase.com/guides/wifi-range-extenders-compatibility-and-fit-guide,0,0,0%,,zero-impression,family-merge-or-demand-review,hold,2026-08-23,"The URL has zero impressions and belongs to a site hit by the update; review family overlap, real demand and canonical choice at Day 14 without deleting it during rollout."
expansion757,network,recovery,wifi-range-extenders,ownership,wifi-range-extenders-ownership-cost-and-maintenance,Wi-Fi Range Extenders: Ownership Cost and Maintenance,https://network.madabase.com/guides/wifi-range-extenders-ownership-cost-and-maintenance,0,0,0%,,zero-impression,family-merge-or-demand-review,hold,2026-08-23,"The URL has zero impressions and belongs to a site hit by the update; review family overlap, real demand and canonical choice at Day 14 without deleting it during rollout."
expansion757,network,recovery,usb-wifi-adapters,buying,usb-wifi-adapters-buying-guide,USB Wi-Fi Adapters Buying Guide,https://network.madabase.com/guides/usb-wifi-adapters-buying-guide,0,0,0%,,zero-impression,family-merge-or-demand-review,hold,2026-08-23,"The URL has zero impressions and belongs to a site hit by the update; review family overlap, real demand and canonical choice at Day 14 without deleting it during rollout."
expansion757,network,recovery,usb-wifi-adapters,comparison,usb-wifi-adapters-vs-alternatives,USB Wi-Fi Adapters vs. PCIe Wi-Fi cards,https://network.madabase.com/guides/usb-wifi-adapters-vs-alternatives,0,0,0%,,zero-impression,family-merge-or-demand-review,hold,2026-08-23,"The URL has zero impressions and belongs to a site hit by the update; review family overlap, real demand and canonical choice at Day 14 without deleting it during rollout."
expansion757,network,recovery,usb-wifi-adapters,fit,usb-wifi-adapters-compatibility-and-fit-guide,USB Wi-Fi Adapters: Compatibility and Fit Guide,https://network.madabase.com/guides/usb-wifi-adapters-compatibility-and-fit-guide,0,0,0%,,zero-impression,family-merge-or-demand-review,hold,2026-08-23,"The URL has zero impressions and belongs to a site hit by the update; review family overlap, real demand and canonical choice at Day 14 without deleting it during rollout."
expansion757,network,recovery,usb-wifi-adapters,ownership,usb-wifi-adapters-ownership-cost-and-maintenance,USB Wi-Fi Adapters: Ownership Cost and Maintenance,https://network.madabase.com/guides/usb-wifi-adapters-ownership-cost-and-maintenance,0,0,0%,,zero-impression,family-merge-or-demand-review,hold,2026-08-23,"The URL has zero impressions and belongs to a site hit by the update; review family overlap, real demand and canonical choice at Day 14 without deleting it during rollout."
expansion757,network,recovery,pcie-wifi-adapters,buying,pcie-wifi-adapters-buying-guide,PCIe Wi-Fi Adapters Buying Guide,https://network.madabase.com/guides/pcie-wifi-adapters-buying-guide,0,0,0%,,zero-impression,family-merge-or-demand-review,hold,2026-08-23,"The URL has zero impressions and belongs to a site hit by the update; review family overlap, real demand and canonical choice at Day 14 without deleting it during rollout."
expansion757,network,recovery,pcie-wifi-adapters,comparison,pcie-wifi-adapters-vs-alternatives,PCIe Wi-Fi Adapters vs. USB Wi-Fi adapters,https://network.madabase.com/guides/pcie-wifi-adapters-vs-alternatives,0,8,0%,46.12,position-40-plus,retarget-or-merge-review,hold,rollout-complete-plus-3-days,"Deep visibility requires an exact-query and family-overlap decision before any retarget, merge or canonical change."
expansion757,network,recovery,pcie-wifi-adapters,fit,pcie-wifi-adapters-compatibility-and-fit-guide,PCIe Wi-Fi Adapters: Compatibility and Fit Guide,https://network.madabase.com/guides/pcie-wifi-adapters-compatibility-and-fit-guide,0,0,0%,,zero-impression,family-merge-or-demand-review,hold,2026-08-23,"The URL has zero impressions and belongs to a site hit by the update; review family overlap, real demand and canonical choice at Day 14 without deleting it during rollout."
expansion757,network,recovery,pcie-wifi-adapters,ownership,pcie-wifi-adapters-ownership-cost-and-maintenance,PCIe Wi-Fi Adapters: Ownership Cost and Maintenance,https://network.madabase.com/guides/pcie-wifi-adapters-ownership-cost-and-maintenance,0,1,0%,81,position-40-plus,retarget-or-merge-review,hold,rollout-complete-plus-3-days,"Deep visibility requires an exact-query and family-overlap decision before any retarget, merge or canonical change."
expansion757,network,recovery,moca-network-adapters,buying,moca-network-adapters-buying-guide,MoCA Network Adapters Buying Guide,https://network.madabase.com/guides/moca-network-adapters-buying-guide,0,0,0%,,zero-impression,family-merge-or-demand-review,hold,2026-08-23,"The URL has zero impressions and belongs to a site hit by the update; review family overlap, real demand and canonical choice at Day 14 without deleting it during rollout."
expansion757,network,recovery,moca-network-adapters,comparison,moca-network-adapters-vs-alternatives,MoCA Network Adapters vs. powerline or new Ethernet cabling,https://network.madabase.com/guides/moca-network-adapters-vs-alternatives,0,3,0%,52.67,position-40-plus,retarget-or-merge-review,hold,rollout-complete-plus-3-days,"Deep visibility requires an exact-query and family-overlap decision before any retarget, merge or canonical change."
expansion757,network,recovery,moca-network-adapters,fit,moca-network-adapters-compatibility-and-fit-guide,MoCA Network Adapters: Compatibility and Fit Guide,https://network.madabase.com/guides/moca-network-adapters-compatibility-and-fit-guide,0,2,0%,33.5,position-21-40,query-fit-and-evidence-review,hold,rollout-complete-plus-3-days,"Mid-pack visibility on an affected host needs exact query-fit review after rollout, not a broad template rewrite."
expansion757,network,recovery,moca-network-adapters,ownership,moca-network-adapters-ownership-cost-and-maintenance,MoCA Network Adapters: Ownership Cost and Maintenance,https://network.madabase.com/guides/moca-network-adapters-ownership-cost-and-maintenance,0,3,0%,38.33,position-21-40,query-fit-and-evidence-review,hold,rollout-complete-plus-3-days,"Mid-pack visibility on an affected host needs exact query-fit review after rollout, not a broad template rewrite."
expansion757,network,recovery,powerline-network-adapters,buying,powerline-network-adapters-buying-guide,Powerline Network Adapters Buying Guide,https://network.madabase.com/guides/powerline-network-adapters-buying-guide,0,0,0%,,zero-impression,family-merge-or-demand-review,hold,2026-08-23,"The URL has zero impressions and belongs to a site hit by the update; review family overlap, real demand and canonical choice at Day 14 without deleting it during rollout."
expansion757,network,recovery,powerline-network-adapters,comparison,powerline-network-adapters-vs-alternatives,Powerline Network Adapters vs. MoCA or wired access points,https://network.madabase.com/guides/powerline-network-adapters-vs-alternatives,0,6,0%,63.17,position-40-plus,retarget-or-merge-review,hold,rollout-complete-plus-3-days,"Deep visibility requires an exact-query and family-overlap decision before any retarget, merge or canonical change."
expansion757,network,recovery,powerline-network-adapters,fit,powerline-network-adapters-compatibility-and-fit-guide,Powerline Network Adapters: Compatibility and Fit Guide,https://network.madabase.com/guides/powerline-network-adapters-compatibility-and-fit-guide,0,0,0%,,zero-impression,family-merge-or-demand-review,hold,2026-08-23,"The URL has zero impressions and belongs to a site hit by the update; review family overlap, real demand and canonical choice at Day 14 without deleting it during rollout."
expansion757,network,recovery,powerline-network-adapters,ownership,powerline-network-adapters-ownership-cost-and-maintenance,Powerline Network Adapters: Ownership Cost and Maintenance,https://network.madabase.com/guides/powerline-network-adapters-ownership-cost-and-maintenance,0,2,0%,10.5,position-11-20,strengthen-evidence-after-rollout,hold,rollout-complete-plus-3-days,The page is within reach of page one; only evidence-backed internal support is justified after the comparison gate.
expansion757,network,recovery,ten-gigabit-ethernet-switches,buying,ten-gigabit-ethernet-switches-buying-guide,10GbE Switches Buying Guide,https://network.madabase.com/guides/ten-gigabit-ethernet-switches-buying-guide,0,0,0%,,zero-impression,family-merge-or-demand-review,hold,2026-08-23,"The URL has zero impressions and belongs to a site hit by the update; review family overlap, real demand and canonical choice at Day 14 without deleting it during rollout."
expansion757,network,recovery,ten-gigabit-ethernet-switches,comparison,ten-gigabit-ethernet-switches-vs-alternatives,10GbE Switches vs. 2.5GbE switches,https://network.madabase.com/guides/ten-gigabit-ethernet-switches-vs-alternatives,0,6,0%,46.67,position-40-plus,retarget-or-merge-review,hold,rollout-complete-plus-3-days,"Deep visibility requires an exact-query and family-overlap decision before any retarget, merge or canonical change."
expansion757,network,recovery,ten-gigabit-ethernet-switches,fit,ten-gigabit-ethernet-switches-compatibility-and-fit-guide,10GbE Switches: Compatibility and Fit Guide,https://network.madabase.com/guides/ten-gigabit-ethernet-switches-compatibility-and-fit-guide,0,0,0%,,zero-impression,family-merge-or-demand-review,hold,2026-08-23,"The URL has zero impressions and belongs to a site hit by the update; review family overlap, real demand and canonical choice at Day 14 without deleting it during rollout."
expansion757,network,recovery,ten-gigabit-ethernet-switches,ownership,ten-gigabit-ethernet-switches-ownership-cost-and-maintenance,10GbE Switches: Ownership Cost and Maintenance,https://network.madabase.com/guides/ten-gigabit-ethernet-switches-ownership-cost-and-maintenance,0,0,0%,,zero-impression,family-merge-or-demand-review,hold,2026-08-23,"The URL has zero impressions and belongs to a site hit by the update; review family overlap, real demand and canonical choice at Day 14 without deleting it during rollout."
expansion757,network,recovery,sfp-plus-network-switches,buying,sfp-plus-network-switches-buying-guide,SFP+ Network Switches Buying Guide,https://network.madabase.com/guides/sfp-plus-network-switches-buying-guide,0,4,0%,9.5,top-10,protect-emerging-ranking,hold,now-protection-only,The page has an emerging top-ten position; preserve its exact intent and supporting path during rollout.
expansion757,network,recovery,sfp-plus-network-switches,comparison,sfp-plus-network-switches-vs-alternatives,SFP+ Network Switches vs. RJ45 10GbE switches,https://network.madabase.com/guides/sfp-plus-network-switches-vs-alternatives,0,10,0%,58.2,position-40-plus,retarget-or-merge-review,hold,rollout-complete-plus-3-days,"Deep visibility requires an exact-query and family-overlap decision before any retarget, merge or canonical change."
expansion757,network,recovery,sfp-plus-network-switches,fit,sfp-plus-network-switches-compatibility-and-fit-guide,SFP+ Network Switches: Compatibility and Fit Guide,https://network.madabase.com/guides/sfp-plus-network-switches-compatibility-and-fit-guide,0,14,0%,19.93,position-11-20,strengthen-evidence-after-rollout,hold,rollout-complete-plus-3-days,The page is within reach of page one; only evidence-backed internal support is justified after the comparison gate.
expansion757,network,recovery,sfp-plus-network-switches,ownership,sfp-plus-network-switches-ownership-cost-and-maintenance,SFP+ Network Switches: Ownership Cost and Maintenance,https://network.madabase.com/guides/sfp-plus-network-switches-ownership-cost-and-maintenance,0,19,0%,6.11,top-10,protect-emerging-ranking,hold,now-protection-only,The page has an emerging top-ten position; preserve its exact intent and supporting path during rollout.
expansion757,network,recovery,ethernet-network-interface-cards,buying,ethernet-network-interface-cards-buying-guide,Ethernet Network Interface Cards Buying Guide,https://network.madabase.com/guides/ethernet-network-interface-cards-buying-guide,0,16,0%,51.5,position-40-plus,retarget-or-merge-review,hold,rollout-complete-plus-3-days,"Deep visibility requires an exact-query and family-overlap decision before any retarget, merge or canonical change."
expansion757,network,recovery,ethernet-network-interface-cards,comparison,ethernet-network-interface-cards-vs-alternatives,Ethernet Network Interface Cards vs. USB-C Ethernet adapters,https://network.madabase.com/guides/ethernet-network-interface-cards-vs-alternatives,0,11,0%,29.18,position-21-40,query-fit-and-evidence-review,hold,rollout-complete-plus-3-days,"Mid-pack visibility on an affected host needs exact query-fit review after rollout, not a broad template rewrite."
expansion757,network,recovery,ethernet-network-interface-cards,fit,ethernet-network-interface-cards-compatibility-and-fit-guide,Ethernet Network Interface Cards: Compatibility and Fit Guide,https://network.madabase.com/guides/ethernet-network-interface-cards-compatibility-and-fit-guide,0,7,0%,59.14,position-40-plus,retarget-or-merge-review,hold,rollout-complete-plus-3-days,"Deep visibility requires an exact-query and family-overlap decision before any retarget, merge or canonical change."
expansion757,network,recovery,ethernet-network-interface-cards,ownership,ethernet-network-interface-cards-ownership-cost-and-maintenance,Ethernet Network Interface Cards: Ownership Cost and Maintenance,https://network.madabase.com/guides/ethernet-network-interface-cards-ownership-cost-and-maintenance,0,0,0%,,zero-impression,family-merge-or-demand-review,hold,2026-08-23,"The URL has zero impressions and belongs to a site hit by the update; review family overlap, real demand and canonical choice at Day 14 without deleting it during rollout."
expansion757,network,recovery,usb-c-ethernet-adapters,buying,usb-c-ethernet-adapters-buying-guide,USB-C Ethernet Adapters Buying Guide,https://network.madabase.com/guides/usb-c-ethernet-adapters-buying-guide,0,0,0%,,zero-impression,family-merge-or-demand-review,hold,2026-08-23,"The URL has zero impressions and belongs to a site hit by the update; review family overlap, real demand and canonical choice at Day 14 without deleting it during rollout."
expansion757,network,recovery,usb-c-ethernet-adapters,comparison,usb-c-ethernet-adapters-vs-alternatives,USB-C Ethernet Adapters vs. internal network interface cards,https://network.madabase.com/guides/usb-c-ethernet-adapters-vs-alternatives,0,2,0%,17,position-11-20,strengthen-evidence-after-rollout,hold,rollout-complete-plus-3-days,The page is within reach of page one; only evidence-backed internal support is justified after the comparison gate.
expansion757,network,recovery,usb-c-ethernet-adapters,fit,usb-c-ethernet-adapters-compatibility-and-fit-guide,USB-C Ethernet Adapters: Compatibility and Fit Guide,https://network.madabase.com/guides/usb-c-ethernet-adapters-compatibility-and-fit-guide,0,0,0%,,zero-impression,family-merge-or-demand-review,hold,2026-08-23,"The URL has zero impressions and belongs to a site hit by the update; review family overlap, real demand and canonical choice at Day 14 without deleting it during rollout."
expansion757,network,recovery,usb-c-ethernet-adapters,ownership,usb-c-ethernet-adapters-ownership-cost-and-maintenance,USB-C Ethernet Adapters: Ownership Cost and Maintenance,https://network.madabase.com/guides/usb-c-ethernet-adapters-ownership-cost-and-maintenance,0,1,0%,17,position-11-20,strengthen-evidence-after-rollout,hold,rollout-complete-plus-3-days,The page is within reach of page one; only evidence-backed internal support is justified after the comparison gate.
expansion757,network,recovery,poe-injectors,buying,poe-injectors-buying-guide,PoE Injectors Buying Guide,https://network.madabase.com/guides/poe-injectors-buying-guide,0,0,0%,,zero-impression,family-merge-or-demand-review,hold,2026-08-23,"The URL has zero impressions and belongs to a site hit by the update; review family overlap, real demand and canonical choice at Day 14 without deleting it during rollout."
expansion757,network,recovery,poe-injectors,comparison,poe-injectors-vs-alternatives,PoE Injectors vs. PoE switches,https://network.madabase.com/guides/poe-injectors-vs-alternatives,0,5,0%,43.6,position-40-plus,retarget-or-merge-review,hold,rollout-complete-plus-3-days,"Deep visibility requires an exact-query and family-overlap decision before any retarget, merge or canonical change."
expansion757,network,recovery,poe-injectors,fit,poe-injectors-compatibility-and-fit-guide,PoE Injectors: Compatibility and Fit Guide,https://network.madabase.com/guides/poe-injectors-compatibility-and-fit-guide,0,1,0%,54,position-40-plus,retarget-or-merge-review,hold,rollout-complete-plus-3-days,"Deep visibility requires an exact-query and family-overlap decision before any retarget, merge or canonical change."
expansion757,network,recovery,poe-injectors,ownership,poe-injectors-ownership-cost-and-maintenance,PoE Injectors: Ownership Cost and Maintenance,https://network.madabase.com/guides/poe-injectors-ownership-cost-and-maintenance,0,0,0%,,zero-impression,family-merge-or-demand-review,hold,2026-08-23,"The URL has zero impressions and belongs to a site hit by the update; review family overlap, real demand and canonical choice at Day 14 without deleting it during rollout."
expansion757,network,recovery,poe-splitters,buying,poe-splitters-buying-guide,PoE Splitters Buying Guide,https://network.madabase.com/guides/poe-splitters-buying-guide,0,0,0%,,zero-impression,family-merge-or-demand-review,hold,2026-08-23,"The URL has zero impressions and belongs to a site hit by the update; review family overlap, real demand and canonical choice at Day 14 without deleting it during rollout."
expansion757,network,recovery,poe-splitters,comparison,poe-splitters-vs-alternatives,PoE Splitters vs. local device power adapters,https://network.madabase.com/guides/poe-splitters-vs-alternatives,0,7,0%,26.71,position-21-40,query-fit-and-evidence-review,hold,rollout-complete-plus-3-days,"Mid-pack visibility on an affected host needs exact query-fit review after rollout, not a broad template rewrite."
expansion757,network,recovery,poe-splitters,fit,poe-splitters-compatibility-and-fit-guide,PoE Splitters: Compatibility and Fit Guide,https://network.madabase.com/guides/poe-splitters-compatibility-and-fit-guide,0,0,0%,,zero-impression,family-merge-or-demand-review,hold,2026-08-23,"The URL has zero impressions and belongs to a site hit by the update; review family overlap, real demand and canonical choice at Day 14 without deleting it during rollout."
expansion757,network,recovery,poe-splitters,ownership,poe-splitters-ownership-cost-and-maintenance,PoE Splitters: Ownership Cost and Maintenance,https://network.madabase.com/guides/poe-splitters-ownership-cost-and-maintenance,0,2,0%,8.5,top-10,protect-emerging-ranking,hold,now-protection-only,The page has an emerging top-ten position; preserve its exact intent and supporting path during rollout.
expansion757,network,recovery,poe-extenders,buying,poe-extenders-buying-guide,PoE Extenders Buying Guide,https://network.madabase.com/guides/poe-extenders-buying-guide,0,0,0%,,zero-impression,family-merge-or-demand-review,hold,2026-08-23,"The URL has zero impressions and belongs to a site hit by the update; review family overlap, real demand and canonical choice at Day 14 without deleting it during rollout."
expansion757,network,recovery,poe-extenders,comparison,poe-extenders-vs-alternatives,PoE Extenders vs. fiber or a closer powered switch,https://network.madabase.com/guides/poe-extenders-vs-alternatives,0,1,0%,21,position-21-40,query-fit-and-evidence-review,hold,rollout-complete-plus-3-days,"Mid-pack visibility on an affected host needs exact query-fit review after rollout, not a broad template rewrite."
expansion757,network,recovery,poe-extenders,fit,poe-extenders-compatibility-and-fit-guide,PoE Extenders: Compatibility and Fit Guide,https://network.madabase.com/guides/poe-extenders-compatibility-and-fit-guide,0,0,0%,,zero-impression,family-merge-or-demand-review,hold,2026-08-23,"The URL has zero impressions and belongs to a site hit by the update; review family overlap, real demand and canonical choice at Day 14 without deleting it during rollout."
expansion757,network,recovery,poe-extenders,ownership,poe-extenders-ownership-cost-and-maintenance,PoE Extenders: Ownership Cost and Maintenance,https://network.madabase.com/guides/poe-extenders-ownership-cost-and-maintenance,0,0,0%,,zero-impression,family-merge-or-demand-review,hold,2026-08-23,"The URL has zero impressions and belongs to a site hit by the update; review family overlap, real demand and canonical choice at Day 14 without deleting it during rollout."
expansion757,network,recovery,sfp-plus-transceivers,buying,sfp-plus-transceivers-buying-guide,SFP+ Transceivers Buying Guide,https://network.madabase.com/guides/sfp-plus-transceivers-buying-guide,0,0,0%,,zero-impression,family-merge-or-demand-review,hold,2026-08-23,"The URL has zero impressions and belongs to a site hit by the update; review family overlap, real demand and canonical choice at Day 14 without deleting it during rollout."
expansion757,network,recovery,sfp-plus-transceivers,comparison,sfp-plus-transceivers-vs-alternatives,SFP+ Transceivers vs. direct-attach copper cables,https://network.madabase.com/guides/sfp-plus-transceivers-vs-alternatives,0,1,0%,81,position-40-plus,retarget-or-merge-review,hold,rollout-complete-plus-3-days,"Deep visibility requires an exact-query and family-overlap decision before any retarget, merge or canonical change."
expansion757,network,recovery,sfp-plus-transceivers,fit,sfp-plus-transceivers-compatibility-and-fit-guide,SFP+ Transceivers: Compatibility and Fit Guide,https://network.madabase.com/guides/sfp-plus-transceivers-compatibility-and-fit-guide,0,14,0%,74.93,position-40-plus,retarget-or-merge-review,hold,rollout-complete-plus-3-days,"Deep visibility requires an exact-query and family-overlap decision before any retarget, merge or canonical change."
expansion757,network,recovery,sfp-plus-transceivers,ownership,sfp-plus-transceivers-ownership-cost-and-maintenance,SFP+ Transceivers: Ownership Cost and Maintenance,https://network.madabase.com/guides/sfp-plus-transceivers-ownership-cost-and-maintenance,0,1,0%,11,position-11-20,strengthen-evidence-after-rollout,hold,rollout-complete-plus-3-days,The page is within reach of page one; only evidence-backed internal support is justified after the comparison gate.
expansion757,network,recovery,direct-attach-copper-cables,buying,direct-attach-copper-cables-buying-guide,Direct-attach Copper Cables Buying Guide,https://network.madabase.com/guides/direct-attach-copper-cables-buying-guide,0,3,0%,82,position-40-plus,retarget-or-merge-review,hold,rollout-complete-plus-3-days,"Deep visibility requires an exact-query and family-overlap decision before any retarget, merge or canonical change."
expansion757,network,recovery,direct-attach-copper-cables,comparison,direct-attach-copper-cables-vs-alternatives,Direct-attach Copper Cables vs. optical transceivers and fiber,https://network.madabase.com/guides/direct-attach-copper-cables-vs-alternatives,0,4,0%,51.5,position-40-plus,retarget-or-merge-review,hold,rollout-complete-plus-3-days,"Deep visibility requires an exact-query and family-overlap decision before any retarget, merge or canonical change."
expansion757,network,recovery,direct-attach-copper-cables,fit,direct-attach-copper-cables-compatibility-and-fit-guide,Direct-attach Copper Cables: Compatibility and Fit Guide,https://network.madabase.com/guides/direct-attach-copper-cables-compatibility-and-fit-guide,0,0,0%,,zero-impression,family-merge-or-demand-review,hold,2026-08-23,"The URL has zero impressions and belongs to a site hit by the update; review family overlap, real demand and canonical choice at Day 14 without deleting it during rollout."
expansion757,network,recovery,direct-attach-copper-cables,ownership,direct-attach-copper-cables-ownership-cost-and-maintenance,Direct-attach Copper Cables: Ownership Cost and Maintenance,https://network.madabase.com/guides/direct-attach-copper-cables-ownership-cost-and-maintenance,0,1,0%,10,top-10,protect-emerging-ranking,hold,now-protection-only,The page has an emerging top-ten position; preserve its exact intent and supporting path during rollout.
expansion757,network,recovery,fiber-media-converters,buying,fiber-media-converters-buying-guide,Fiber Media Converters Buying Guide,https://network.madabase.com/guides/fiber-media-converters-buying-guide,0,0,0%,,zero-impression,family-merge-or-demand-review,hold,2026-08-23,"The URL has zero impressions and belongs to a site hit by the update; review family overlap, real demand and canonical choice at Day 14 without deleting it during rollout."
expansion757,network,recovery,fiber-media-converters,comparison,fiber-media-converters-vs-alternatives,Fiber Media Converters vs. switches with native fiber ports,https://network.madabase.com/guides/fiber-media-converters-vs-alternatives,0,1,0%,34,position-21-40,query-fit-and-evidence-review,hold,rollout-complete-plus-3-days,"Mid-pack visibility on an affected host needs exact query-fit review after rollout, not a broad template rewrite."
expansion757,network,recovery,fiber-media-converters,fit,fiber-media-converters-compatibility-and-fit-guide,Fiber Media Converters: Compatibility and Fit Guide,https://network.madabase.com/guides/fiber-media-converters-compatibility-and-fit-guide,0,0,0%,,zero-impression,family-merge-or-demand-review,hold,2026-08-23,"The URL has zero impressions and belongs to a site hit by the update; review family overlap, real demand and canonical choice at Day 14 without deleting it during rollout."
expansion757,network,recovery,fiber-media-converters,ownership,fiber-media-converters-ownership-cost-and-maintenance,Fiber Media Converters: Ownership Cost and Maintenance,https://network.madabase.com/guides/fiber-media-converters-ownership-cost-and-maintenance,0,0,0%,,zero-impression,family-merge-or-demand-review,hold,2026-08-23,"The URL has zero impressions and belongs to a site hit by the update; review family overlap, real demand and canonical choice at Day 14 without deleting it during rollout."
expansion757,network,recovery,network-attached-storage,buying,network-attached-storage-buying-guide,Network-attached Storage Appliances Buying Guide,https://network.madabase.com/guides/network-attached-storage-buying-guide,0,0,0%,,zero-impression,family-merge-or-demand-review,hold,2026-08-23,"The URL has zero impressions and belongs to a site hit by the update; review family overlap, real demand and canonical choice at Day 14 without deleting it during rollout."
expansion757,network,recovery,network-attached-storage,comparison,network-attached-storage-vs-alternatives,Network-attached Storage Appliances vs. direct-attached storage or cloud storage,https://network.madabase.com/guides/network-attached-storage-vs-alternatives,0,2,0%,5,top-10,protect-emerging-ranking,hold,now-protection-only,The page has an emerging top-ten position; preserve its exact intent and supporting path during rollout.
expansion757,network,recovery,network-attached-storage,fit,network-attached-storage-compatibility-and-fit-guide,Network-attached Storage Appliances: Compatibility and Fit Guide,https://network.madabase.com/guides/network-attached-storage-compatibility-and-fit-guide,0,1,0%,4,top-10,protect-emerging-ranking,hold,now-protection-only,The page has an emerging top-ten position; preserve its exact intent and supporting path during rollout.
expansion757,network,recovery,network-attached-storage,ownership,network-attached-storage-ownership-cost-and-maintenance,Network-attached Storage Appliances: Ownership Cost and Maintenance,https://network.madabase.com/guides/network-attached-storage-ownership-cost-and-maintenance,0,2,0%,2.5,top-10,protect-emerging-ranking,hold,now-protection-only,The page has an emerging top-ten position; preserve its exact intent and supporting path during rollout.
expansion757,network,recovery,hardware-firewall-appliances,buying,hardware-firewall-appliances-buying-guide,Hardware Firewall Appliances Buying Guide,https://network.madabase.com/guides/hardware-firewall-appliances-buying-guide,0,2,0%,80,position-40-plus,retarget-or-merge-review,hold,rollout-complete-plus-3-days,"Deep visibility requires an exact-query and family-overlap decision before any retarget, merge or canonical change."
expansion757,network,recovery,hardware-firewall-appliances,comparison,hardware-firewall-appliances-vs-alternatives,Hardware Firewall Appliances vs. security features built into a router,https://network.madabase.com/guides/hardware-firewall-appliances-vs-alternatives,0,0,0%,,zero-impression,family-merge-or-demand-review,hold,2026-08-23,"The URL has zero impressions and belongs to a site hit by the update; review family overlap, real demand and canonical choice at Day 14 without deleting it during rollout."
expansion757,network,recovery,hardware-firewall-appliances,fit,hardware-firewall-appliances-compatibility-and-fit-guide,Hardware Firewall Appliances: Compatibility and Fit Guide,https://network.madabase.com/guides/hardware-firewall-appliances-compatibility-and-fit-guide,0,5,0%,60.6,position-40-plus,retarget-or-merge-review,hold,rollout-complete-plus-3-days,"Deep visibility requires an exact-query and family-overlap decision before any retarget, merge or canonical change."
expansion757,network,recovery,hardware-firewall-appliances,ownership,hardware-firewall-appliances-ownership-cost-and-maintenance,Hardware Firewall Appliances: Ownership Cost and Maintenance,https://network.madabase.com/guides/hardware-firewall-appliances-ownership-cost-and-maintenance,0,1,0%,10,top-10,protect-emerging-ranking,hold,now-protection-only,The page has an emerging top-ten position; preserve its exact intent and supporting path during rollout.
expansion757,network,recovery,vpn-gateways,buying,vpn-gateways-buying-guide,Dedicated VPN Gateways Buying Guide,https://network.madabase.com/guides/vpn-gateways-buying-guide,0,0,0%,,zero-impression,family-merge-or-demand-review,hold,2026-08-23,"The URL has zero impressions and belongs to a site hit by the update; review family overlap, real demand and canonical choice at Day 14 without deleting it during rollout."
expansion757,network,recovery,vpn-gateways,comparison,vpn-gateways-vs-alternatives,Dedicated VPN Gateways vs. router-based VPN service,https://network.madabase.com/guides/vpn-gateways-vs-alternatives,0,0,0%,,zero-impression,family-merge-or-demand-review,hold,2026-08-23,"The URL has zero impressions and belongs to a site hit by the update; review family overlap, real demand and canonical choice at Day 14 without deleting it during rollout."
expansion757,network,recovery,vpn-gateways,fit,vpn-gateways-compatibility-and-fit-guide,Dedicated VPN Gateways: Compatibility and Fit Guide,https://network.madabase.com/guides/vpn-gateways-compatibility-and-fit-guide,0,0,0%,,zero-impression,family-merge-or-demand-review,hold,2026-08-23,"The URL has zero impressions and belongs to a site hit by the update; review family overlap, real demand and canonical choice at Day 14 without deleting it during rollout."
expansion757,network,recovery,vpn-gateways,ownership,vpn-gateways-ownership-cost-and-maintenance,Dedicated VPN Gateways: Ownership Cost and Maintenance,https://network.madabase.com/guides/vpn-gateways-ownership-cost-and-maintenance,0,1,0%,79,position-40-plus,retarget-or-merge-review,hold,rollout-complete-plus-3-days,"Deep visibility requires an exact-query and family-overlap decision before any retarget, merge or canonical change."
expansion757,network,recovery,dual-wan-routers,buying,dual-wan-routers-buying-guide,Dual-WAN Routers Buying Guide,https://network.madabase.com/guides/dual-wan-routers-buying-guide,0,4,0%,49.25,position-40-plus,retarget-or-merge-review,hold,rollout-complete-plus-3-days,"Deep visibility requires an exact-query and family-overlap decision before any retarget, merge or canonical change."
expansion757,network,recovery,dual-wan-routers,comparison,dual-wan-routers-vs-alternatives,Dual-WAN Routers vs. a standard router with manual failover,https://network.madabase.com/guides/dual-wan-routers-vs-alternatives,0,3,0%,45.67,position-40-plus,retarget-or-merge-review,hold,rollout-complete-plus-3-days,"Deep visibility requires an exact-query and family-overlap decision before any retarget, merge or canonical change."
expansion757,network,recovery,dual-wan-routers,fit,dual-wan-routers-compatibility-and-fit-guide,Dual-WAN Routers: Compatibility and Fit Guide,https://network.madabase.com/guides/dual-wan-routers-compatibility-and-fit-guide,0,17,0%,47.29,position-40-plus,retarget-or-merge-review,hold,rollout-complete-plus-3-days,"Deep visibility requires an exact-query and family-overlap decision before any retarget, merge or canonical change."
expansion757,network,recovery,dual-wan-routers,ownership,dual-wan-routers-ownership-cost-and-maintenance,Dual-WAN Routers: Ownership Cost and Maintenance,https://network.madabase.com/guides/dual-wan-routers-ownership-cost-and-maintenance,0,0,0%,,zero-impression,family-merge-or-demand-review,hold,2026-08-23,"The URL has zero impressions and belongs to a site hit by the update; review family overlap, real demand and canonical choice at Day 14 without deleting it during rollout."
expansion757,network,recovery,five-g-home-internet-gateways,buying,five-g-home-internet-gateways-buying-guide,5G Home Internet Gateways Buying Guide,https://network.madabase.com/guides/five-g-home-internet-gateways-buying-guide,0,0,0%,,zero-impression,family-merge-or-demand-review,hold,2026-08-23,"The URL has zero impressions and belongs to a site hit by the update; review family overlap, real demand and canonical choice at Day 14 without deleting it during rollout."
expansion757,network,recovery,five-g-home-internet-gateways,comparison,five-g-home-internet-gateways-vs-alternatives,5G Home Internet Gateways vs. cable or fiber internet,https://network.madabase.com/guides/five-g-home-internet-gateways-vs-alternatives,0,3,0%,38,position-21-40,query-fit-and-evidence-review,hold,rollout-complete-plus-3-days,"Mid-pack visibility on an affected host needs exact query-fit review after rollout, not a broad template rewrite."
expansion757,network,recovery,five-g-home-internet-gateways,fit,five-g-home-internet-gateways-compatibility-and-fit-guide,5G Home Internet Gateways: Compatibility and Fit Guide,https://network.madabase.com/guides/five-g-home-internet-gateways-compatibility-and-fit-guide,0,4,0%,44.25,position-40-plus,retarget-or-merge-review,hold,rollout-complete-plus-3-days,"Deep visibility requires an exact-query and family-overlap decision before any retarget, merge or canonical change."
expansion757,network,recovery,five-g-home-internet-gateways,ownership,five-g-home-internet-gateways-ownership-cost-and-maintenance,5G Home Internet Gateways: Ownership Cost and Maintenance,https://network.madabase.com/guides/five-g-home-internet-gateways-ownership-cost-and-maintenance,0,0,0%,,zero-impression,family-merge-or-demand-review,hold,2026-08-23,"The URL has zero impressions and belongs to a site hit by the update; review family overlap, real demand and canonical choice at Day 14 without deleting it during rollout."
expansion757,network,recovery,mobile-hotspots,buying,mobile-hotspots-buying-guide,Mobile Hotspots Buying Guide,https://network.madabase.com/guides/mobile-hotspots-buying-guide,0,0,0%,,zero-impression,family-merge-or-demand-review,hold,2026-08-23,"The URL has zero impressions and belongs to a site hit by the update; review family overlap, real demand and canonical choice at Day 14 without deleting it during rollout."
expansion757,network,recovery,mobile-hotspots,comparison,mobile-hotspots-vs-alternatives,Mobile Hotspots vs. phone tethering or travel routers,https://network.madabase.com/guides/mobile-hotspots-vs-alternatives,0,0,0%,,zero-impression,family-merge-or-demand-review,hold,2026-08-23,"The URL has zero impressions and belongs to a site hit by the update; review family overlap, real demand and canonical choice at Day 14 without deleting it during rollout."
expansion757,network,recovery,mobile-hotspots,fit,mobile-hotspots-compatibility-and-fit-guide,Mobile Hotspots: Compatibility and Fit Guide,https://network.madabase.com/guides/mobile-hotspots-compatibility-and-fit-guide,0,0,0%,,zero-impression,family-merge-or-demand-review,hold,2026-08-23,"The URL has zero impressions and belongs to a site hit by the update; review family overlap, real demand and canonical choice at Day 14 without deleting it during rollout."
expansion757,network,recovery,mobile-hotspots,ownership,mobile-hotspots-ownership-cost-and-maintenance,Mobile Hotspots: Ownership Cost and Maintenance,https://network.madabase.com/guides/mobile-hotspots-ownership-cost-and-maintenance,0,0,0%,,zero-impression,family-merge-or-demand-review,hold,2026-08-23,"The URL has zero impressions and belongs to a site hit by the update; review family overlap, real demand and canonical choice at Day 14 without deleting it during rollout."
expansion757,network,recovery,home-network-racks,buying,home-network-racks-buying-guide,Home Network Racks Buying Guide,https://network.madabase.com/guides/home-network-racks-buying-guide,0,0,0%,,zero-impression,family-merge-or-demand-review,hold,2026-08-23,"The URL has zero impressions and belongs to a site hit by the update; review family overlap, real demand and canonical choice at Day 14 without deleting it during rollout."
expansion757,network,recovery,home-network-racks,comparison,home-network-racks-vs-alternatives,Home Network Racks vs. wall shelves or structured-media cabinets,https://network.madabase.com/guides/home-network-racks-vs-alternatives,0,3,0%,6.67,top-10,protect-emerging-ranking,hold,now-protection-only,The page has an emerging top-ten position; preserve its exact intent and supporting path during rollout.
expansion757,network,recovery,home-network-racks,fit,home-network-racks-compatibility-and-fit-guide,Home Network Racks: Compatibility and Fit Guide,https://network.madabase.com/guides/home-network-racks-compatibility-and-fit-guide,0,0,0%,,zero-impression,family-merge-or-demand-review,hold,2026-08-23,"The URL has zero impressions and belongs to a site hit by the update; review family overlap, real demand and canonical choice at Day 14 without deleting it during rollout."
expansion757,network,recovery,home-network-racks,ownership,home-network-racks-ownership-cost-and-maintenance,Home Network Racks: Ownership Cost and Maintenance,https://network.madabase.com/guides/home-network-racks-ownership-cost-and-maintenance,0,1,0%,10,top-10,protect-emerging-ranking,hold,now-protection-only,The page has an emerging top-ten position; preserve its exact intent and supporting path during rollout.
expansion757,network,recovery,ethernet-patch-panels,buying,ethernet-patch-panels-buying-guide,Ethernet Patch Panels Buying Guide,https://network.madabase.com/guides/ethernet-patch-panels-buying-guide,0,0,0%,,zero-impression,family-merge-or-demand-review,hold,2026-08-23,"The URL has zero impressions and belongs to a site hit by the update; review family overlap, real demand and canonical choice at Day 14 without deleting it during rollout."
expansion757,network,recovery,ethernet-patch-panels,comparison,ethernet-patch-panels-vs-alternatives,Ethernet Patch Panels vs. direct cable termination,https://network.madabase.com/guides/ethernet-patch-panels-vs-alternatives,0,1,0%,8,top-10,protect-emerging-ranking,hold,now-protection-only,The page has an emerging top-ten position; preserve its exact intent and supporting path during rollout.
expansion757,network,recovery,ethernet-patch-panels,fit,ethernet-patch-panels-compatibility-and-fit-guide,Ethernet Patch Panels: Compatibility and Fit Guide,https://network.madabase.com/guides/ethernet-patch-panels-compatibility-and-fit-guide,0,0,0%,,zero-impression,family-merge-or-demand-review,hold,2026-08-23,"The URL has zero impressions and belongs to a site hit by the update; review family overlap, real demand and canonical choice at Day 14 without deleting it during rollout."
expansion757,network,recovery,ethernet-patch-panels,ownership,ethernet-patch-panels-ownership-cost-and-maintenance,Ethernet Patch Panels: Ownership Cost and Maintenance,https://network.madabase.com/guides/ethernet-patch-panels-ownership-cost-and-maintenance,0,3,0%,6.67,top-10,protect-emerging-ranking,hold,now-protection-only,The page has an emerging top-ten position; preserve its exact intent and supporting path during rollout.
expansion757,network,recovery,ethernet-cable-testers,buying,ethernet-cable-testers-buying-guide,Ethernet Cable Testers Buying Guide,https://network.madabase.com/guides/ethernet-cable-testers-buying-guide,0,0,0%,,zero-impression,family-merge-or-demand-review,hold,2026-08-23,"The URL has zero impressions and belongs to a site hit by the update; review family overlap, real demand and canonical choice at Day 14 without deleting it during rollout."
expansion757,network,recovery,ethernet-cable-testers,comparison,ethernet-cable-testers-vs-alternatives,Ethernet Cable Testers vs. basic continuity testers or professional certification,https://network.madabase.com/guides/ethernet-cable-testers-vs-alternatives,0,1,0%,5,top-10,protect-emerging-ranking,hold,now-protection-only,The page has an emerging top-ten position; preserve its exact intent and supporting path during rollout.
expansion757,network,recovery,ethernet-cable-testers,fit,ethernet-cable-testers-compatibility-and-fit-guide,Ethernet Cable Testers: Compatibility and Fit Guide,https://network.madabase.com/guides/ethernet-cable-testers-compatibility-and-fit-guide,0,8,0%,37.75,position-21-40,query-fit-and-evidence-review,hold,rollout-complete-plus-3-days,"Mid-pack visibility on an affected host needs exact query-fit review after rollout, not a broad template rewrite."
expansion757,network,recovery,ethernet-cable-testers,ownership,ethernet-cable-testers-ownership-cost-and-maintenance,Ethernet Cable Testers: Ownership Cost and Maintenance,https://network.madabase.com/guides/ethernet-cable-testers-ownership-cost-and-maintenance,0,2,0%,9.5,top-10,protect-emerging-ranking,hold,now-protection-only,The page has an emerging top-ten position; preserve its exact intent and supporting path during rollout.
expansion757,smarthome,recovery,matter-smart-bulbs,buying,matter-smart-bulbs-buying-guide,Matter Smart Bulbs Buying Guide,https://smarthome.madabase.com/guides/matter-smart-bulbs-buying-guide,0,0,0%,,zero-impression,family-merge-or-demand-review,hold,2026-08-23,"The URL has zero impressions and belongs to a site hit by the update; review family overlap, real demand and canonical choice at Day 14 without deleting it during rollout."
expansion757,smarthome,recovery,matter-smart-bulbs,comparison,matter-smart-bulbs-vs-alternatives,Matter Smart Bulbs vs. smart switches,https://smarthome.madabase.com/guides/matter-smart-bulbs-vs-alternatives,0,1,0%,6,top-10,protect-emerging-ranking,hold,now-protection-only,The page has an emerging top-ten position; preserve its exact intent and supporting path during rollout.
expansion757,smarthome,recovery,matter-smart-bulbs,fit,matter-smart-bulbs-compatibility-and-fit-guide,Matter Smart Bulbs: Compatibility and Fit Guide,https://smarthome.madabase.com/guides/matter-smart-bulbs-compatibility-and-fit-guide,0,0,0%,,zero-impression,family-merge-or-demand-review,hold,2026-08-23,"The URL has zero impressions and belongs to a site hit by the update; review family overlap, real demand and canonical choice at Day 14 without deleting it during rollout."
expansion757,smarthome,recovery,matter-smart-bulbs,ownership,matter-smart-bulbs-ownership-cost-and-maintenance,Matter Smart Bulbs: Ownership Cost and Maintenance,https://smarthome.madabase.com/guides/matter-smart-bulbs-ownership-cost-and-maintenance,0,0,0%,,zero-impression,family-merge-or-demand-review,hold,2026-08-23,"The URL has zero impressions and belongs to a site hit by the update; review family overlap, real demand and canonical choice at Day 14 without deleting it during rollout."
expansion757,smarthome,recovery,matter-smart-bulbs,workflow,matter-smart-bulbs-setup-and-daily-workflow,Matter Smart Bulbs: Setup and Daily Workflow,https://smarthome.madabase.com/guides/matter-smart-bulbs-setup-and-daily-workflow,0,8,0%,55.5,position-40-plus,retarget-or-merge-review,hold,rollout-complete-plus-3-days,"Deep visibility requires an exact-query and family-overlap decision before any retarget, merge or canonical change."
expansion757,smarthome,recovery,smart-light-strips,buying,smart-light-strips-buying-guide,Smart Light Strips Buying Guide,https://smarthome.madabase.com/guides/smart-light-strips-buying-guide,0,0,0%,,zero-impression,family-merge-or-demand-review,hold,2026-08-23,"The URL has zero impressions and belongs to a site hit by the update; review family overlap, real demand and canonical choice at Day 14 without deleting it during rollout."
expansion757,smarthome,recovery,smart-light-strips,comparison,smart-light-strips-vs-alternatives,Smart Light Strips vs. smart bulbs or fixed accent lighting,https://smarthome.madabase.com/guides/smart-light-strips-vs-alternatives,0,0,0%,,zero-impression,family-merge-or-demand-review,hold,2026-08-23,"The URL has zero impressions and belongs to a site hit by the update; review family overlap, real demand and canonical choice at Day 14 without deleting it during rollout."
expansion757,smarthome,recovery,smart-light-strips,fit,smart-light-strips-compatibility-and-fit-guide,Smart Light Strips: Compatibility and Fit Guide,https://smarthome.madabase.com/guides/smart-light-strips-compatibility-and-fit-guide,0,0,0%,,zero-impression,family-merge-or-demand-review,hold,2026-08-23,"The URL has zero impressions and belongs to a site hit by the update; review family overlap, real demand and canonical choice at Day 14 without deleting it during rollout."
expansion757,smarthome,recovery,smart-light-strips,ownership,smart-light-strips-ownership-cost-and-maintenance,Smart Light Strips: Ownership Cost and Maintenance,https://smarthome.madabase.com/guides/smart-light-strips-ownership-cost-and-maintenance,0,2,0%,2.5,top-10,protect-emerging-ranking,hold,now-protection-only,The page has an emerging top-ten position; preserve its exact intent and supporting path during rollout.
expansion757,smarthome,recovery,smart-light-strips,workflow,smart-light-strips-setup-and-daily-workflow,Smart Light Strips: Setup and Daily Workflow,https://smarthome.madabase.com/guides/smart-light-strips-setup-and-daily-workflow,0,0,0%,,zero-impression,family-merge-or-demand-review,hold,2026-08-23,"The URL has zero impressions and belongs to a site hit by the update; review family overlap, real demand and canonical choice at Day 14 without deleting it during rollout."
expansion757,smarthome,recovery,smart-wall-switches,buying,smart-wall-switches-buying-guide,Smart Wall Switches Buying Guide,https://smarthome.madabase.com/guides/smart-wall-switches-buying-guide,0,0,0%,,zero-impression,family-merge-or-demand-review,hold,2026-08-23,"The URL has zero impressions and belongs to a site hit by the update; review family overlap, real demand and canonical choice at Day 14 without deleting it during rollout."
expansion757,smarthome,recovery,smart-wall-switches,comparison,smart-wall-switches-vs-alternatives,Smart Wall Switches vs. smart bulbs,https://smarthome.madabase.com/guides/smart-wall-switches-vs-alternatives,0,0,0%,,zero-impression,family-merge-or-demand-review,hold,2026-08-23,"The URL has zero impressions and belongs to a site hit by the update; review family overlap, real demand and canonical choice at Day 14 without deleting it during rollout."
expansion757,smarthome,recovery,smart-wall-switches,fit,smart-wall-switches-compatibility-and-fit-guide,Smart Wall Switches: Compatibility and Fit Guide,https://smarthome.madabase.com/guides/smart-wall-switches-compatibility-and-fit-guide,0,1,0%,3,top-10,protect-emerging-ranking,hold,now-protection-only,The page has an emerging top-ten position; preserve its exact intent and supporting path during rollout.
expansion757,smarthome,recovery,smart-wall-switches,ownership,smart-wall-switches-ownership-cost-and-maintenance,Smart Wall Switches: Ownership Cost and Maintenance,https://smarthome.madabase.com/guides/smart-wall-switches-ownership-cost-and-maintenance,0,1,0%,8,top-10,protect-emerging-ranking,hold,now-protection-only,The page has an emerging top-ten position; preserve its exact intent and supporting path during rollout.
expansion757,smarthome,recovery,smart-wall-switches,workflow,smart-wall-switches-setup-and-daily-workflow,Smart Wall Switches: Setup and Daily Workflow,https://smarthome.madabase.com/guides/smart-wall-switches-setup-and-daily-workflow,0,3,0%,34,position-21-40,query-fit-and-evidence-review,hold,rollout-complete-plus-3-days,"Mid-pack visibility on an affected host needs exact query-fit review after rollout, not a broad template rewrite."
expansion757,smarthome,recovery,smart-dimmer-switches,buying,smart-dimmer-switches-buying-guide,Smart Dimmer Switches Buying Guide,https://smarthome.madabase.com/guides/smart-dimmer-switches-buying-guide,0,1,0%,78,position-40-plus,retarget-or-merge-review,hold,rollout-complete-plus-3-days,"Deep visibility requires an exact-query and family-overlap decision before any retarget, merge or canonical change."
expansion757,smarthome,recovery,smart-dimmer-switches,comparison,smart-dimmer-switches-vs-alternatives,Smart Dimmer Switches vs. standard switches with smart bulbs,https://smarthome.madabase.com/guides/smart-dimmer-switches-vs-alternatives,0,0,0%,,zero-impression,family-merge-or-demand-review,hold,2026-08-23,"The URL has zero impressions and belongs to a site hit by the update; review family overlap, real demand and canonical choice at Day 14 without deleting it during rollout."
expansion757,smarthome,recovery,smart-dimmer-switches,fit,smart-dimmer-switches-compatibility-and-fit-guide,Smart Dimmer Switches: Compatibility and Fit Guide,https://smarthome.madabase.com/guides/smart-dimmer-switches-compatibility-and-fit-guide,0,3,0%,49.67,position-40-plus,retarget-or-merge-review,hold,rollout-complete-plus-3-days,"Deep visibility requires an exact-query and family-overlap decision before any retarget, merge or canonical change."
expansion757,smarthome,recovery,smart-dimmer-switches,ownership,smart-dimmer-switches-ownership-cost-and-maintenance,Smart Dimmer Switches: Ownership Cost and Maintenance,https://smarthome.madabase.com/guides/smart-dimmer-switches-ownership-cost-and-maintenance,0,1,0%,54,position-40-plus,retarget-or-merge-review,hold,rollout-complete-plus-3-days,"Deep visibility requires an exact-query and family-overlap decision before any retarget, merge or canonical change."
expansion757,smarthome,recovery,smart-dimmer-switches,workflow,smart-dimmer-switches-setup-and-daily-workflow,Smart Dimmer Switches: Setup and Daily Workflow,https://smarthome.madabase.com/guides/smart-dimmer-switches-setup-and-daily-workflow,0,0,0%,,zero-impression,family-merge-or-demand-review,hold,2026-08-23,"The URL has zero impressions and belongs to a site hit by the update; review family overlap, real demand and canonical choice at Day 14 without deleting it during rollout."
expansion757,smarthome,recovery,smart-power-strips,buying,smart-power-strips-buying-guide,Smart Power Strips Buying Guide,https://smarthome.madabase.com/guides/smart-power-strips-buying-guide,0,9,0%,75.89,position-40-plus,retarget-or-merge-review,hold,rollout-complete-plus-3-days,"Deep visibility requires an exact-query and family-overlap decision before any retarget, merge or canonical change."
expansion757,smarthome,recovery,smart-power-strips,comparison,smart-power-strips-vs-alternatives,Smart Power Strips vs. individual smart plugs,https://smarthome.madabase.com/guides/smart-power-strips-vs-alternatives,0,0,0%,,zero-impression,family-merge-or-demand-review,hold,2026-08-23,"The URL has zero impressions and belongs to a site hit by the update; review family overlap, real demand and canonical choice at Day 14 without deleting it during rollout."
expansion757,smarthome,recovery,smart-power-strips,fit,smart-power-strips-compatibility-and-fit-guide,Smart Power Strips: Compatibility and Fit Guide,https://smarthome.madabase.com/guides/smart-power-strips-compatibility-and-fit-guide,0,0,0%,,zero-impression,family-merge-or-demand-review,hold,2026-08-23,"The URL has zero impressions and belongs to a site hit by the update; review family overlap, real demand and canonical choice at Day 14 without deleting it during rollout."
expansion757,smarthome,recovery,smart-power-strips,ownership,smart-power-strips-ownership-cost-and-maintenance,Smart Power Strips: Ownership Cost and Maintenance,https://smarthome.madabase.com/guides/smart-power-strips-ownership-cost-and-maintenance,0,1,0%,2,top-10,protect-emerging-ranking,hold,now-protection-only,The page has an emerging top-ten position; preserve its exact intent and supporting path during rollout.
expansion757,smarthome,recovery,smart-power-strips,workflow,smart-power-strips-setup-and-daily-workflow,Smart Power Strips: Setup and Daily Workflow,https://smarthome.madabase.com/guides/smart-power-strips-setup-and-daily-workflow,0,1,0%,62,position-40-plus,retarget-or-merge-review,hold,rollout-complete-plus-3-days,"Deep visibility requires an exact-query and family-overlap decision before any retarget, merge or canonical change."
expansion757,smarthome,recovery,outdoor-smart-plugs,buying,outdoor-smart-plugs-buying-guide,Outdoor Smart Plugs Buying Guide,https://smarthome.madabase.com/guides/outdoor-smart-plugs-buying-guide,0,0,0%,,zero-impression,family-merge-or-demand-review,hold,2026-08-23,"The URL has zero impressions and belongs to a site hit by the update; review family overlap, real demand and canonical choice at Day 14 without deleting it during rollout."
expansion757,smarthome,recovery,outdoor-smart-plugs,comparison,outdoor-smart-plugs-vs-alternatives,Outdoor Smart Plugs vs. weather-rated timers,https://smarthome.madabase.com/guides/outdoor-smart-plugs-vs-alternatives,0,0,0%,,zero-impression,family-merge-or-demand-review,hold,2026-08-23,"The URL has zero impressions and belongs to a site hit by the update; review family overlap, real demand and canonical choice at Day 14 without deleting it during rollout."
expansion757,smarthome,recovery,outdoor-smart-plugs,fit,outdoor-smart-plugs-compatibility-and-fit-guide,Outdoor Smart Plugs: Compatibility and Fit Guide,https://smarthome.madabase.com/guides/outdoor-smart-plugs-compatibility-and-fit-guide,0,1,0%,38,position-21-40,query-fit-and-evidence-review,hold,rollout-complete-plus-3-days,"Mid-pack visibility on an affected host needs exact query-fit review after rollout, not a broad template rewrite."
expansion757,smarthome,recovery,outdoor-smart-plugs,ownership,outdoor-smart-plugs-ownership-cost-and-maintenance,Outdoor Smart Plugs: Ownership Cost and Maintenance,https://smarthome.madabase.com/guides/outdoor-smart-plugs-ownership-cost-and-maintenance,0,1,0%,29,position-21-40,query-fit-and-evidence-review,hold,rollout-complete-plus-3-days,"Mid-pack visibility on an affected host needs exact query-fit review after rollout, not a broad template rewrite."
expansion757,smarthome,recovery,outdoor-smart-plugs,workflow,outdoor-smart-plugs-setup-and-daily-workflow,Outdoor Smart Plugs: Setup and Daily Workflow,https://smarthome.madabase.com/guides/outdoor-smart-plugs-setup-and-daily-workflow,0,0,0%,,zero-impression,family-merge-or-demand-review,hold,2026-08-23,"The URL has zero impressions and belongs to a site hit by the update; review family overlap, real demand and canonical choice at Day 14 without deleting it during rollout."
expansion757,smarthome,recovery,mmwave-presence-sensors,buying,mmwave-presence-sensors-buying-guide,mmWave Presence Sensors Buying Guide,https://smarthome.madabase.com/guides/mmwave-presence-sensors-buying-guide,0,0,0%,,zero-impression,family-merge-or-demand-review,hold,2026-08-23,"The URL has zero impressions and belongs to a site hit by the update; review family overlap, real demand and canonical choice at Day 14 without deleting it during rollout."
expansion757,smarthome,recovery,mmwave-presence-sensors,comparison,mmwave-presence-sensors-vs-alternatives,mmWave Presence Sensors vs. PIR motion sensors,https://smarthome.madabase.com/guides/mmwave-presence-sensors-vs-alternatives,0,0,0%,,zero-impression,family-merge-or-demand-review,hold,2026-08-23,"The URL has zero impressions and belongs to a site hit by the update; review family overlap, real demand and canonical choice at Day 14 without deleting it during rollout."
expansion757,smarthome,recovery,mmwave-presence-sensors,fit,mmwave-presence-sensors-compatibility-and-fit-guide,mmWave Presence Sensors: Compatibility and Fit Guide,https://smarthome.madabase.com/guides/mmwave-presence-sensors-compatibility-and-fit-guide,0,1,0%,8,top-10,protect-emerging-ranking,hold,now-protection-only,The page has an emerging top-ten position; preserve its exact intent and supporting path during rollout.
expansion757,smarthome,recovery,mmwave-presence-sensors,ownership,mmwave-presence-sensors-ownership-cost-and-maintenance,mmWave Presence Sensors: Ownership Cost and Maintenance,https://smarthome.madabase.com/guides/mmwave-presence-sensors-ownership-cost-and-maintenance,0,0,0%,,zero-impression,family-merge-or-demand-review,hold,2026-08-23,"The URL has zero impressions and belongs to a site hit by the update; review family overlap, real demand and canonical choice at Day 14 without deleting it during rollout."
expansion757,smarthome,recovery,mmwave-presence-sensors,workflow,mmwave-presence-sensors-setup-and-daily-workflow,mmWave Presence Sensors: Setup and Daily Workflow,https://smarthome.madabase.com/guides/mmwave-presence-sensors-setup-and-daily-workflow,0,12,0%,50.17,position-40-plus,retarget-or-merge-review,hold,rollout-complete-plus-3-days,"Deep visibility requires an exact-query and family-overlap decision before any retarget, merge or canonical change."
expansion757,smarthome,recovery,smart-contact-sensors,buying,smart-contact-sensors-buying-guide,Smart Contact Sensors Buying Guide,https://smarthome.madabase.com/guides/smart-contact-sensors-buying-guide,0,0,0%,,zero-impression,family-merge-or-demand-review,hold,2026-08-23,"The URL has zero impressions and belongs to a site hit by the update; review family overlap, real demand and canonical choice at Day 14 without deleting it during rollout."
expansion757,smarthome,recovery,smart-contact-sensors,comparison,smart-contact-sensors-vs-alternatives,Smart Contact Sensors vs. motion sensors,https://smarthome.madabase.com/guides/smart-contact-sensors-vs-alternatives,0,0,0%,,zero-impression,family-merge-or-demand-review,hold,2026-08-23,"The URL has zero impressions and belongs to a site hit by the update; review family overlap, real demand and canonical choice at Day 14 without deleting it during rollout."
expansion757,smarthome,recovery,smart-contact-sensors,fit,smart-contact-sensors-compatibility-and-fit-guide,Smart Contact Sensors: Compatibility and Fit Guide,https://smarthome.madabase.com/guides/smart-contact-sensors-compatibility-and-fit-guide,0,0,0%,,zero-impression,family-merge-or-demand-review,hold,2026-08-23,"The URL has zero impressions and belongs to a site hit by the update; review family overlap, real demand and canonical choice at Day 14 without deleting it during rollout."
expansion757,smarthome,recovery,smart-contact-sensors,ownership,smart-contact-sensors-ownership-cost-and-maintenance,Smart Contact Sensors: Ownership Cost and Maintenance,https://smarthome.madabase.com/guides/smart-contact-sensors-ownership-cost-and-maintenance,0,0,0%,,zero-impression,family-merge-or-demand-review,hold,2026-08-23,"The URL has zero impressions and belongs to a site hit by the update; review family overlap, real demand and canonical choice at Day 14 without deleting it during rollout."
expansion757,smarthome,recovery,smart-contact-sensors,workflow,smart-contact-sensors-setup-and-daily-workflow,Smart Contact Sensors: Setup and Daily Workflow,https://smarthome.madabase.com/guides/smart-contact-sensors-setup-and-daily-workflow,0,1,0%,5,top-10,protect-emerging-ranking,hold,now-protection-only,The page has an emerging top-ten position; preserve its exact intent and supporting path during rollout.
expansion757,smarthome,recovery,smart-motion-sensors,buying,smart-motion-sensors-buying-guide,Smart Motion Sensors Buying Guide,https://smarthome.madabase.com/guides/smart-motion-sensors-buying-guide,0,0,0%,,zero-impression,family-merge-or-demand-review,hold,2026-08-23,"The URL has zero impressions and belongs to a site hit by the update; review family overlap, real demand and canonical choice at Day 14 without deleting it during rollout."
expansion757,smarthome,recovery,smart-motion-sensors,comparison,smart-motion-sensors-vs-alternatives,Smart Motion Sensors vs. presence sensors,https://smarthome.madabase.com/guides/smart-motion-sensors-vs-alternatives,0,2,0%,55,position-40-plus,retarget-or-merge-review,hold,rollout-complete-plus-3-days,"Deep visibility requires an exact-query and family-overlap decision before any retarget, merge or canonical change."
expansion757,smarthome,recovery,smart-motion-sensors,fit,smart-motion-sensors-compatibility-and-fit-guide,Smart Motion Sensors: Compatibility and Fit Guide,https://smarthome.madabase.com/guides/smart-motion-sensors-compatibility-and-fit-guide,0,4,0%,38.25,position-21-40,query-fit-and-evidence-review,hold,rollout-complete-plus-3-days,"Mid-pack visibility on an affected host needs exact query-fit review after rollout, not a broad template rewrite."
expansion757,smarthome,recovery,smart-motion-sensors,ownership,smart-motion-sensors-ownership-cost-and-maintenance,Smart Motion Sensors: Ownership Cost and Maintenance,https://smarthome.madabase.com/guides/smart-motion-sensors-ownership-cost-and-maintenance,0,1,0%,3,top-10,protect-emerging-ranking,hold,now-protection-only,The page has an emerging top-ten position; preserve its exact intent and supporting path during rollout.
expansion757,smarthome,recovery,smart-motion-sensors,workflow,smart-motion-sensors-setup-and-daily-workflow,Smart Motion Sensors: Setup and Daily Workflow,https://smarthome.madabase.com/guides/smart-motion-sensors-setup-and-daily-workflow,0,1,0%,31,position-21-40,query-fit-and-evidence-review,hold,rollout-complete-plus-3-days,"Mid-pack visibility on an affected host needs exact query-fit review after rollout, not a broad template rewrite."
expansion757,smarthome,recovery,temperature-humidity-sensors,buying,temperature-humidity-sensors-buying-guide,Temperature and Humidity Sensors Buying Guide,https://smarthome.madabase.com/guides/temperature-humidity-sensors-buying-guide,0,2,0%,7,top-10,protect-emerging-ranking,hold,now-protection-only,The page has an emerging top-ten position; preserve its exact intent and supporting path during rollout.
expansion757,smarthome,recovery,temperature-humidity-sensors,comparison,temperature-humidity-sensors-vs-alternatives,Temperature and Humidity Sensors vs. thermostat room sensors,https://smarthome.madabase.com/guides/temperature-humidity-sensors-vs-alternatives,0,1,0%,9,top-10,protect-emerging-ranking,hold,now-protection-only,The page has an emerging top-ten position; preserve its exact intent and supporting path during rollout.
expansion757,smarthome,recovery,temperature-humidity-sensors,fit,temperature-humidity-sensors-compatibility-and-fit-guide,Temperature and Humidity Sensors: Compatibility and Fit Guide,https://smarthome.madabase.com/guides/temperature-humidity-sensors-compatibility-and-fit-guide,0,0,0%,,zero-impression,family-merge-or-demand-review,hold,2026-08-23,"The URL has zero impressions and belongs to a site hit by the update; review family overlap, real demand and canonical choice at Day 14 without deleting it during rollout."
expansion757,smarthome,recovery,temperature-humidity-sensors,ownership,temperature-humidity-sensors-ownership-cost-and-maintenance,Temperature and Humidity Sensors: Ownership Cost and Maintenance,https://smarthome.madabase.com/guides/temperature-humidity-sensors-ownership-cost-and-maintenance,0,1,0%,6,top-10,protect-emerging-ranking,hold,now-protection-only,The page has an emerging top-ten position; preserve its exact intent and supporting path during rollout.
expansion757,smarthome,recovery,temperature-humidity-sensors,workflow,temperature-humidity-sensors-setup-and-daily-workflow,Temperature and Humidity Sensors: Setup and Daily Workflow,https://smarthome.madabase.com/guides/temperature-humidity-sensors-setup-and-daily-workflow,0,1,0%,17,position-11-20,strengthen-evidence-after-rollout,hold,rollout-complete-plus-3-days,The page is within reach of page one; only evidence-backed internal support is justified after the comparison gate.
expansion757,smarthome,recovery,indoor-air-quality-monitors,buying,indoor-air-quality-monitors-buying-guide,Indoor air-quality Monitors Buying Guide,https://smarthome.madabase.com/guides/indoor-air-quality-monitors-buying-guide,0,3,0%,35,position-21-40,query-fit-and-evidence-review,hold,rollout-complete-plus-3-days,"Mid-pack visibility on an affected host needs exact query-fit review after rollout, not a broad template rewrite."
expansion757,smarthome,recovery,indoor-air-quality-monitors,comparison,indoor-air-quality-monitors-vs-alternatives,Indoor air-quality Monitors vs. single-purpose particle or CO2 monitors,https://smarthome.madabase.com/guides/indoor-air-quality-monitors-vs-alternatives,0,5,0%,13,position-11-20,strengthen-evidence-after-rollout,hold,rollout-complete-plus-3-days,The page is within reach of page one; only evidence-backed internal support is justified after the comparison gate.
expansion757,smarthome,recovery,indoor-air-quality-monitors,fit,indoor-air-quality-monitors-compatibility-and-fit-guide,Indoor air-quality Monitors: Compatibility and Fit Guide,https://smarthome.madabase.com/guides/indoor-air-quality-monitors-compatibility-and-fit-guide,0,4,0%,5.25,top-10,protect-emerging-ranking,hold,now-protection-only,The page has an emerging top-ten position; preserve its exact intent and supporting path during rollout.
expansion757,smarthome,recovery,indoor-air-quality-monitors,ownership,indoor-air-quality-monitors-ownership-cost-and-maintenance,Indoor air-quality Monitors: Ownership Cost and Maintenance,https://smarthome.madabase.com/guides/indoor-air-quality-monitors-ownership-cost-and-maintenance,0,9,0%,25.67,position-21-40,query-fit-and-evidence-review,hold,rollout-complete-plus-3-days,"Mid-pack visibility on an affected host needs exact query-fit review after rollout, not a broad template rewrite."
expansion757,smarthome,recovery,indoor-air-quality-monitors,workflow,indoor-air-quality-monitors-setup-and-daily-workflow,Indoor air-quality Monitors: Setup and Daily Workflow,https://smarthome.madabase.com/guides/indoor-air-quality-monitors-setup-and-daily-workflow,0,4,0%,59.5,position-40-plus,retarget-or-merge-review,hold,rollout-complete-plus-3-days,"Deep visibility requires an exact-query and family-overlap decision before any retarget, merge or canonical change."
expansion757,smarthome,recovery,smart-smoke-co-listeners,buying,smart-smoke-co-listeners-buying-guide,Smart Smoke and CO Listeners Buying Guide,https://smarthome.madabase.com/guides/smart-smoke-co-listeners-buying-guide,0,0,0%,,zero-impression,family-merge-or-demand-review,hold,2026-08-23,"The URL has zero impressions and belongs to a site hit by the update; review family overlap, real demand and canonical choice at Day 14 without deleting it during rollout."
expansion757,smarthome,recovery,smart-smoke-co-listeners,comparison,smart-smoke-co-listeners-vs-alternatives,Smart Smoke and CO Listeners vs. interconnected smart alarms,https://smarthome.madabase.com/guides/smart-smoke-co-listeners-vs-alternatives,0,0,0%,,zero-impression,family-merge-or-demand-review,hold,2026-08-23,"The URL has zero impressions and belongs to a site hit by the update; review family overlap, real demand and canonical choice at Day 14 without deleting it during rollout."
expansion757,smarthome,recovery,smart-smoke-co-listeners,fit,smart-smoke-co-listeners-compatibility-and-fit-guide,Smart Smoke and CO Listeners: Compatibility and Fit Guide,https://smarthome.madabase.com/guides/smart-smoke-co-listeners-compatibility-and-fit-guide,0,0,0%,,zero-impression,family-merge-or-demand-review,hold,2026-08-23,"The URL has zero impressions and belongs to a site hit by the update; review family overlap, real demand and canonical choice at Day 14 without deleting it during rollout."
expansion757,smarthome,recovery,smart-smoke-co-listeners,ownership,smart-smoke-co-listeners-ownership-cost-and-maintenance,Smart Smoke and CO Listeners: Ownership Cost and Maintenance,https://smarthome.madabase.com/guides/smart-smoke-co-listeners-ownership-cost-and-maintenance,0,0,0%,,zero-impression,family-merge-or-demand-review,hold,2026-08-23,"The URL has zero impressions and belongs to a site hit by the update; review family overlap, real demand and canonical choice at Day 14 without deleting it during rollout."
expansion757,smarthome,recovery,smart-smoke-co-listeners,workflow,smart-smoke-co-listeners-setup-and-daily-workflow,Smart Smoke and CO Listeners: Setup and Daily Workflow,https://smarthome.madabase.com/guides/smart-smoke-co-listeners-setup-and-daily-workflow,0,0,0%,,zero-impression,family-merge-or-demand-review,hold,2026-08-23,"The URL has zero impressions and belongs to a site hit by the update; review family overlap, real demand and canonical choice at Day 14 without deleting it during rollout."
expansion757,smarthome,recovery,smart-blind-motors,buying,smart-blind-motors-buying-guide,Smart Blind Motors Buying Guide,https://smarthome.madabase.com/guides/smart-blind-motors-buying-guide,0,0,0%,,zero-impression,family-merge-or-demand-review,hold,2026-08-23,"The URL has zero impressions and belongs to a site hit by the update; review family overlap, real demand and canonical choice at Day 14 without deleting it during rollout."
expansion757,smarthome,recovery,smart-blind-motors,comparison,smart-blind-motors-vs-alternatives,Smart Blind Motors vs. complete motorized shades,https://smarthome.madabase.com/guides/smart-blind-motors-vs-alternatives,0,1,0%,28,position-21-40,query-fit-and-evidence-review,hold,rollout-complete-plus-3-days,"Mid-pack visibility on an affected host needs exact query-fit review after rollout, not a broad template rewrite."
expansion757,smarthome,recovery,smart-blind-motors,fit,smart-blind-motors-compatibility-and-fit-guide,Smart Blind Motors: Compatibility and Fit Guide,https://smarthome.madabase.com/guides/smart-blind-motors-compatibility-and-fit-guide,0,3,0%,58.33,position-40-plus,retarget-or-merge-review,hold,rollout-complete-plus-3-days,"Deep visibility requires an exact-query and family-overlap decision before any retarget, merge or canonical change."
expansion757,smarthome,recovery,smart-blind-motors,ownership,smart-blind-motors-ownership-cost-and-maintenance,Smart Blind Motors: Ownership Cost and Maintenance,https://smarthome.madabase.com/guides/smart-blind-motors-ownership-cost-and-maintenance,0,0,0%,,zero-impression,family-merge-or-demand-review,hold,2026-08-23,"The URL has zero impressions and belongs to a site hit by the update; review family overlap, real demand and canonical choice at Day 14 without deleting it during rollout."
expansion757,smarthome,recovery,smart-blind-motors,workflow,smart-blind-motors-setup-and-daily-workflow,Smart Blind Motors: Setup and Daily Workflow,https://smarthome.madabase.com/guides/smart-blind-motors-setup-and-daily-workflow,0,2,0%,68.5,position-40-plus,retarget-or-merge-review,hold,rollout-complete-plus-3-days,"Deep visibility requires an exact-query and family-overlap decision before any retarget, merge or canonical change."
expansion757,smarthome,recovery,smart-curtain-motors,buying,smart-curtain-motors-buying-guide,Smart Curtain Motors Buying Guide,https://smarthome.madabase.com/guides/smart-curtain-motors-buying-guide,0,3,0%,18.67,position-11-20,strengthen-evidence-after-rollout,hold,rollout-complete-plus-3-days,The page is within reach of page one; only evidence-backed internal support is justified after the comparison gate.
expansion757,smarthome,recovery,smart-curtain-motors,comparison,smart-curtain-motors-vs-alternatives,Smart Curtain Motors vs. motorized curtain tracks,https://smarthome.madabase.com/guides/smart-curtain-motors-vs-alternatives,0,2,0%,9.5,top-10,protect-emerging-ranking,hold,now-protection-only,The page has an emerging top-ten position; preserve its exact intent and supporting path during rollout.
expansion757,smarthome,recovery,smart-curtain-motors,fit,smart-curtain-motors-compatibility-and-fit-guide,Smart Curtain Motors: Compatibility and Fit Guide,https://smarthome.madabase.com/guides/smart-curtain-motors-compatibility-and-fit-guide,0,2,0%,10.5,position-11-20,strengthen-evidence-after-rollout,hold,rollout-complete-plus-3-days,The page is within reach of page one; only evidence-backed internal support is justified after the comparison gate.
expansion757,smarthome,recovery,smart-curtain-motors,ownership,smart-curtain-motors-ownership-cost-and-maintenance,Smart Curtain Motors: Ownership Cost and Maintenance,https://smarthome.madabase.com/guides/smart-curtain-motors-ownership-cost-and-maintenance,0,4,0%,4.25,top-10,protect-emerging-ranking,hold,now-protection-only,The page has an emerging top-ten position; preserve its exact intent and supporting path during rollout.
expansion757,smarthome,recovery,smart-curtain-motors,workflow,smart-curtain-motors-setup-and-daily-workflow,Smart Curtain Motors: Setup and Daily Workflow,https://smarthome.madabase.com/guides/smart-curtain-motors-setup-and-daily-workflow,0,7,0%,20.14,position-21-40,query-fit-and-evidence-review,hold,rollout-complete-plus-3-days,"Mid-pack visibility on an affected host needs exact query-fit review after rollout, not a broad template rewrite."
expansion757,smarthome,recovery,smart-garage-door-controllers,buying,smart-garage-door-controllers-buying-guide,Smart garage-door Controllers Buying Guide,https://smarthome.madabase.com/guides/smart-garage-door-controllers-buying-guide,0,0,0%,,zero-impression,family-merge-or-demand-review,hold,2026-08-23,"The URL has zero impressions and belongs to a site hit by the update; review family overlap, real demand and canonical choice at Day 14 without deleting it during rollout."
expansion757,smarthome,recovery,smart-garage-door-controllers,comparison,smart-garage-door-controllers-vs-alternatives,Smart garage-door Controllers vs. complete connected openers,https://smarthome.madabase.com/guides/smart-garage-door-controllers-vs-alternatives,0,1,0%,11,position-11-20,strengthen-evidence-after-rollout,hold,rollout-complete-plus-3-days,The page is within reach of page one; only evidence-backed internal support is justified after the comparison gate.
expansion757,smarthome,recovery,smart-garage-door-controllers,fit,smart-garage-door-controllers-compatibility-and-fit-guide,Smart garage-door Controllers: Compatibility and Fit Guide,https://smarthome.madabase.com/guides/smart-garage-door-controllers-compatibility-and-fit-guide,0,2,0%,14.5,position-11-20,strengthen-evidence-after-rollout,hold,rollout-complete-plus-3-days,The page is within reach of page one; only evidence-backed internal support is justified after the comparison gate.
expansion757,smarthome,recovery,smart-garage-door-controllers,ownership,smart-garage-door-controllers-ownership-cost-and-maintenance,Smart garage-door Controllers: Ownership Cost and Maintenance,https://smarthome.madabase.com/guides/smart-garage-door-controllers-ownership-cost-and-maintenance,0,1,0%,11,position-11-20,strengthen-evidence-after-rollout,hold,rollout-complete-plus-3-days,The page is within reach of page one; only evidence-backed internal support is justified after the comparison gate.
expansion757,smarthome,recovery,smart-garage-door-controllers,workflow,smart-garage-door-controllers-setup-and-daily-workflow,Smart garage-door Controllers: Setup and Daily Workflow,https://smarthome.madabase.com/guides/smart-garage-door-controllers-setup-and-daily-workflow,0,7,0%,26,position-21-40,query-fit-and-evidence-review,hold,rollout-complete-plus-3-days,"Mid-pack visibility on an affected host needs exact query-fit review after rollout, not a broad template rewrite."
expansion757,smarthome,recovery,whole-home-energy-monitors,buying,whole-home-energy-monitors-buying-guide,Whole-home Energy Monitors Buying Guide,https://smarthome.madabase.com/guides/whole-home-energy-monitors-buying-guide,0,0,0%,,zero-impression,family-merge-or-demand-review,hold,2026-08-23,"The URL has zero impressions and belongs to a site hit by the update; review family overlap, real demand and canonical choice at Day 14 without deleting it during rollout."
expansion757,smarthome,recovery,whole-home-energy-monitors,comparison,whole-home-energy-monitors-vs-alternatives,Whole-home Energy Monitors vs. circuit-level smart plugs,https://smarthome.madabase.com/guides/whole-home-energy-monitors-vs-alternatives,0,1,0%,81,position-40-plus,retarget-or-merge-review,hold,rollout-complete-plus-3-days,"Deep visibility requires an exact-query and family-overlap decision before any retarget, merge or canonical change."
expansion757,smarthome,recovery,whole-home-energy-monitors,fit,whole-home-energy-monitors-compatibility-and-fit-guide,Whole-home Energy Monitors: Compatibility and Fit Guide,https://smarthome.madabase.com/guides/whole-home-energy-monitors-compatibility-and-fit-guide,0,0,0%,,zero-impression,family-merge-or-demand-review,hold,2026-08-23,"The URL has zero impressions and belongs to a site hit by the update; review family overlap, real demand and canonical choice at Day 14 without deleting it during rollout."
expansion757,smarthome,recovery,whole-home-energy-monitors,ownership,whole-home-energy-monitors-ownership-cost-and-maintenance,Whole-home Energy Monitors: Ownership Cost and Maintenance,https://smarthome.madabase.com/guides/whole-home-energy-monitors-ownership-cost-and-maintenance,0,0,0%,,zero-impression,family-merge-or-demand-review,hold,2026-08-23,"The URL has zero impressions and belongs to a site hit by the update; review family overlap, real demand and canonical choice at Day 14 without deleting it during rollout."
expansion757,smarthome,recovery,whole-home-energy-monitors,workflow,whole-home-energy-monitors-setup-and-daily-workflow,Whole-home Energy Monitors: Setup and Daily Workflow,https://smarthome.madabase.com/guides/whole-home-energy-monitors-setup-and-daily-workflow,0,3,0%,52.67,position-40-plus,retarget-or-merge-review,hold,rollout-complete-plus-3-days,"Deep visibility requires an exact-query and family-overlap decision before any retarget, merge or canonical change."
expansion757,smarthome,recovery,smart-water-shutoff-valves,buying,smart-water-shutoff-valves-buying-guide,Smart Water Shutoff Valves Buying Guide,https://smarthome.madabase.com/guides/smart-water-shutoff-valves-buying-guide,0,2,0%,62.5,position-40-plus,retarget-or-merge-review,hold,rollout-complete-plus-3-days,"Deep visibility requires an exact-query and family-overlap decision before any retarget, merge or canonical change."
expansion757,smarthome,recovery,smart-water-shutoff-valves,comparison,smart-water-shutoff-valves-vs-alternatives,Smart Water Shutoff Valves vs. leak sensors without automatic shutoff,https://smarthome.madabase.com/guides/smart-water-shutoff-valves-vs-alternatives,0,13,0%,62.77,position-40-plus,retarget-or-merge-review,hold,rollout-complete-plus-3-days,"Deep visibility requires an exact-query and family-overlap decision before any retarget, merge or canonical change."
expansion757,smarthome,recovery,smart-water-shutoff-valves,fit,smart-water-shutoff-valves-compatibility-and-fit-guide,Smart Water Shutoff Valves: Compatibility and Fit Guide,https://smarthome.madabase.com/guides/smart-water-shutoff-valves-compatibility-and-fit-guide,0,16,0%,47.94,position-40-plus,retarget-or-merge-review,hold,rollout-complete-plus-3-days,"Deep visibility requires an exact-query and family-overlap decision before any retarget, merge or canonical change."
expansion757,smarthome,recovery,smart-water-shutoff-valves,ownership,smart-water-shutoff-valves-ownership-cost-and-maintenance,Smart Water Shutoff Valves: Ownership Cost and Maintenance,https://smarthome.madabase.com/guides/smart-water-shutoff-valves-ownership-cost-and-maintenance,0,7,0%,51.29,position-40-plus,retarget-or-merge-review,hold,rollout-complete-plus-3-days,"Deep visibility requires an exact-query and family-overlap decision before any retarget, merge or canonical change."
expansion757,smarthome,recovery,smart-water-shutoff-valves,workflow,smart-water-shutoff-valves-setup-and-daily-workflow,Smart Water Shutoff Valves: Setup and Daily Workflow,https://smarthome.madabase.com/guides/smart-water-shutoff-valves-setup-and-daily-workflow,0,21,0%,45.52,position-40-plus,retarget-or-merge-review,hold,rollout-complete-plus-3-days,"Deep visibility requires an exact-query and family-overlap decision before any retarget, merge or canonical change."
expansion757,smarthome,recovery,smart-irrigation-controllers,buying,smart-irrigation-controllers-buying-guide,Smart Irrigation Controllers Buying Guide,https://smarthome.madabase.com/guides/smart-irrigation-controllers-buying-guide,0,0,0%,,zero-impression,family-merge-or-demand-review,hold,2026-08-23,"The URL has zero impressions and belongs to a site hit by the update; review family overlap, real demand and canonical choice at Day 14 without deleting it during rollout."
expansion757,smarthome,recovery,smart-irrigation-controllers,comparison,smart-irrigation-controllers-vs-alternatives,Smart Irrigation Controllers vs. weather-based standalone timers,https://smarthome.madabase.com/guides/smart-irrigation-controllers-vs-alternatives,0,10,0%,48.3,position-40-plus,retarget-or-merge-review,hold,rollout-complete-plus-3-days,"Deep visibility requires an exact-query and family-overlap decision before any retarget, merge or canonical change."
expansion757,smarthome,recovery,smart-irrigation-controllers,fit,smart-irrigation-controllers-compatibility-and-fit-guide,Smart Irrigation Controllers: Compatibility and Fit Guide,https://smarthome.madabase.com/guides/smart-irrigation-controllers-compatibility-and-fit-guide,0,2,0%,9,top-10,protect-emerging-ranking,hold,now-protection-only,The page has an emerging top-ten position; preserve its exact intent and supporting path during rollout.
expansion757,smarthome,recovery,smart-irrigation-controllers,ownership,smart-irrigation-controllers-ownership-cost-and-maintenance,Smart Irrigation Controllers: Ownership Cost and Maintenance,https://smarthome.madabase.com/guides/smart-irrigation-controllers-ownership-cost-and-maintenance,0,2,0%,7.5,top-10,protect-emerging-ranking,hold,now-protection-only,The page has an emerging top-ten position; preserve its exact intent and supporting path during rollout.
expansion757,smarthome,recovery,smart-irrigation-controllers,workflow,smart-irrigation-controllers-setup-and-daily-workflow,Smart Irrigation Controllers: Setup and Daily Workflow,https://smarthome.madabase.com/guides/smart-irrigation-controllers-setup-and-daily-workflow,0,2,0%,20.5,position-21-40,query-fit-and-evidence-review,hold,rollout-complete-plus-3-days,"Mid-pack visibility on an affected host needs exact query-fit review after rollout, not a broad template rewrite."
expansion757,smarthome,recovery,matter-hubs-bridges,buying,matter-hubs-bridges-buying-guide,Matter Hubs and Bridges Buying Guide,https://smarthome.madabase.com/guides/matter-hubs-bridges-buying-guide,0,1,0%,61,position-40-plus,retarget-or-merge-review,hold,rollout-complete-plus-3-days,"Deep visibility requires an exact-query and family-overlap decision before any retarget, merge or canonical change."
expansion757,smarthome,recovery,matter-hubs-bridges,comparison,matter-hubs-bridges-vs-alternatives,Matter Hubs and Bridges vs. platform-native controllers,https://smarthome.madabase.com/guides/matter-hubs-bridges-vs-alternatives,0,8,0%,34.25,position-21-40,query-fit-and-evidence-review,hold,rollout-complete-plus-3-days,"Mid-pack visibility on an affected host needs exact query-fit review after rollout, not a broad template rewrite."
expansion757,smarthome,recovery,matter-hubs-bridges,fit,matter-hubs-bridges-compatibility-and-fit-guide,Matter Hubs and Bridges: Compatibility and Fit Guide,https://smarthome.madabase.com/guides/matter-hubs-bridges-compatibility-and-fit-guide,0,4,0%,66.25,position-40-plus,retarget-or-merge-review,hold,rollout-complete-plus-3-days,"Deep visibility requires an exact-query and family-overlap decision before any retarget, merge or canonical change."
expansion757,smarthome,recovery,matter-hubs-bridges,ownership,matter-hubs-bridges-ownership-cost-and-maintenance,Matter Hubs and Bridges: Ownership Cost and Maintenance,https://smarthome.madabase.com/guides/matter-hubs-bridges-ownership-cost-and-maintenance,0,0,0%,,zero-impression,family-merge-or-demand-review,hold,2026-08-23,"The URL has zero impressions and belongs to a site hit by the update; review family overlap, real demand and canonical choice at Day 14 without deleting it during rollout."
expansion757,smarthome,recovery,matter-hubs-bridges,workflow,matter-hubs-bridges-setup-and-daily-workflow,Matter Hubs and Bridges: Setup and Daily Workflow,https://smarthome.madabase.com/guides/matter-hubs-bridges-setup-and-daily-workflow,0,5,0%,75,position-40-plus,retarget-or-merge-review,hold,rollout-complete-plus-3-days,"Deep visibility requires an exact-query and family-overlap decision before any retarget, merge or canonical change."
expansion757,smarthome,recovery,smart-scene-buttons,buying,smart-scene-buttons-buying-guide,Smart Scene Buttons Buying Guide,https://smarthome.madabase.com/guides/smart-scene-buttons-buying-guide,0,0,0%,,zero-impression,family-merge-or-demand-review,hold,2026-08-23,"The URL has zero impressions and belongs to a site hit by the update; review family overlap, real demand and canonical choice at Day 14 without deleting it during rollout."
expansion757,smarthome,recovery,smart-scene-buttons,comparison,smart-scene-buttons-vs-alternatives,Smart Scene Buttons vs. app and voice controls,https://smarthome.madabase.com/guides/smart-scene-buttons-vs-alternatives,0,0,0%,,zero-impression,family-merge-or-demand-review,hold,2026-08-23,"The URL has zero impressions and belongs to a site hit by the update; review family overlap, real demand and canonical choice at Day 14 without deleting it during rollout."
expansion757,smarthome,recovery,smart-scene-buttons,fit,smart-scene-buttons-compatibility-and-fit-guide,Smart Scene Buttons: Compatibility and Fit Guide,https://smarthome.madabase.com/guides/smart-scene-buttons-compatibility-and-fit-guide,0,1,0%,2,top-10,protect-emerging-ranking,hold,now-protection-only,The page has an emerging top-ten position; preserve its exact intent and supporting path during rollout.
expansion757,smarthome,recovery,smart-scene-buttons,ownership,smart-scene-buttons-ownership-cost-and-maintenance,Smart Scene Buttons: Ownership Cost and Maintenance,https://smarthome.madabase.com/guides/smart-scene-buttons-ownership-cost-and-maintenance,0,0,0%,,zero-impression,family-merge-or-demand-review,hold,2026-08-23,"The URL has zero impressions and belongs to a site hit by the update; review family overlap, real demand and canonical choice at Day 14 without deleting it during rollout."
expansion757,smarthome,recovery,smart-scene-buttons,workflow,smart-scene-buttons-setup-and-daily-workflow,Smart Scene Buttons: Setup and Daily Workflow,https://smarthome.madabase.com/guides/smart-scene-buttons-setup-and-daily-workflow,0,3,0%,32,position-21-40,query-fit-and-evidence-review,hold,rollout-complete-plus-3-days,"Mid-pack visibility on an affected host needs exact query-fit review after rollout, not a broad template rewrite."
expansion757,smarthome,recovery,smart-home-sirens,buying,smart-home-sirens-buying-guide,Smart-home Sirens Buying Guide,https://smarthome.madabase.com/guides/smart-home-sirens-buying-guide,0,0,0%,,zero-impression,family-merge-or-demand-review,hold,2026-08-23,"The URL has zero impressions and belongs to a site hit by the update; review family overlap, real demand and canonical choice at Day 14 without deleting it during rollout."
expansion757,smarthome,recovery,smart-home-sirens,comparison,smart-home-sirens-vs-alternatives,Smart-home Sirens vs. complete monitored alarm systems,https://smarthome.madabase.com/guides/smart-home-sirens-vs-alternatives,0,1,0%,3,top-10,protect-emerging-ranking,hold,now-protection-only,The page has an emerging top-ten position; preserve its exact intent and supporting path during rollout.
expansion757,smarthome,recovery,smart-home-sirens,fit,smart-home-sirens-compatibility-and-fit-guide,Smart-home Sirens: Compatibility and Fit Guide,https://smarthome.madabase.com/guides/smart-home-sirens-compatibility-and-fit-guide,0,2,0%,25.5,position-21-40,query-fit-and-evidence-review,hold,rollout-complete-plus-3-days,"Mid-pack visibility on an affected host needs exact query-fit review after rollout, not a broad template rewrite."
expansion757,smarthome,recovery,smart-home-sirens,ownership,smart-home-sirens-ownership-cost-and-maintenance,Smart-home Sirens: Ownership Cost and Maintenance,https://smarthome.madabase.com/guides/smart-home-sirens-ownership-cost-and-maintenance,0,1,0%,7,top-10,protect-emerging-ranking,hold,now-protection-only,The page has an emerging top-ten position; preserve its exact intent and supporting path during rollout.
expansion757,smarthome,recovery,smart-home-sirens,workflow,smart-home-sirens-setup-and-daily-workflow,Smart-home Sirens: Setup and Daily Workflow,https://smarthome.madabase.com/guides/smart-home-sirens-setup-and-daily-workflow,0,0,0%,,zero-impression,family-merge-or-demand-review,hold,2026-08-23,"The URL has zero impressions and belongs to a site hit by the update; review family overlap, real demand and canonical choice at Day 14 without deleting it during rollout."
expansion757,smarthome,recovery,diy-smart-alarm-kits,buying,diy-smart-alarm-kits-buying-guide,DIY Smart Alarm Kits Buying Guide,https://smarthome.madabase.com/guides/diy-smart-alarm-kits-buying-guide,0,0,0%,,zero-impression,family-merge-or-demand-review,hold,2026-08-23,"The URL has zero impressions and belongs to a site hit by the update; review family overlap, real demand and canonical choice at Day 14 without deleting it during rollout."
expansion757,smarthome,recovery,diy-smart-alarm-kits,comparison,diy-smart-alarm-kits-vs-alternatives,DIY Smart Alarm Kits vs. professionally monitored security systems,https://smarthome.madabase.com/guides/diy-smart-alarm-kits-vs-alternatives,0,0,0%,,zero-impression,family-merge-or-demand-review,hold,2026-08-23,"The URL has zero impressions and belongs to a site hit by the update; review family overlap, real demand and canonical choice at Day 14 without deleting it during rollout."
expansion757,smarthome,recovery,diy-smart-alarm-kits,fit,diy-smart-alarm-kits-compatibility-and-fit-guide,DIY Smart Alarm Kits: Compatibility and Fit Guide,https://smarthome.madabase.com/guides/diy-smart-alarm-kits-compatibility-and-fit-guide,0,0,0%,,zero-impression,family-merge-or-demand-review,hold,2026-08-23,"The URL has zero impressions and belongs to a site hit by the update; review family overlap, real demand and canonical choice at Day 14 without deleting it during rollout."
expansion757,smarthome,recovery,diy-smart-alarm-kits,ownership,diy-smart-alarm-kits-ownership-cost-and-maintenance,DIY Smart Alarm Kits: Ownership Cost and Maintenance,https://smarthome.madabase.com/guides/diy-smart-alarm-kits-ownership-cost-and-maintenance,0,0,0%,,zero-impression,family-merge-or-demand-review,hold,2026-08-23,"The URL has zero impressions and belongs to a site hit by the update; review family overlap, real demand and canonical choice at Day 14 without deleting it during rollout."
expansion757,smarthome,recovery,diy-smart-alarm-kits,workflow,diy-smart-alarm-kits-setup-and-daily-workflow,DIY Smart Alarm Kits: Setup and Daily Workflow,https://smarthome.madabase.com/guides/diy-smart-alarm-kits-setup-and-daily-workflow,0,1,0%,36,position-21-40,query-fit-and-evidence-review,hold,rollout-complete-plus-3-days,"Mid-pack visibility on an affected host needs exact query-fit review after rollout, not a broad template rewrite."
expansion757,smarthome,recovery,indoor-security-cameras,buying,indoor-security-cameras-buying-guide,Indoor Security Cameras Buying Guide,https://smarthome.madabase.com/guides/indoor-security-cameras-buying-guide,0,0,0%,,zero-impression,family-merge-or-demand-review,hold,2026-08-23,"The URL has zero impressions and belongs to a site hit by the update; review family overlap, real demand and canonical choice at Day 14 without deleting it during rollout."
expansion757,smarthome,recovery,indoor-security-cameras,comparison,indoor-security-cameras-vs-alternatives,Indoor Security Cameras vs. privacy shutters or local sensors,https://smarthome.madabase.com/guides/indoor-security-cameras-vs-alternatives,0,2,0%,21.5,position-21-40,query-fit-and-evidence-review,hold,rollout-complete-plus-3-days,"Mid-pack visibility on an affected host needs exact query-fit review after rollout, not a broad template rewrite."
expansion757,smarthome,recovery,indoor-security-cameras,fit,indoor-security-cameras-compatibility-and-fit-guide,Indoor Security Cameras: Compatibility and Fit Guide,https://smarthome.madabase.com/guides/indoor-security-cameras-compatibility-and-fit-guide,0,1,0%,88,position-40-plus,retarget-or-merge-review,hold,rollout-complete-plus-3-days,"Deep visibility requires an exact-query and family-overlap decision before any retarget, merge or canonical change."
expansion757,smarthome,recovery,indoor-security-cameras,ownership,indoor-security-cameras-ownership-cost-and-maintenance,Indoor Security Cameras: Ownership Cost and Maintenance,https://smarthome.madabase.com/guides/indoor-security-cameras-ownership-cost-and-maintenance,0,0,0%,,zero-impression,family-merge-or-demand-review,hold,2026-08-23,"The URL has zero impressions and belongs to a site hit by the update; review family overlap, real demand and canonical choice at Day 14 without deleting it during rollout."
expansion757,smarthome,recovery,indoor-security-cameras,workflow,indoor-security-cameras-setup-and-daily-workflow,Indoor Security Cameras: Setup and Daily Workflow,https://smarthome.madabase.com/guides/indoor-security-cameras-setup-and-daily-workflow,0,1,0%,19,position-11-20,strengthen-evidence-after-rollout,hold,rollout-complete-plus-3-days,The page is within reach of page one; only evidence-backed internal support is justified after the comparison gate.
expansion757,smarthome,recovery,outdoor-security-cameras,buying,outdoor-security-cameras-buying-guide,Outdoor Security Cameras Buying Guide,https://smarthome.madabase.com/guides/outdoor-security-cameras-buying-guide,0,0,0%,,zero-impression,family-merge-or-demand-review,hold,2026-08-23,"The URL has zero impressions and belongs to a site hit by the update; review family overlap, real demand and canonical choice at Day 14 without deleting it during rollout."
expansion757,smarthome,recovery,outdoor-security-cameras,comparison,outdoor-security-cameras-vs-alternatives,Outdoor Security Cameras vs. video doorbells or floodlight cameras,https://smarthome.madabase.com/guides/outdoor-security-cameras-vs-alternatives,0,2,0%,10.5,position-11-20,strengthen-evidence-after-rollout,hold,rollout-complete-plus-3-days,The page is within reach of page one; only evidence-backed internal support is justified after the comparison gate.
expansion757,smarthome,recovery,outdoor-security-cameras,fit,outdoor-security-cameras-compatibility-and-fit-guide,Outdoor Security Cameras: Compatibility and Fit Guide,https://smarthome.madabase.com/guides/outdoor-security-cameras-compatibility-and-fit-guide,0,5,0%,9.2,top-10,protect-emerging-ranking,hold,now-protection-only,The page has an emerging top-ten position; preserve its exact intent and supporting path during rollout.
expansion757,smarthome,recovery,outdoor-security-cameras,ownership,outdoor-security-cameras-ownership-cost-and-maintenance,Outdoor Security Cameras: Ownership Cost and Maintenance,https://smarthome.madabase.com/guides/outdoor-security-cameras-ownership-cost-and-maintenance,0,4,0%,9.5,top-10,protect-emerging-ranking,hold,now-protection-only,The page has an emerging top-ten position; preserve its exact intent and supporting path during rollout.
expansion757,smarthome,recovery,outdoor-security-cameras,workflow,outdoor-security-cameras-setup-and-daily-workflow,Outdoor Security Cameras: Setup and Daily Workflow,https://smarthome.madabase.com/guides/outdoor-security-cameras-setup-and-daily-workflow,0,1,0%,5,top-10,protect-emerging-ranking,hold,now-protection-only,The page has an emerging top-ten position; preserve its exact intent and supporting path during rollout.
expansion757,smarthome,recovery,floodlight-security-cameras,buying,floodlight-security-cameras-buying-guide,Floodlight Security Cameras Buying Guide,https://smarthome.madabase.com/guides/floodlight-security-cameras-buying-guide,0,0,0%,,zero-impression,family-merge-or-demand-review,hold,2026-08-23,"The URL has zero impressions and belongs to a site hit by the update; review family overlap, real demand and canonical choice at Day 14 without deleting it during rollout."
expansion757,smarthome,recovery,floodlight-security-cameras,comparison,floodlight-security-cameras-vs-alternatives,Floodlight Security Cameras vs. separate lighting and cameras,https://smarthome.madabase.com/guides/floodlight-security-cameras-vs-alternatives,0,8,0%,6.38,top-10,protect-emerging-ranking,hold,now-protection-only,The page has an emerging top-ten position; preserve its exact intent and supporting path during rollout.
expansion757,smarthome,recovery,floodlight-security-cameras,fit,floodlight-security-cameras-compatibility-and-fit-guide,Floodlight Security Cameras: Compatibility and Fit Guide,https://smarthome.madabase.com/guides/floodlight-security-cameras-compatibility-and-fit-guide,0,0,0%,,zero-impression,family-merge-or-demand-review,hold,2026-08-23,"The URL has zero impressions and belongs to a site hit by the update; review family overlap, real demand and canonical choice at Day 14 without deleting it during rollout."
expansion757,smarthome,recovery,floodlight-security-cameras,ownership,floodlight-security-cameras-ownership-cost-and-maintenance,Floodlight Security Cameras: Ownership Cost and Maintenance,https://smarthome.madabase.com/guides/floodlight-security-cameras-ownership-cost-and-maintenance,0,0,0%,,zero-impression,family-merge-or-demand-review,hold,2026-08-23,"The URL has zero impressions and belongs to a site hit by the update; review family overlap, real demand and canonical choice at Day 14 without deleting it during rollout."
expansion757,smarthome,recovery,floodlight-security-cameras,workflow,floodlight-security-cameras-setup-and-daily-workflow,Floodlight Security Cameras: Setup and Daily Workflow,https://smarthome.madabase.com/guides/floodlight-security-cameras-setup-and-daily-workflow,0,2,0%,18,position-11-20,strengthen-evidence-after-rollout,hold,rollout-complete-plus-3-days,The page is within reach of page one; only evidence-backed internal support is justified after the comparison gate.
expansion757,smarthome,recovery,robot-vacuums,buying,robot-vacuums-buying-guide,Robot Vacuums Buying Guide,https://smarthome.madabase.com/guides/robot-vacuums-buying-guide,0,3,0%,9.67,top-10,protect-emerging-ranking,hold,now-protection-only,The page has an emerging top-ten position; preserve its exact intent and supporting path during rollout.
expansion757,smarthome,recovery,robot-vacuums,comparison,robot-vacuums-vs-alternatives,Robot Vacuums vs. cordless vacuums,https://smarthome.madabase.com/guides/robot-vacuums-vs-alternatives,0,3,0%,8.33,top-10,protect-emerging-ranking,hold,now-protection-only,The page has an emerging top-ten position; preserve its exact intent and supporting path during rollout.
expansion757,smarthome,recovery,robot-vacuums,fit,robot-vacuums-compatibility-and-fit-guide,Robot Vacuums: Compatibility and Fit Guide,https://smarthome.madabase.com/guides/robot-vacuums-compatibility-and-fit-guide,0,5,0%,14,position-11-20,strengthen-evidence-after-rollout,hold,rollout-complete-plus-3-days,The page is within reach of page one; only evidence-backed internal support is justified after the comparison gate.
expansion757,smarthome,recovery,robot-vacuums,ownership,robot-vacuums-ownership-cost-and-maintenance,Robot Vacuums: Ownership Cost and Maintenance,https://smarthome.madabase.com/guides/robot-vacuums-ownership-cost-and-maintenance,0,3,0%,4.33,top-10,protect-emerging-ranking,hold,now-protection-only,The page has an emerging top-ten position; preserve its exact intent and supporting path during rollout.
expansion757,smarthome,recovery,robot-vacuums,workflow,robot-vacuums-setup-and-daily-workflow,Robot Vacuums: Setup and Daily Workflow,https://smarthome.madabase.com/guides/robot-vacuums-setup-and-daily-workflow,0,41,0%,42.78,position-40-plus,retarget-or-merge-review,hold,rollout-complete-plus-3-days,"Deep visibility requires an exact-query and family-overlap decision before any retarget, merge or canonical change."
expansion757,smarthome,recovery,robot-mops,buying,robot-mops-buying-guide,Robot Mops Buying Guide,https://smarthome.madabase.com/guides/robot-mops-buying-guide,0,0,0%,,zero-impression,family-merge-or-demand-review,hold,2026-08-23,"The URL has zero impressions and belongs to a site hit by the update; review family overlap, real demand and canonical choice at Day 14 without deleting it during rollout."
expansion757,smarthome,recovery,robot-mops,comparison,robot-mops-vs-alternatives,Robot Mops vs. combined vacuum-mop robots,https://smarthome.madabase.com/guides/robot-mops-vs-alternatives,0,0,0%,,zero-impression,family-merge-or-demand-review,hold,2026-08-23,"The URL has zero impressions and belongs to a site hit by the update; review family overlap, real demand and canonical choice at Day 14 without deleting it during rollout."
expansion757,smarthome,recovery,robot-mops,fit,robot-mops-compatibility-and-fit-guide,Robot Mops: Compatibility and Fit Guide,https://smarthome.madabase.com/guides/robot-mops-compatibility-and-fit-guide,0,0,0%,,zero-impression,family-merge-or-demand-review,hold,2026-08-23,"The URL has zero impressions and belongs to a site hit by the update; review family overlap, real demand and canonical choice at Day 14 without deleting it during rollout."
expansion757,smarthome,recovery,robot-mops,ownership,robot-mops-ownership-cost-and-maintenance,Robot Mops: Ownership Cost and Maintenance,https://smarthome.madabase.com/guides/robot-mops-ownership-cost-and-maintenance,0,4,0%,43.25,position-40-plus,retarget-or-merge-review,hold,rollout-complete-plus-3-days,"Deep visibility requires an exact-query and family-overlap decision before any retarget, merge or canonical change."
expansion757,smarthome,recovery,robot-mops,workflow,robot-mops-setup-and-daily-workflow,Robot Mops: Setup and Daily Workflow,https://smarthome.madabase.com/guides/robot-mops-setup-and-daily-workflow,0,11,0%,42.45,position-40-plus,retarget-or-merge-review,hold,rollout-complete-plus-3-days,"Deep visibility requires an exact-query and family-overlap decision before any retarget, merge or canonical change."
expansion757,smarthome,recovery,smart-displays,buying,smart-displays-buying-guide,Smart Displays Buying Guide,https://smarthome.madabase.com/guides/smart-displays-buying-guide,0,1,0%,4,top-10,protect-emerging-ranking,hold,now-protection-only,The page has an emerging top-ten position; preserve its exact intent and supporting path during rollout.
expansion757,smarthome,recovery,smart-displays,comparison,smart-displays-vs-alternatives,Smart Displays vs. tablets or smart speakers,https://smarthome.madabase.com/guides/smart-displays-vs-alternatives,0,1,0%,1,top-10,protect-emerging-ranking,hold,now-protection-only,The page has an emerging top-ten position; preserve its exact intent and supporting path during rollout.
expansion757,smarthome,recovery,smart-displays,fit,smart-displays-compatibility-and-fit-guide,Smart Displays: Compatibility and Fit Guide,https://smarthome.madabase.com/guides/smart-displays-compatibility-and-fit-guide,0,0,0%,,zero-impression,family-merge-or-demand-review,hold,2026-08-23,"The URL has zero impressions and belongs to a site hit by the update; review family overlap, real demand and canonical choice at Day 14 without deleting it during rollout."
expansion757,smarthome,recovery,smart-displays,ownership,smart-displays-ownership-cost-and-maintenance,Smart Displays: Ownership Cost and Maintenance,https://smarthome.madabase.com/guides/smart-displays-ownership-cost-and-maintenance,0,1,0%,9,top-10,protect-emerging-ranking,hold,now-protection-only,The page has an emerging top-ten position; preserve its exact intent and supporting path during rollout.
expansion757,smarthome,recovery,smart-displays,workflow,smart-displays-setup-and-daily-workflow,Smart Displays: Setup and Daily Workflow,https://smarthome.madabase.com/guides/smart-displays-setup-and-daily-workflow,0,1,0%,59,position-40-plus,retarget-or-merge-review,hold,rollout-complete-plus-3-days,"Deep visibility requires an exact-query and family-overlap decision before any retarget, merge or canonical change."
expansion757,smarthome,recovery,smart-speakers,buying,smart-speakers-buying-guide,Smart Speakers Buying Guide,https://smarthome.madabase.com/guides/smart-speakers-buying-guide,0,2,0%,23,position-21-40,query-fit-and-evidence-review,hold,rollout-complete-plus-3-days,"Mid-pack visibility on an affected host needs exact query-fit review after rollout, not a broad template rewrite."
expansion757,smarthome,recovery,smart-speakers,comparison,smart-speakers-vs-alternatives,Smart Speakers vs. smart displays,https://smarthome.madabase.com/guides/smart-speakers-vs-alternatives,0,0,0%,,zero-impression,family-merge-or-demand-review,hold,2026-08-23,"The URL has zero impressions and belongs to a site hit by the update; review family overlap, real demand and canonical choice at Day 14 without deleting it during rollout."
expansion757,smarthome,recovery,smart-speakers,fit,smart-speakers-compatibility-and-fit-guide,Smart Speakers: Compatibility and Fit Guide,https://smarthome.madabase.com/guides/smart-speakers-compatibility-and-fit-guide,0,1,0%,10,top-10,protect-emerging-ranking,hold,now-protection-only,The page has an emerging top-ten position; preserve its exact intent and supporting path during rollout.
expansion757,smarthome,recovery,smart-speakers,ownership,smart-speakers-ownership-cost-and-maintenance,Smart Speakers: Ownership Cost and Maintenance,https://smarthome.madabase.com/guides/smart-speakers-ownership-cost-and-maintenance,0,0,0%,,zero-impression,family-merge-or-demand-review,hold,2026-08-23,"The URL has zero impressions and belongs to a site hit by the update; review family overlap, real demand and canonical choice at Day 14 without deleting it during rollout."
expansion757,smarthome,recovery,smart-speakers,workflow,smart-speakers-setup-and-daily-workflow,Smart Speakers: Setup and Daily Workflow,https://smarthome.madabase.com/guides/smart-speakers-setup-and-daily-workflow,0,1,0%,62,position-40-plus,retarget-or-merge-review,hold,rollout-complete-plus-3-days,"Deep visibility requires an exact-query and family-overlap decision before any retarget, merge or canonical change."
expansion757,smarthome,recovery,smart-ev-chargers,buying,smart-ev-chargers-buying-guide,Smart EV Chargers Buying Guide,https://smarthome.madabase.com/guides/smart-ev-chargers-buying-guide,0,0,0%,,zero-impression,family-merge-or-demand-review,hold,2026-08-23,"The URL has zero impressions and belongs to a site hit by the update; review family overlap, real demand and canonical choice at Day 14 without deleting it during rollout."
expansion757,smarthome,recovery,smart-ev-chargers,comparison,smart-ev-chargers-vs-alternatives,Smart EV Chargers vs. non-connected Level 2 chargers,https://smarthome.madabase.com/guides/smart-ev-chargers-vs-alternatives,0,0,0%,,zero-impression,family-merge-or-demand-review,hold,2026-08-23,"The URL has zero impressions and belongs to a site hit by the update; review family overlap, real demand and canonical choice at Day 14 without deleting it during rollout."
expansion757,smarthome,recovery,smart-ev-chargers,fit,smart-ev-chargers-compatibility-and-fit-guide,Smart EV Chargers: Compatibility and Fit Guide,https://smarthome.madabase.com/guides/smart-ev-chargers-compatibility-and-fit-guide,0,0,0%,,zero-impression,family-merge-or-demand-review,hold,2026-08-23,"The URL has zero impressions and belongs to a site hit by the update; review family overlap, real demand and canonical choice at Day 14 without deleting it during rollout."
expansion757,smarthome,recovery,smart-ev-chargers,ownership,smart-ev-chargers-ownership-cost-and-maintenance,Smart EV Chargers: Ownership Cost and Maintenance,https://smarthome.madabase.com/guides/smart-ev-chargers-ownership-cost-and-maintenance,0,1,0%,85,position-40-plus,retarget-or-merge-review,hold,rollout-complete-plus-3-days,"Deep visibility requires an exact-query and family-overlap decision before any retarget, merge or canonical change."
expansion757,smarthome,recovery,smart-ev-chargers,workflow,smart-ev-chargers-setup-and-daily-workflow,Smart EV Chargers: Setup and Daily Workflow,https://smarthome.madabase.com/guides/smart-ev-chargers-setup-and-daily-workflow,0,6,0%,38.83,position-21-40,query-fit-and-evidence-review,hold,rollout-complete-plus-3-days,"Mid-pack visibility on an affected host needs exact query-fit review after rollout, not a broad template rewrite."
expansion757,homeoffice,protect,business-usb-c-monitors,buying,business-usb-c-monitors-buying-guide,Business USB-C Monitors Buying Guide,https://homeoffice.madabase.com/guides/business-usb-c-monitors-buying-guide,0,4,0%,19.75,position-11-20,strengthen-evidence-after-rollout,hold,2026-08-23,The page is within reach of page one; only evidence-backed internal support is justified after the comparison gate.
expansion757,homeoffice,protect,business-usb-c-monitors,comparison,business-usb-c-monitors-vs-alternatives,Business USB-C Monitors vs. monitors plus a separate dock,https://homeoffice.madabase.com/guides/business-usb-c-monitors-vs-alternatives,0,2,0%,30,position-21-40,observe-mid-pack,hold,2026-09-08,The host remains healthy and the page has discovery; wait for Day 30 before considering a focused improvement.
expansion757,homeoffice,protect,business-usb-c-monitors,fit,business-usb-c-monitors-compatibility-and-fit-guide,Business USB-C Monitors: Compatibility and Fit Guide,https://homeoffice.madabase.com/guides/business-usb-c-monitors-compatibility-and-fit-guide,0,1,0%,10,top-10,protect-emerging-ranking,hold,now-protection-only,The page has an emerging top-ten position; preserve its exact intent and supporting path during rollout.
expansion757,homeoffice,protect,business-usb-c-monitors,ownership,business-usb-c-monitors-ownership-cost-and-maintenance,Business USB-C Monitors: Ownership Cost and Maintenance,https://homeoffice.madabase.com/guides/business-usb-c-monitors-ownership-cost-and-maintenance,0,2,0%,30.5,position-21-40,observe-mid-pack,hold,2026-09-08,The host remains healthy and the page has discovery; wait for Day 30 before considering a focused improvement.
expansion757,homeoffice,protect,business-usb-c-monitors,workflow,business-usb-c-monitors-setup-and-daily-workflow,Business USB-C Monitors: Setup and Daily Workflow,https://homeoffice.madabase.com/guides/business-usb-c-monitors-setup-and-daily-workflow,0,1,0%,11,position-11-20,strengthen-evidence-after-rollout,hold,2026-08-23,The page is within reach of page one; only evidence-backed internal support is justified after the comparison gate.
expansion757,homeoffice,protect,ultrawide-office-monitors,buying,ultrawide-office-monitors-buying-guide,Ultrawide Office Monitors Buying Guide,https://homeoffice.madabase.com/guides/ultrawide-office-monitors-buying-guide,0,3,0%,20,position-11-20,strengthen-evidence-after-rollout,hold,2026-08-23,The page is within reach of page one; only evidence-backed internal support is justified after the comparison gate.
expansion757,homeoffice,protect,ultrawide-office-monitors,comparison,ultrawide-office-monitors-vs-alternatives,Ultrawide Office Monitors vs. dual-monitor setups,https://homeoffice.madabase.com/guides/ultrawide-office-monitors-vs-alternatives,0,2,0%,8.5,top-10,protect-emerging-ranking,hold,now-protection-only,The page has an emerging top-ten position; preserve its exact intent and supporting path during rollout.
expansion757,homeoffice,protect,ultrawide-office-monitors,fit,ultrawide-office-monitors-compatibility-and-fit-guide,Ultrawide Office Monitors: Compatibility and Fit Guide,https://homeoffice.madabase.com/guides/ultrawide-office-monitors-compatibility-and-fit-guide,0,6,0%,7.67,top-10,protect-emerging-ranking,hold,now-protection-only,The page has an emerging top-ten position; preserve its exact intent and supporting path during rollout.
expansion757,homeoffice,protect,ultrawide-office-monitors,ownership,ultrawide-office-monitors-ownership-cost-and-maintenance,Ultrawide Office Monitors: Ownership Cost and Maintenance,https://homeoffice.madabase.com/guides/ultrawide-office-monitors-ownership-cost-and-maintenance,0,8,0%,6.25,top-10,protect-emerging-ranking,hold,now-protection-only,The page has an emerging top-ten position; preserve its exact intent and supporting path during rollout.
expansion757,homeoffice,protect,ultrawide-office-monitors,workflow,ultrawide-office-monitors-setup-and-daily-workflow,Ultrawide Office Monitors: Setup and Daily Workflow,https://homeoffice.madabase.com/guides/ultrawide-office-monitors-setup-and-daily-workflow,0,6,0%,7.83,top-10,protect-emerging-ranking,hold,now-protection-only,The page has an emerging top-ten position; preserve its exact intent and supporting path during rollout.
expansion757,homeoffice,protect,dual-screen-portable-monitors,buying,dual-screen-portable-monitors-buying-guide,Dual-screen Portable Monitors Buying Guide,https://homeoffice.madabase.com/guides/dual-screen-portable-monitors-buying-guide,0,2,0%,48,position-40-plus,retarget-or-merge-review,hold,2026-09-08,"Deep visibility requires an exact-query and family-overlap decision before any retarget, merge or canonical change."
expansion757,homeoffice,protect,dual-screen-portable-monitors,comparison,dual-screen-portable-monitors-vs-alternatives,Dual-screen Portable Monitors vs. single portable monitors,https://homeoffice.madabase.com/guides/dual-screen-portable-monitors-vs-alternatives,0,2,0%,5.5,top-10,protect-emerging-ranking,hold,now-protection-only,The page has an emerging top-ten position; preserve its exact intent and supporting path during rollout.
expansion757,homeoffice,protect,dual-screen-portable-monitors,fit,dual-screen-portable-monitors-compatibility-and-fit-guide,Dual-screen Portable Monitors: Compatibility and Fit Guide,https://homeoffice.madabase.com/guides/dual-screen-portable-monitors-compatibility-and-fit-guide,0,3,0%,15.67,position-11-20,strengthen-evidence-after-rollout,hold,2026-08-23,The page is within reach of page one; only evidence-backed internal support is justified after the comparison gate.
expansion757,homeoffice,protect,dual-screen-portable-monitors,ownership,dual-screen-portable-monitors-ownership-cost-and-maintenance,Dual-screen Portable Monitors: Ownership Cost and Maintenance,https://homeoffice.madabase.com/guides/dual-screen-portable-monitors-ownership-cost-and-maintenance,0,1,0%,9,top-10,protect-emerging-ranking,hold,now-protection-only,The page has an emerging top-ten position; preserve its exact intent and supporting path during rollout.
expansion757,homeoffice,protect,dual-screen-portable-monitors,workflow,dual-screen-portable-monitors-setup-and-daily-workflow,Dual-screen Portable Monitors: Setup and Daily Workflow,https://homeoffice.madabase.com/guides/dual-screen-portable-monitors-setup-and-daily-workflow,0,13,0%,42.62,position-40-plus,retarget-or-merge-review,hold,2026-09-08,"Deep visibility requires an exact-query and family-overlap decision before any retarget, merge or canonical change."
expansion757,homeoffice,protect,vertical-office-monitors,buying,vertical-office-monitors-buying-guide,Vertical Office Monitors Buying Guide,https://homeoffice.madabase.com/guides/vertical-office-monitors-buying-guide,0,2,0%,46.5,position-40-plus,retarget-or-merge-review,hold,2026-09-08,"Deep visibility requires an exact-query and family-overlap decision before any retarget, merge or canonical change."
expansion757,homeoffice,protect,vertical-office-monitors,comparison,vertical-office-monitors-vs-alternatives,Vertical Office Monitors vs. standard landscape monitors,https://homeoffice.madabase.com/guides/vertical-office-monitors-vs-alternatives,0,1,0%,65,position-40-plus,retarget-or-merge-review,hold,2026-09-08,"Deep visibility requires an exact-query and family-overlap decision before any retarget, merge or canonical change."
expansion757,homeoffice,protect,vertical-office-monitors,fit,vertical-office-monitors-compatibility-and-fit-guide,Vertical Office Monitors: Compatibility and Fit Guide,https://homeoffice.madabase.com/guides/vertical-office-monitors-compatibility-and-fit-guide,0,2,0%,52,position-40-plus,retarget-or-merge-review,hold,2026-09-08,"Deep visibility requires an exact-query and family-overlap decision before any retarget, merge or canonical change."
expansion757,homeoffice,protect,vertical-office-monitors,ownership,vertical-office-monitors-ownership-cost-and-maintenance,Vertical Office Monitors: Ownership Cost and Maintenance,https://homeoffice.madabase.com/guides/vertical-office-monitors-ownership-cost-and-maintenance,0,0,0%,,zero-impression,observe-index-and-demand-to-day30,hold,2026-09-08,"The host remains healthy, so preserve the URL and use the Day-30 gate to separate slow discovery from weak demand."
expansion757,homeoffice,protect,vertical-office-monitors,workflow,vertical-office-monitors-setup-and-daily-workflow,Vertical Office Monitors: Setup and Daily Workflow,https://homeoffice.madabase.com/guides/vertical-office-monitors-setup-and-daily-workflow,0,1,0%,3,top-10,protect-emerging-ranking,hold,now-protection-only,The page has an emerging top-ten position; preserve its exact intent and supporting path during rollout.
expansion757,homeoffice,protect,monitor-color-calibrators,buying,monitor-color-calibrators-buying-guide,Monitor Color Calibrators Buying Guide,https://homeoffice.madabase.com/guides/monitor-color-calibrators-buying-guide,0,0,0%,,zero-impression,observe-index-and-demand-to-day30,hold,2026-09-08,"The host remains healthy, so preserve the URL and use the Day-30 gate to separate slow discovery from weak demand."
expansion757,homeoffice,protect,monitor-color-calibrators,comparison,monitor-color-calibrators-vs-alternatives,Monitor Color Calibrators vs. factory-calibrated displays,https://homeoffice.madabase.com/guides/monitor-color-calibrators-vs-alternatives,0,2,0%,30,position-21-40,observe-mid-pack,hold,2026-09-08,The host remains healthy and the page has discovery; wait for Day 30 before considering a focused improvement.
expansion757,homeoffice,protect,monitor-color-calibrators,fit,monitor-color-calibrators-compatibility-and-fit-guide,Monitor Color Calibrators: Compatibility and Fit Guide,https://homeoffice.madabase.com/guides/monitor-color-calibrators-compatibility-and-fit-guide,0,1,0%,73,position-40-plus,retarget-or-merge-review,hold,2026-09-08,"Deep visibility requires an exact-query and family-overlap decision before any retarget, merge or canonical change."
expansion757,homeoffice,protect,monitor-color-calibrators,ownership,monitor-color-calibrators-ownership-cost-and-maintenance,Monitor Color Calibrators: Ownership Cost and Maintenance,https://homeoffice.madabase.com/guides/monitor-color-calibrators-ownership-cost-and-maintenance,0,0,0%,,zero-impression,observe-index-and-demand-to-day30,hold,2026-09-08,"The host remains healthy, so preserve the URL and use the Day-30 gate to separate slow discovery from weak demand."
expansion757,homeoffice,protect,monitor-color-calibrators,workflow,monitor-color-calibrators-setup-and-daily-workflow,Monitor Color Calibrators: Setup and Daily Workflow,https://homeoffice.madabase.com/guides/monitor-color-calibrators-setup-and-daily-workflow,0,0,0%,,zero-impression,observe-index-and-demand-to-day30,hold,2026-09-08,"The host remains healthy, so preserve the URL and use the Day-30 gate to separate slow discovery from weak demand."
expansion757,homeoffice,protect,mechanical-office-keyboards,buying,mechanical-office-keyboards-buying-guide,Mechanical Office Keyboards Buying Guide,https://homeoffice.madabase.com/guides/mechanical-office-keyboards-buying-guide,0,0,0%,,zero-impression,observe-index-and-demand-to-day30,hold,2026-09-08,"The host remains healthy, so preserve the URL and use the Day-30 gate to separate slow discovery from weak demand."
expansion757,homeoffice,protect,mechanical-office-keyboards,comparison,mechanical-office-keyboards-vs-alternatives,Mechanical Office Keyboards vs. low-profile keyboards,https://homeoffice.madabase.com/guides/mechanical-office-keyboards-vs-alternatives,0,0,0%,,zero-impression,observe-index-and-demand-to-day30,hold,2026-09-08,"The host remains healthy, so preserve the URL and use the Day-30 gate to separate slow discovery from weak demand."
expansion757,homeoffice,protect,mechanical-office-keyboards,fit,mechanical-office-keyboards-compatibility-and-fit-guide,Mechanical Office Keyboards: Compatibility and Fit Guide,https://homeoffice.madabase.com/guides/mechanical-office-keyboards-compatibility-and-fit-guide,0,2,0%,58.5,position-40-plus,retarget-or-merge-review,hold,2026-09-08,"Deep visibility requires an exact-query and family-overlap decision before any retarget, merge or canonical change."
expansion757,homeoffice,protect,mechanical-office-keyboards,ownership,mechanical-office-keyboards-ownership-cost-and-maintenance,Mechanical Office Keyboards: Ownership Cost and Maintenance,https://homeoffice.madabase.com/guides/mechanical-office-keyboards-ownership-cost-and-maintenance,0,1,0%,14,position-11-20,strengthen-evidence-after-rollout,hold,2026-08-23,The page is within reach of page one; only evidence-backed internal support is justified after the comparison gate.
expansion757,homeoffice,protect,mechanical-office-keyboards,workflow,mechanical-office-keyboards-setup-and-daily-workflow,Mechanical Office Keyboards: Setup and Daily Workflow,https://homeoffice.madabase.com/guides/mechanical-office-keyboards-setup-and-daily-workflow,0,1,0%,20,position-11-20,strengthen-evidence-after-rollout,hold,2026-08-23,The page is within reach of page one; only evidence-backed internal support is justified after the comparison gate.
expansion757,homeoffice,protect,ergonomic-split-keyboards,buying,ergonomic-split-keyboards-buying-guide,Ergonomic Split Keyboards Buying Guide,https://homeoffice.madabase.com/guides/ergonomic-split-keyboards-buying-guide,0,0,0%,,zero-impression,observe-index-and-demand-to-day30,hold,2026-09-08,"The host remains healthy, so preserve the URL and use the Day-30 gate to separate slow discovery from weak demand."
expansion757,homeoffice,protect,ergonomic-split-keyboards,comparison,ergonomic-split-keyboards-vs-alternatives,Ergonomic Split Keyboards vs. standard keyboards,https://homeoffice.madabase.com/guides/ergonomic-split-keyboards-vs-alternatives,0,1,0%,70,position-40-plus,retarget-or-merge-review,hold,2026-09-08,"Deep visibility requires an exact-query and family-overlap decision before any retarget, merge or canonical change."
expansion757,homeoffice,protect,ergonomic-split-keyboards,fit,ergonomic-split-keyboards-compatibility-and-fit-guide,Ergonomic Split Keyboards: Compatibility and Fit Guide,https://homeoffice.madabase.com/guides/ergonomic-split-keyboards-compatibility-and-fit-guide,0,5,0%,52.4,position-40-plus,retarget-or-merge-review,hold,2026-09-08,"Deep visibility requires an exact-query and family-overlap decision before any retarget, merge or canonical change."
expansion757,homeoffice,protect,ergonomic-split-keyboards,ownership,ergonomic-split-keyboards-ownership-cost-and-maintenance,Ergonomic Split Keyboards: Ownership Cost and Maintenance,https://homeoffice.madabase.com/guides/ergonomic-split-keyboards-ownership-cost-and-maintenance,0,3,0%,19.67,position-11-20,strengthen-evidence-after-rollout,hold,2026-08-23,The page is within reach of page one; only evidence-backed internal support is justified after the comparison gate.
expansion757,homeoffice,protect,ergonomic-split-keyboards,workflow,ergonomic-split-keyboards-setup-and-daily-workflow,Ergonomic Split Keyboards: Setup and Daily Workflow,https://homeoffice.madabase.com/guides/ergonomic-split-keyboards-setup-and-daily-workflow,0,9,0%,56.67,position-40-plus,retarget-or-merge-review,hold,2026-09-08,"Deep visibility requires an exact-query and family-overlap decision before any retarget, merge or canonical change."
expansion757,homeoffice,protect,low-profile-keyboards,buying,low-profile-keyboards-buying-guide,Low-profile Keyboards Buying Guide,https://homeoffice.madabase.com/guides/low-profile-keyboards-buying-guide,0,0,0%,,zero-impression,observe-index-and-demand-to-day30,hold,2026-09-08,"The host remains healthy, so preserve the URL and use the Day-30 gate to separate slow discovery from weak demand."
expansion757,homeoffice,protect,low-profile-keyboards,comparison,low-profile-keyboards-vs-alternatives,Low-profile Keyboards vs. mechanical keyboards,https://homeoffice.madabase.com/guides/low-profile-keyboards-vs-alternatives,0,2,0%,40,position-21-40,observe-mid-pack,hold,2026-09-08,The host remains healthy and the page has discovery; wait for Day 30 before considering a focused improvement.
expansion757,homeoffice,protect,low-profile-keyboards,fit,low-profile-keyboards-compatibility-and-fit-guide,Low-profile Keyboards: Compatibility and Fit Guide,https://homeoffice.madabase.com/guides/low-profile-keyboards-compatibility-and-fit-guide,0,0,0%,,zero-impression,observe-index-and-demand-to-day30,hold,2026-09-08,"The host remains healthy, so preserve the URL and use the Day-30 gate to separate slow discovery from weak demand."
expansion757,homeoffice,protect,low-profile-keyboards,ownership,low-profile-keyboards-ownership-cost-and-maintenance,Low-profile Keyboards: Ownership Cost and Maintenance,https://homeoffice.madabase.com/guides/low-profile-keyboards-ownership-cost-and-maintenance,0,0,0%,,zero-impression,observe-index-and-demand-to-day30,hold,2026-09-08,"The host remains healthy, so preserve the URL and use the Day-30 gate to separate slow discovery from weak demand."
expansion757,homeoffice,protect,low-profile-keyboards,workflow,low-profile-keyboards-setup-and-daily-workflow,Low-profile Keyboards: Setup and Daily Workflow,https://homeoffice.madabase.com/guides/low-profile-keyboards-setup-and-daily-workflow,0,0,0%,,zero-impression,observe-index-and-demand-to-day30,hold,2026-09-08,"The host remains healthy, so preserve the URL and use the Day-30 gate to separate slow discovery from weak demand."
expansion757,homeoffice,protect,productivity-mice,buying,productivity-mice-buying-guide,Productivity Mice Buying Guide,https://homeoffice.madabase.com/guides/productivity-mice-buying-guide,0,2,0%,9,top-10,protect-emerging-ranking,hold,now-protection-only,The page has an emerging top-ten position; preserve its exact intent and supporting path during rollout.
expansion757,homeoffice,protect,productivity-mice,comparison,productivity-mice-vs-alternatives,Productivity Mice vs. basic wireless mice,https://homeoffice.madabase.com/guides/productivity-mice-vs-alternatives,0,1,0%,3,top-10,protect-emerging-ranking,hold,now-protection-only,The page has an emerging top-ten position; preserve its exact intent and supporting path during rollout.
expansion757,homeoffice,protect,productivity-mice,fit,productivity-mice-compatibility-and-fit-guide,Productivity Mice: Compatibility and Fit Guide,https://homeoffice.madabase.com/guides/productivity-mice-compatibility-and-fit-guide,0,6,0%,21,position-21-40,observe-mid-pack,hold,2026-09-08,The host remains healthy and the page has discovery; wait for Day 30 before considering a focused improvement.
expansion757,homeoffice,protect,productivity-mice,ownership,productivity-mice-ownership-cost-and-maintenance,Productivity Mice: Ownership Cost and Maintenance,https://homeoffice.madabase.com/guides/productivity-mice-ownership-cost-and-maintenance,0,5,0%,8,top-10,protect-emerging-ranking,hold,now-protection-only,The page has an emerging top-ten position; preserve its exact intent and supporting path during rollout.
expansion757,homeoffice,protect,productivity-mice,workflow,productivity-mice-setup-and-daily-workflow,Productivity Mice: Setup and Daily Workflow,https://homeoffice.madabase.com/guides/productivity-mice-setup-and-daily-workflow,0,2,0%,5.5,top-10,protect-emerging-ranking,hold,now-protection-only,The page has an emerging top-ten position; preserve its exact intent and supporting path during rollout.
expansion757,homeoffice,protect,vertical-mice,buying,vertical-mice-buying-guide,Vertical Mice Buying Guide,https://homeoffice.madabase.com/guides/vertical-mice-buying-guide,0,1,0%,68,position-40-plus,retarget-or-merge-review,hold,2026-09-08,"Deep visibility requires an exact-query and family-overlap decision before any retarget, merge or canonical change."
expansion757,homeoffice,protect,vertical-mice,comparison,vertical-mice-vs-alternatives,Vertical Mice vs. standard mice or trackballs,https://homeoffice.madabase.com/guides/vertical-mice-vs-alternatives,0,0,0%,,zero-impression,observe-index-and-demand-to-day30,hold,2026-09-08,"The host remains healthy, so preserve the URL and use the Day-30 gate to separate slow discovery from weak demand."
expansion757,homeoffice,protect,vertical-mice,fit,vertical-mice-compatibility-and-fit-guide,Vertical Mice: Compatibility and Fit Guide,https://homeoffice.madabase.com/guides/vertical-mice-compatibility-and-fit-guide,0,0,0%,,zero-impression,observe-index-and-demand-to-day30,hold,2026-09-08,"The host remains healthy, so preserve the URL and use the Day-30 gate to separate slow discovery from weak demand."
expansion757,homeoffice,protect,vertical-mice,ownership,vertical-mice-ownership-cost-and-maintenance,Vertical Mice: Ownership Cost and Maintenance,https://homeoffice.madabase.com/guides/vertical-mice-ownership-cost-and-maintenance,0,0,0%,,zero-impression,observe-index-and-demand-to-day30,hold,2026-09-08,"The host remains healthy, so preserve the URL and use the Day-30 gate to separate slow discovery from weak demand."
expansion757,homeoffice,protect,vertical-mice,workflow,vertical-mice-setup-and-daily-workflow,Vertical Mice: Setup and Daily Workflow,https://homeoffice.madabase.com/guides/vertical-mice-setup-and-daily-workflow,0,0,0%,,zero-impression,observe-index-and-demand-to-day30,hold,2026-09-08,"The host remains healthy, so preserve the URL and use the Day-30 gate to separate slow discovery from weak demand."
expansion757,homeoffice,protect,office-trackballs,buying,office-trackballs-buying-guide,Office Trackballs Buying Guide,https://homeoffice.madabase.com/guides/office-trackballs-buying-guide,0,0,0%,,zero-impression,observe-index-and-demand-to-day30,hold,2026-09-08,"The host remains healthy, so preserve the URL and use the Day-30 gate to separate slow discovery from weak demand."
expansion757,homeoffice,protect,office-trackballs,comparison,office-trackballs-vs-alternatives,Office Trackballs vs. vertical mice,https://homeoffice.madabase.com/guides/office-trackballs-vs-alternatives,0,0,0%,,zero-impression,observe-index-and-demand-to-day30,hold,2026-09-08,"The host remains healthy, so preserve the URL and use the Day-30 gate to separate slow discovery from weak demand."
expansion757,homeoffice,protect,office-trackballs,fit,office-trackballs-compatibility-and-fit-guide,Office Trackballs: Compatibility and Fit Guide,https://homeoffice.madabase.com/guides/office-trackballs-compatibility-and-fit-guide,0,0,0%,,zero-impression,observe-index-and-demand-to-day30,hold,2026-09-08,"The host remains healthy, so preserve the URL and use the Day-30 gate to separate slow discovery from weak demand."
expansion757,homeoffice,protect,office-trackballs,ownership,office-trackballs-ownership-cost-and-maintenance,Office Trackballs: Ownership Cost and Maintenance,https://homeoffice.madabase.com/guides/office-trackballs-ownership-cost-and-maintenance,0,0,0%,,zero-impression,observe-index-and-demand-to-day30,hold,2026-09-08,"The host remains healthy, so preserve the URL and use the Day-30 gate to separate slow discovery from weak demand."
expansion757,homeoffice,protect,office-trackballs,workflow,office-trackballs-setup-and-daily-workflow,Office Trackballs: Setup and Daily Workflow,https://homeoffice.madabase.com/guides/office-trackballs-setup-and-daily-workflow,0,0,0%,,zero-impression,observe-index-and-demand-to-day30,hold,2026-09-08,"The host remains healthy, so preserve the URL and use the Day-30 gate to separate slow discovery from weak demand."
expansion757,homeoffice,protect,wireless-number-pads,buying,wireless-number-pads-buying-guide,Wireless Number Pads Buying Guide,https://homeoffice.madabase.com/guides/wireless-number-pads-buying-guide,0,0,0%,,zero-impression,observe-index-and-demand-to-day30,hold,2026-09-08,"The host remains healthy, so preserve the URL and use the Day-30 gate to separate slow discovery from weak demand."
expansion757,homeoffice,protect,wireless-number-pads,comparison,wireless-number-pads-vs-alternatives,Wireless Number Pads vs. full-size keyboards,https://homeoffice.madabase.com/guides/wireless-number-pads-vs-alternatives,0,0,0%,,zero-impression,observe-index-and-demand-to-day30,hold,2026-09-08,"The host remains healthy, so preserve the URL and use the Day-30 gate to separate slow discovery from weak demand."
expansion757,homeoffice,protect,wireless-number-pads,fit,wireless-number-pads-compatibility-and-fit-guide,Wireless Number Pads: Compatibility and Fit Guide,https://homeoffice.madabase.com/guides/wireless-number-pads-compatibility-and-fit-guide,0,0,0%,,zero-impression,observe-index-and-demand-to-day30,hold,2026-09-08,"The host remains healthy, so preserve the URL and use the Day-30 gate to separate slow discovery from weak demand."
expansion757,homeoffice,protect,wireless-number-pads,ownership,wireless-number-pads-ownership-cost-and-maintenance,Wireless Number Pads: Ownership Cost and Maintenance,https://homeoffice.madabase.com/guides/wireless-number-pads-ownership-cost-and-maintenance,0,1,0%,5,top-10,protect-emerging-ranking,hold,now-protection-only,The page has an emerging top-ten position; preserve its exact intent and supporting path during rollout.
expansion757,homeoffice,protect,wireless-number-pads,workflow,wireless-number-pads-setup-and-daily-workflow,Wireless Number Pads: Setup and Daily Workflow,https://homeoffice.madabase.com/guides/wireless-number-pads-setup-and-daily-workflow,0,0,0%,,zero-impression,observe-index-and-demand-to-day30,hold,2026-09-08,"The host remains healthy, so preserve the URL and use the Day-30 gate to separate slow discovery from weak demand."
expansion757,homeoffice,protect,office-call-headsets,buying,office-call-headsets-buying-guide,Office Call Headsets Buying Guide,https://homeoffice.madabase.com/guides/office-call-headsets-buying-guide,0,1,0%,24,position-21-40,observe-mid-pack,hold,2026-09-08,The host remains healthy and the page has discovery; wait for Day 30 before considering a focused improvement.
expansion757,homeoffice,protect,office-call-headsets,comparison,office-call-headsets-vs-alternatives,Office Call Headsets vs. USB speakerphones,https://homeoffice.madabase.com/guides/office-call-headsets-vs-alternatives,0,1,0%,68,position-40-plus,retarget-or-merge-review,hold,2026-09-08,"Deep visibility requires an exact-query and family-overlap decision before any retarget, merge or canonical change."
expansion757,homeoffice,protect,office-call-headsets,fit,office-call-headsets-compatibility-and-fit-guide,Office Call Headsets: Compatibility and Fit Guide,https://homeoffice.madabase.com/guides/office-call-headsets-compatibility-and-fit-guide,0,0,0%,,zero-impression,observe-index-and-demand-to-day30,hold,2026-09-08,"The host remains healthy, so preserve the URL and use the Day-30 gate to separate slow discovery from weak demand."
expansion757,homeoffice,protect,office-call-headsets,ownership,office-call-headsets-ownership-cost-and-maintenance,Office Call Headsets: Ownership Cost and Maintenance,https://homeoffice.madabase.com/guides/office-call-headsets-ownership-cost-and-maintenance,0,0,0%,,zero-impression,observe-index-and-demand-to-day30,hold,2026-09-08,"The host remains healthy, so preserve the URL and use the Day-30 gate to separate slow discovery from weak demand."
expansion757,homeoffice,protect,office-call-headsets,workflow,office-call-headsets-setup-and-daily-workflow,Office Call Headsets: Setup and Daily Workflow,https://homeoffice.madabase.com/guides/office-call-headsets-setup-and-daily-workflow,0,3,0%,56.33,position-40-plus,retarget-or-merge-review,hold,2026-09-08,"Deep visibility requires an exact-query and family-overlap decision before any retarget, merge or canonical change."
expansion757,homeoffice,protect,wireless-conference-headsets,buying,wireless-conference-headsets-buying-guide,Wireless Conference Headsets Buying Guide,https://homeoffice.madabase.com/guides/wireless-conference-headsets-buying-guide,0,0,0%,,zero-impression,observe-index-and-demand-to-day30,hold,2026-09-08,"The host remains healthy, so preserve the URL and use the Day-30 gate to separate slow discovery from weak demand."
expansion757,homeoffice,protect,wireless-conference-headsets,comparison,wireless-conference-headsets-vs-alternatives,Wireless Conference Headsets vs. wired USB headsets,https://homeoffice.madabase.com/guides/wireless-conference-headsets-vs-alternatives,0,0,0%,,zero-impression,observe-index-and-demand-to-day30,hold,2026-09-08,"The host remains healthy, so preserve the URL and use the Day-30 gate to separate slow discovery from weak demand."
expansion757,homeoffice,protect,wireless-conference-headsets,fit,wireless-conference-headsets-compatibility-and-fit-guide,Wireless Conference Headsets: Compatibility and Fit Guide,https://homeoffice.madabase.com/guides/wireless-conference-headsets-compatibility-and-fit-guide,0,1,0%,23,position-21-40,observe-mid-pack,hold,2026-09-08,The host remains healthy and the page has discovery; wait for Day 30 before considering a focused improvement.
expansion757,homeoffice,protect,wireless-conference-headsets,ownership,wireless-conference-headsets-ownership-cost-and-maintenance,Wireless Conference Headsets: Ownership Cost and Maintenance,https://homeoffice.madabase.com/guides/wireless-conference-headsets-ownership-cost-and-maintenance,0,1,0%,3,top-10,protect-emerging-ranking,hold,now-protection-only,The page has an emerging top-ten position; preserve its exact intent and supporting path during rollout.
expansion757,homeoffice,protect,wireless-conference-headsets,workflow,wireless-conference-headsets-setup-and-daily-workflow,Wireless Conference Headsets: Setup and Daily Workflow,https://homeoffice.madabase.com/guides/wireless-conference-headsets-setup-and-daily-workflow,0,0,0%,,zero-impression,observe-index-and-demand-to-day30,hold,2026-09-08,"The host remains healthy, so preserve the URL and use the Day-30 gate to separate slow discovery from weak demand."
expansion757,homeoffice,protect,usb-condenser-microphones,buying,usb-condenser-microphones-buying-guide,USB Condenser Microphones Buying Guide,https://homeoffice.madabase.com/guides/usb-condenser-microphones-buying-guide,0,0,0%,,zero-impression,observe-index-and-demand-to-day30,hold,2026-09-08,"The host remains healthy, so preserve the URL and use the Day-30 gate to separate slow discovery from weak demand."
expansion757,homeoffice,protect,usb-condenser-microphones,comparison,usb-condenser-microphones-vs-alternatives,USB Condenser Microphones vs. headset microphones,https://homeoffice.madabase.com/guides/usb-condenser-microphones-vs-alternatives,0,1,0%,49,position-40-plus,retarget-or-merge-review,hold,2026-09-08,"Deep visibility requires an exact-query and family-overlap decision before any retarget, merge or canonical change."
expansion757,homeoffice,protect,usb-condenser-microphones,fit,usb-condenser-microphones-compatibility-and-fit-guide,USB Condenser Microphones: Compatibility and Fit Guide,https://homeoffice.madabase.com/guides/usb-condenser-microphones-compatibility-and-fit-guide,0,1,0%,52,position-40-plus,retarget-or-merge-review,hold,2026-09-08,"Deep visibility requires an exact-query and family-overlap decision before any retarget, merge or canonical change."
expansion757,homeoffice,protect,usb-condenser-microphones,ownership,usb-condenser-microphones-ownership-cost-and-maintenance,USB Condenser Microphones: Ownership Cost and Maintenance,https://homeoffice.madabase.com/guides/usb-condenser-microphones-ownership-cost-and-maintenance,0,0,0%,,zero-impression,observe-index-and-demand-to-day30,hold,2026-09-08,"The host remains healthy, so preserve the URL and use the Day-30 gate to separate slow discovery from weak demand."
expansion757,homeoffice,protect,usb-condenser-microphones,workflow,usb-condenser-microphones-setup-and-daily-workflow,USB Condenser Microphones: Setup and Daily Workflow,https://homeoffice.madabase.com/guides/usb-condenser-microphones-setup-and-daily-workflow,0,2,0%,34.5,position-21-40,observe-mid-pack,hold,2026-09-08,The host remains healthy and the page has discovery; wait for Day 30 before considering a focused improvement.
expansion757,homeoffice,protect,xlr-office-microphones,buying,xlr-office-microphones-buying-guide,XLR Microphones for Office Studios Buying Guide,https://homeoffice.madabase.com/guides/xlr-office-microphones-buying-guide,0,0,0%,,zero-impression,observe-index-and-demand-to-day30,hold,2026-09-08,"The host remains healthy, so preserve the URL and use the Day-30 gate to separate slow discovery from weak demand."
expansion757,homeoffice,protect,xlr-office-microphones,comparison,xlr-office-microphones-vs-alternatives,XLR Microphones for Office Studios vs. USB microphones,https://homeoffice.madabase.com/guides/xlr-office-microphones-vs-alternatives,0,0,0%,,zero-impression,observe-index-and-demand-to-day30,hold,2026-09-08,"The host remains healthy, so preserve the URL and use the Day-30 gate to separate slow discovery from weak demand."
expansion757,homeoffice,protect,xlr-office-microphones,fit,xlr-office-microphones-compatibility-and-fit-guide,XLR Microphones for Office Studios: Compatibility and Fit Guide,https://homeoffice.madabase.com/guides/xlr-office-microphones-compatibility-and-fit-guide,0,2,0%,36,position-21-40,observe-mid-pack,hold,2026-09-08,The host remains healthy and the page has discovery; wait for Day 30 before considering a focused improvement.
expansion757,homeoffice,protect,xlr-office-microphones,ownership,xlr-office-microphones-ownership-cost-and-maintenance,XLR Microphones for Office Studios: Ownership Cost and Maintenance,https://homeoffice.madabase.com/guides/xlr-office-microphones-ownership-cost-and-maintenance,0,1,0%,29,position-21-40,observe-mid-pack,hold,2026-09-08,The host remains healthy and the page has discovery; wait for Day 30 before considering a focused improvement.
expansion757,homeoffice,protect,xlr-office-microphones,workflow,xlr-office-microphones-setup-and-daily-workflow,XLR Microphones for Office Studios: Setup and Daily Workflow,https://homeoffice.madabase.com/guides/xlr-office-microphones-setup-and-daily-workflow,0,2,0%,40.5,position-40-plus,retarget-or-merge-review,hold,2026-09-08,"Deep visibility requires an exact-query and family-overlap decision before any retarget, merge or canonical change."
expansion757,homeoffice,protect,desktop-audio-interfaces,buying,desktop-audio-interfaces-buying-guide,Desktop Audio Interfaces Buying Guide,https://homeoffice.madabase.com/guides/desktop-audio-interfaces-buying-guide,0,0,0%,,zero-impression,observe-index-and-demand-to-day30,hold,2026-09-08,"The host remains healthy, so preserve the URL and use the Day-30 gate to separate slow discovery from weak demand."
expansion757,homeoffice,protect,desktop-audio-interfaces,comparison,desktop-audio-interfaces-vs-alternatives,Desktop Audio Interfaces vs. direct USB microphones,https://homeoffice.madabase.com/guides/desktop-audio-interfaces-vs-alternatives,0,2,0%,46.5,position-40-plus,retarget-or-merge-review,hold,2026-09-08,"Deep visibility requires an exact-query and family-overlap decision before any retarget, merge or canonical change."
expansion757,homeoffice,protect,desktop-audio-interfaces,fit,desktop-audio-interfaces-compatibility-and-fit-guide,Desktop Audio Interfaces: Compatibility and Fit Guide,https://homeoffice.madabase.com/guides/desktop-audio-interfaces-compatibility-and-fit-guide,0,1,0%,52,position-40-plus,retarget-or-merge-review,hold,2026-09-08,"Deep visibility requires an exact-query and family-overlap decision before any retarget, merge or canonical change."
expansion757,homeoffice,protect,desktop-audio-interfaces,ownership,desktop-audio-interfaces-ownership-cost-and-maintenance,Desktop Audio Interfaces: Ownership Cost and Maintenance,https://homeoffice.madabase.com/guides/desktop-audio-interfaces-ownership-cost-and-maintenance,0,0,0%,,zero-impression,observe-index-and-demand-to-day30,hold,2026-09-08,"The host remains healthy, so preserve the URL and use the Day-30 gate to separate slow discovery from weak demand."
expansion757,homeoffice,protect,desktop-audio-interfaces,workflow,desktop-audio-interfaces-setup-and-daily-workflow,Desktop Audio Interfaces: Setup and Daily Workflow,https://homeoffice.madabase.com/guides/desktop-audio-interfaces-setup-and-daily-workflow,0,0,0%,,zero-impression,observe-index-and-demand-to-day30,hold,2026-09-08,"The host remains healthy, so preserve the URL and use the Day-30 gate to separate slow discovery from weak demand."
expansion757,homeoffice,protect,dual-monitor-kvm-switches,buying,dual-monitor-kvm-switches-buying-guide,Dual-monitor KVM Switches Buying Guide,https://homeoffice.madabase.com/guides/dual-monitor-kvm-switches-buying-guide,0,2,0%,61.5,position-40-plus,retarget-or-merge-review,hold,2026-09-08,"Deep visibility requires an exact-query and family-overlap decision before any retarget, merge or canonical change."
expansion757,homeoffice,protect,dual-monitor-kvm-switches,comparison,dual-monitor-kvm-switches-vs-alternatives,Dual-monitor KVM Switches vs. USB switches plus monitor input switching,https://homeoffice.madabase.com/guides/dual-monitor-kvm-switches-vs-alternatives,0,5,0%,37.4,position-21-40,observe-mid-pack,hold,2026-09-08,The host remains healthy and the page has discovery; wait for Day 30 before considering a focused improvement.
expansion757,homeoffice,protect,dual-monitor-kvm-switches,fit,dual-monitor-kvm-switches-compatibility-and-fit-guide,Dual-monitor KVM Switches: Compatibility and Fit Guide,https://homeoffice.madabase.com/guides/dual-monitor-kvm-switches-compatibility-and-fit-guide,0,8,0%,33.75,position-21-40,observe-mid-pack,hold,2026-09-08,The host remains healthy and the page has discovery; wait for Day 30 before considering a focused improvement.
expansion757,homeoffice,protect,dual-monitor-kvm-switches,ownership,dual-monitor-kvm-switches-ownership-cost-and-maintenance,Dual-monitor KVM Switches: Ownership Cost and Maintenance,https://homeoffice.madabase.com/guides/dual-monitor-kvm-switches-ownership-cost-and-maintenance,0,2,0%,26,position-21-40,observe-mid-pack,hold,2026-09-08,The host remains healthy and the page has discovery; wait for Day 30 before considering a focused improvement.
expansion757,homeoffice,protect,dual-monitor-kvm-switches,workflow,dual-monitor-kvm-switches-setup-and-daily-workflow,Dual-monitor KVM Switches: Setup and Daily Workflow,https://homeoffice.madabase.com/guides/dual-monitor-kvm-switches-setup-and-daily-workflow,0,13,0%,46.92,position-40-plus,retarget-or-merge-review,hold,2026-09-08,"Deep visibility requires an exact-query and family-overlap decision before any retarget, merge or canonical change."
expansion757,homeoffice,protect,thunderbolt-kvm-docks,buying,thunderbolt-kvm-docks-buying-guide,Thunderbolt KVM Docks Buying Guide,https://homeoffice.madabase.com/guides/thunderbolt-kvm-docks-buying-guide,0,0,0%,,zero-impression,observe-index-and-demand-to-day30,hold,2026-09-08,"The host remains healthy, so preserve the URL and use the Day-30 gate to separate slow discovery from weak demand."
expansion757,homeoffice,protect,thunderbolt-kvm-docks,comparison,thunderbolt-kvm-docks-vs-alternatives,Thunderbolt KVM Docks vs. separate docks and KVM switches,https://homeoffice.madabase.com/guides/thunderbolt-kvm-docks-vs-alternatives,0,7,0%,24.43,position-21-40,observe-mid-pack,hold,2026-09-08,The host remains healthy and the page has discovery; wait for Day 30 before considering a focused improvement.
expansion757,homeoffice,protect,thunderbolt-kvm-docks,fit,thunderbolt-kvm-docks-compatibility-and-fit-guide,Thunderbolt KVM Docks: Compatibility and Fit Guide,https://homeoffice.madabase.com/guides/thunderbolt-kvm-docks-compatibility-and-fit-guide,0,0,0%,,zero-impression,observe-index-and-demand-to-day30,hold,2026-09-08,"The host remains healthy, so preserve the URL and use the Day-30 gate to separate slow discovery from weak demand."
expansion757,homeoffice,protect,thunderbolt-kvm-docks,ownership,thunderbolt-kvm-docks-ownership-cost-and-maintenance,Thunderbolt KVM Docks: Ownership Cost and Maintenance,https://homeoffice.madabase.com/guides/thunderbolt-kvm-docks-ownership-cost-and-maintenance,0,1,0%,9,top-10,protect-emerging-ranking,hold,now-protection-only,The page has an emerging top-ten position; preserve its exact intent and supporting path during rollout.
expansion757,homeoffice,protect,thunderbolt-kvm-docks,workflow,thunderbolt-kvm-docks-setup-and-daily-workflow,Thunderbolt KVM Docks: Setup and Daily Workflow,https://homeoffice.madabase.com/guides/thunderbolt-kvm-docks-setup-and-daily-workflow,0,2,0%,41.5,position-40-plus,retarget-or-merge-review,hold,2026-09-08,"Deep visibility requires an exact-query and family-overlap decision before any retarget, merge or canonical change."
expansion757,homeoffice,protect,sheetfed-document-scanners,buying,sheetfed-document-scanners-buying-guide,Sheet-fed Document Scanners Buying Guide,https://homeoffice.madabase.com/guides/sheetfed-document-scanners-buying-guide,0,0,0%,,zero-impression,observe-index-and-demand-to-day30,hold,2026-09-08,"The host remains healthy, so preserve the URL and use the Day-30 gate to separate slow discovery from weak demand."
expansion757,homeoffice,protect,sheetfed-document-scanners,comparison,sheetfed-document-scanners-vs-alternatives,Sheet-fed Document Scanners vs. flatbed scanners or multifunction printers,https://homeoffice.madabase.com/guides/sheetfed-document-scanners-vs-alternatives,0,5,0%,71.8,position-40-plus,retarget-or-merge-review,hold,2026-09-08,"Deep visibility requires an exact-query and family-overlap decision before any retarget, merge or canonical change."
expansion757,homeoffice,protect,sheetfed-document-scanners,fit,sheetfed-document-scanners-compatibility-and-fit-guide,Sheet-fed Document Scanners: Compatibility and Fit Guide,https://homeoffice.madabase.com/guides/sheetfed-document-scanners-compatibility-and-fit-guide,0,7,0%,55,position-40-plus,retarget-or-merge-review,hold,2026-09-08,"Deep visibility requires an exact-query and family-overlap decision before any retarget, merge or canonical change."
expansion757,homeoffice,protect,sheetfed-document-scanners,ownership,sheetfed-document-scanners-ownership-cost-and-maintenance,Sheet-fed Document Scanners: Ownership Cost and Maintenance,https://homeoffice.madabase.com/guides/sheetfed-document-scanners-ownership-cost-and-maintenance,0,0,0%,,zero-impression,observe-index-and-demand-to-day30,hold,2026-09-08,"The host remains healthy, so preserve the URL and use the Day-30 gate to separate slow discovery from weak demand."
expansion757,homeoffice,protect,sheetfed-document-scanners,workflow,sheetfed-document-scanners-setup-and-daily-workflow,Sheet-fed Document Scanners: Setup and Daily Workflow,https://homeoffice.madabase.com/guides/sheetfed-document-scanners-setup-and-daily-workflow,0,2,0%,86,position-40-plus,retarget-or-merge-review,hold,2026-09-08,"Deep visibility requires an exact-query and family-overlap decision before any retarget, merge or canonical change."
expansion757,homeoffice,protect,flatbed-document-scanners,buying,flatbed-document-scanners-buying-guide,Flatbed Document Scanners Buying Guide,https://homeoffice.madabase.com/guides/flatbed-document-scanners-buying-guide,0,1,0%,86,position-40-plus,retarget-or-merge-review,hold,2026-09-08,"Deep visibility requires an exact-query and family-overlap decision before any retarget, merge or canonical change."
expansion757,homeoffice,protect,flatbed-document-scanners,comparison,flatbed-document-scanners-vs-alternatives,Flatbed Document Scanners vs. sheet-fed scanners,https://homeoffice.madabase.com/guides/flatbed-document-scanners-vs-alternatives,0,5,0%,88.8,position-40-plus,retarget-or-merge-review,hold,2026-09-08,"Deep visibility requires an exact-query and family-overlap decision before any retarget, merge or canonical change."
expansion757,homeoffice,protect,flatbed-document-scanners,fit,flatbed-document-scanners-compatibility-and-fit-guide,Flatbed Document Scanners: Compatibility and Fit Guide,https://homeoffice.madabase.com/guides/flatbed-document-scanners-compatibility-and-fit-guide,0,1,0%,93,position-40-plus,retarget-or-merge-review,hold,2026-09-08,"Deep visibility requires an exact-query and family-overlap decision before any retarget, merge or canonical change."
expansion757,homeoffice,protect,flatbed-document-scanners,ownership,flatbed-document-scanners-ownership-cost-and-maintenance,Flatbed Document Scanners: Ownership Cost and Maintenance,https://homeoffice.madabase.com/guides/flatbed-document-scanners-ownership-cost-and-maintenance,0,0,0%,,zero-impression,observe-index-and-demand-to-day30,hold,2026-09-08,"The host remains healthy, so preserve the URL and use the Day-30 gate to separate slow discovery from weak demand."
expansion757,homeoffice,protect,flatbed-document-scanners,workflow,flatbed-document-scanners-setup-and-daily-workflow,Flatbed Document Scanners: Setup and Daily Workflow,https://homeoffice.madabase.com/guides/flatbed-document-scanners-setup-and-daily-workflow,0,0,0%,,zero-impression,observe-index-and-demand-to-day30,hold,2026-09-08,"The host remains healthy, so preserve the URL and use the Day-30 gate to separate slow discovery from weak demand."
expansion757,homeoffice,protect,monochrome-laser-printers,buying,monochrome-laser-printers-buying-guide,Monochrome Laser Printers Buying Guide,https://homeoffice.madabase.com/guides/monochrome-laser-printers-buying-guide,0,16,0%,90.25,position-40-plus,retarget-or-merge-review,hold,2026-09-08,"Deep visibility requires an exact-query and family-overlap decision before any retarget, merge or canonical change."
expansion757,homeoffice,protect,monochrome-laser-printers,comparison,monochrome-laser-printers-vs-alternatives,Monochrome Laser Printers vs. inkjet printers,https://homeoffice.madabase.com/guides/monochrome-laser-printers-vs-alternatives,0,9,0%,76.11,position-40-plus,retarget-or-merge-review,hold,2026-09-08,"Deep visibility requires an exact-query and family-overlap decision before any retarget, merge or canonical change."
expansion757,homeoffice,protect,monochrome-laser-printers,fit,monochrome-laser-printers-compatibility-and-fit-guide,Monochrome Laser Printers: Compatibility and Fit Guide,https://homeoffice.madabase.com/guides/monochrome-laser-printers-compatibility-and-fit-guide,0,0,0%,,zero-impression,observe-index-and-demand-to-day30,hold,2026-09-08,"The host remains healthy, so preserve the URL and use the Day-30 gate to separate slow discovery from weak demand."
expansion757,homeoffice,protect,monochrome-laser-printers,ownership,monochrome-laser-printers-ownership-cost-and-maintenance,Monochrome Laser Printers: Ownership Cost and Maintenance,https://homeoffice.madabase.com/guides/monochrome-laser-printers-ownership-cost-and-maintenance,0,6,0%,12.33,position-11-20,strengthen-evidence-after-rollout,hold,2026-08-23,The page is within reach of page one; only evidence-backed internal support is justified after the comparison gate.
expansion757,homeoffice,protect,monochrome-laser-printers,workflow,monochrome-laser-printers-setup-and-daily-workflow,Monochrome Laser Printers: Setup and Daily Workflow,https://homeoffice.madabase.com/guides/monochrome-laser-printers-setup-and-daily-workflow,0,1,0%,16,position-11-20,strengthen-evidence-after-rollout,hold,2026-08-23,The page is within reach of page one; only evidence-backed internal support is justified after the comparison gate.
expansion757,homeoffice,protect,color-laser-multifunction-printers,buying,color-laser-multifunction-printers-buying-guide,Color Laser Multifunction Printers Buying Guide,https://homeoffice.madabase.com/guides/color-laser-multifunction-printers-buying-guide,0,0,0%,,zero-impression,observe-index-and-demand-to-day30,hold,2026-09-08,"The host remains healthy, so preserve the URL and use the Day-30 gate to separate slow discovery from weak demand."
expansion757,homeoffice,protect,color-laser-multifunction-printers,comparison,color-laser-multifunction-printers-vs-alternatives,Color Laser Multifunction Printers vs. separate printers and scanners,https://homeoffice.madabase.com/guides/color-laser-multifunction-printers-vs-alternatives,0,0,0%,,zero-impression,observe-index-and-demand-to-day30,hold,2026-09-08,"The host remains healthy, so preserve the URL and use the Day-30 gate to separate slow discovery from weak demand."
expansion757,homeoffice,protect,color-laser-multifunction-printers,fit,color-laser-multifunction-printers-compatibility-and-fit-guide,Color Laser Multifunction Printers: Compatibility and Fit Guide,https://homeoffice.madabase.com/guides/color-laser-multifunction-printers-compatibility-and-fit-guide,0,0,0%,,zero-impression,observe-index-and-demand-to-day30,hold,2026-09-08,"The host remains healthy, so preserve the URL and use the Day-30 gate to separate slow discovery from weak demand."
expansion757,homeoffice,protect,color-laser-multifunction-printers,ownership,color-laser-multifunction-printers-ownership-cost-and-maintenance,Color Laser Multifunction Printers: Ownership Cost and Maintenance,https://homeoffice.madabase.com/guides/color-laser-multifunction-printers-ownership-cost-and-maintenance,0,0,0%,,zero-impression,observe-index-and-demand-to-day30,hold,2026-09-08,"The host remains healthy, so preserve the URL and use the Day-30 gate to separate slow discovery from weak demand."
expansion757,homeoffice,protect,color-laser-multifunction-printers,workflow,color-laser-multifunction-printers-setup-and-daily-workflow,Color Laser Multifunction Printers: Setup and Daily Workflow,https://homeoffice.madabase.com/guides/color-laser-multifunction-printers-setup-and-daily-workflow,0,1,0%,38,position-21-40,observe-mid-pack,hold,2026-09-08,The host remains healthy and the page has discovery; wait for Day 30 before considering a focused improvement.
expansion757,homeoffice,protect,desktop-label-printers,buying,desktop-label-printers-buying-guide,Desktop Label Printers Buying Guide,https://homeoffice.madabase.com/guides/desktop-label-printers-buying-guide,0,1,0%,9,top-10,protect-emerging-ranking,hold,now-protection-only,The page has an emerging top-ten position; preserve its exact intent and supporting path during rollout.
expansion757,homeoffice,protect,desktop-label-printers,comparison,desktop-label-printers-vs-alternatives,Desktop Label Printers vs. standard paper labels,https://homeoffice.madabase.com/guides/desktop-label-printers-vs-alternatives,0,0,0%,,zero-impression,observe-index-and-demand-to-day30,hold,2026-09-08,"The host remains healthy, so preserve the URL and use the Day-30 gate to separate slow discovery from weak demand."
expansion757,homeoffice,protect,desktop-label-printers,fit,desktop-label-printers-compatibility-and-fit-guide,Desktop Label Printers: Compatibility and Fit Guide,https://homeoffice.madabase.com/guides/desktop-label-printers-compatibility-and-fit-guide,0,1,0%,22,position-21-40,observe-mid-pack,hold,2026-09-08,The host remains healthy and the page has discovery; wait for Day 30 before considering a focused improvement.
expansion757,homeoffice,protect,desktop-label-printers,ownership,desktop-label-printers-ownership-cost-and-maintenance,Desktop Label Printers: Ownership Cost and Maintenance,https://homeoffice.madabase.com/guides/desktop-label-printers-ownership-cost-and-maintenance,0,0,0%,,zero-impression,observe-index-and-demand-to-day30,hold,2026-09-08,"The host remains healthy, so preserve the URL and use the Day-30 gate to separate slow discovery from weak demand."
expansion757,homeoffice,protect,desktop-label-printers,workflow,desktop-label-printers-setup-and-daily-workflow,Desktop Label Printers: Setup and Daily Workflow,https://homeoffice.madabase.com/guides/desktop-label-printers-setup-and-daily-workflow,0,4,0%,47.25,position-40-plus,retarget-or-merge-review,hold,2026-09-08,"Deep visibility requires an exact-query and family-overlap decision before any retarget, merge or canonical change."
expansion757,homeoffice,protect,office-paper-shredders,buying,office-paper-shredders-buying-guide,Office Paper Shredders Buying Guide,https://homeoffice.madabase.com/guides/office-paper-shredders-buying-guide,0,12,0%,62.67,position-40-plus,retarget-or-merge-review,hold,2026-09-08,"Deep visibility requires an exact-query and family-overlap decision before any retarget, merge or canonical change."
expansion757,homeoffice,protect,office-paper-shredders,comparison,office-paper-shredders-vs-alternatives,Office Paper Shredders vs. secure shredding services,https://homeoffice.madabase.com/guides/office-paper-shredders-vs-alternatives,0,5,0%,70.4,position-40-plus,retarget-or-merge-review,hold,2026-09-08,"Deep visibility requires an exact-query and family-overlap decision before any retarget, merge or canonical change."
expansion757,homeoffice,protect,office-paper-shredders,fit,office-paper-shredders-compatibility-and-fit-guide,Office Paper Shredders: Compatibility and Fit Guide,https://homeoffice.madabase.com/guides/office-paper-shredders-compatibility-and-fit-guide,0,1,0%,3,top-10,protect-emerging-ranking,hold,now-protection-only,The page has an emerging top-ten position; preserve its exact intent and supporting path during rollout.
expansion757,homeoffice,protect,office-paper-shredders,ownership,office-paper-shredders-ownership-cost-and-maintenance,Office Paper Shredders: Ownership Cost and Maintenance,https://homeoffice.madabase.com/guides/office-paper-shredders-ownership-cost-and-maintenance,0,2,0%,28.5,position-21-40,observe-mid-pack,hold,2026-09-08,The host remains healthy and the page has discovery; wait for Day 30 before considering a focused improvement.
expansion757,homeoffice,protect,office-paper-shredders,workflow,office-paper-shredders-setup-and-daily-workflow,Office Paper Shredders: Setup and Daily Workflow,https://homeoffice.madabase.com/guides/office-paper-shredders-setup-and-daily-workflow,0,1,0%,70,position-40-plus,retarget-or-merge-review,hold,2026-09-08,"Deep visibility requires an exact-query and family-overlap decision before any retarget, merge or canonical change."
expansion757,homeoffice,protect,desktop-laminators,buying,desktop-laminators-buying-guide,Desktop Laminators Buying Guide,https://homeoffice.madabase.com/guides/desktop-laminators-buying-guide,0,0,0%,,zero-impression,observe-index-and-demand-to-day30,hold,2026-09-08,"The host remains healthy, so preserve the URL and use the Day-30 gate to separate slow discovery from weak demand."
expansion757,homeoffice,protect,desktop-laminators,comparison,desktop-laminators-vs-alternatives,Desktop Laminators vs. protective sleeves,https://homeoffice.madabase.com/guides/desktop-laminators-vs-alternatives,0,0,0%,,zero-impression,observe-index-and-demand-to-day30,hold,2026-09-08,"The host remains healthy, so preserve the URL and use the Day-30 gate to separate slow discovery from weak demand."
expansion757,homeoffice,protect,desktop-laminators,fit,desktop-laminators-compatibility-and-fit-guide,Desktop Laminators: Compatibility and Fit Guide,https://homeoffice.madabase.com/guides/desktop-laminators-compatibility-and-fit-guide,0,0,0%,,zero-impression,observe-index-and-demand-to-day30,hold,2026-09-08,"The host remains healthy, so preserve the URL and use the Day-30 gate to separate slow discovery from weak demand."
expansion757,homeoffice,protect,desktop-laminators,ownership,desktop-laminators-ownership-cost-and-maintenance,Desktop Laminators: Ownership Cost and Maintenance,https://homeoffice.madabase.com/guides/desktop-laminators-ownership-cost-and-maintenance,0,0,0%,,zero-impression,observe-index-and-demand-to-day30,hold,2026-09-08,"The host remains healthy, so preserve the URL and use the Day-30 gate to separate slow discovery from weak demand."
expansion757,homeoffice,protect,desktop-laminators,workflow,desktop-laminators-setup-and-daily-workflow,Desktop Laminators: Setup and Daily Workflow,https://homeoffice.madabase.com/guides/desktop-laminators-setup-and-daily-workflow,0,0,0%,,zero-impression,observe-index-and-demand-to-day30,hold,2026-09-08,"The host remains healthy, so preserve the URL and use the Day-30 gate to separate slow discovery from weak demand."
expansion757,homeoffice,protect,adjustable-laptop-stands,buying,adjustable-laptop-stands-buying-guide,Adjustable Laptop Stands Buying Guide,https://homeoffice.madabase.com/guides/adjustable-laptop-stands-buying-guide,0,0,0%,,zero-impression,observe-index-and-demand-to-day30,hold,2026-09-08,"The host remains healthy, so preserve the URL and use the Day-30 gate to separate slow discovery from weak demand."
expansion757,homeoffice,protect,adjustable-laptop-stands,comparison,adjustable-laptop-stands-vs-alternatives,Adjustable Laptop Stands vs. monitor arms with laptop trays,https://homeoffice.madabase.com/guides/adjustable-laptop-stands-vs-alternatives,0,0,0%,,zero-impression,observe-index-and-demand-to-day30,hold,2026-09-08,"The host remains healthy, so preserve the URL and use the Day-30 gate to separate slow discovery from weak demand."
expansion757,homeoffice,protect,adjustable-laptop-stands,fit,adjustable-laptop-stands-compatibility-and-fit-guide,Adjustable Laptop Stands: Compatibility and Fit Guide,https://homeoffice.madabase.com/guides/adjustable-laptop-stands-compatibility-and-fit-guide,0,2,0%,38.5,position-21-40,observe-mid-pack,hold,2026-09-08,The host remains healthy and the page has discovery; wait for Day 30 before considering a focused improvement.
expansion757,homeoffice,protect,adjustable-laptop-stands,ownership,adjustable-laptop-stands-ownership-cost-and-maintenance,Adjustable Laptop Stands: Ownership Cost and Maintenance,https://homeoffice.madabase.com/guides/adjustable-laptop-stands-ownership-cost-and-maintenance,0,0,0%,,zero-impression,observe-index-and-demand-to-day30,hold,2026-09-08,"The host remains healthy, so preserve the URL and use the Day-30 gate to separate slow discovery from weak demand."
expansion757,homeoffice,protect,adjustable-laptop-stands,workflow,adjustable-laptop-stands-setup-and-daily-workflow,Adjustable Laptop Stands: Setup and Daily Workflow,https://homeoffice.madabase.com/guides/adjustable-laptop-stands-setup-and-daily-workflow,0,4,0%,45.25,position-40-plus,retarget-or-merge-review,hold,2026-09-08,"Deep visibility requires an exact-query and family-overlap decision before any retarget, merge or canonical change."
expansion757,homeoffice,protect,under-desk-keyboard-trays,buying,under-desk-keyboard-trays-buying-guide,Under-desk Keyboard Trays Buying Guide,https://homeoffice.madabase.com/guides/under-desk-keyboard-trays-buying-guide,0,0,0%,,zero-impression,observe-index-and-demand-to-day30,hold,2026-09-08,"The host remains healthy, so preserve the URL and use the Day-30 gate to separate slow discovery from weak demand."
expansion757,homeoffice,protect,under-desk-keyboard-trays,comparison,under-desk-keyboard-trays-vs-alternatives,Under-desk Keyboard Trays vs. height-adjustable desks,https://homeoffice.madabase.com/guides/under-desk-keyboard-trays-vs-alternatives,0,1,0%,63,position-40-plus,retarget-or-merge-review,hold,2026-09-08,"Deep visibility requires an exact-query and family-overlap decision before any retarget, merge or canonical change."
expansion757,homeoffice,protect,under-desk-keyboard-trays,fit,under-desk-keyboard-trays-compatibility-and-fit-guide,Under-desk Keyboard Trays: Compatibility and Fit Guide,https://homeoffice.madabase.com/guides/under-desk-keyboard-trays-compatibility-and-fit-guide,0,1,0%,38,position-21-40,observe-mid-pack,hold,2026-09-08,The host remains healthy and the page has discovery; wait for Day 30 before considering a focused improvement.
expansion757,homeoffice,protect,under-desk-keyboard-trays,ownership,under-desk-keyboard-trays-ownership-cost-and-maintenance,Under-desk Keyboard Trays: Ownership Cost and Maintenance,https://homeoffice.madabase.com/guides/under-desk-keyboard-trays-ownership-cost-and-maintenance,0,0,0%,,zero-impression,observe-index-and-demand-to-day30,hold,2026-09-08,"The host remains healthy, so preserve the URL and use the Day-30 gate to separate slow discovery from weak demand."
expansion757,homeoffice,protect,under-desk-keyboard-trays,workflow,under-desk-keyboard-trays-setup-and-daily-workflow,Under-desk Keyboard Trays: Setup and Daily Workflow,https://homeoffice.madabase.com/guides/under-desk-keyboard-trays-setup-and-daily-workflow,0,1,0%,32,position-21-40,observe-mid-pack,hold,2026-09-08,The host remains healthy and the page has discovery; wait for Day 30 before considering a focused improvement.
expansion757,homeoffice,protect,office-footrests,buying,office-footrests-buying-guide,Office Footrests Buying Guide,https://homeoffice.madabase.com/guides/office-footrests-buying-guide,0,0,0%,,zero-impression,observe-index-and-demand-to-day30,hold,2026-09-08,"The host remains healthy, so preserve the URL and use the Day-30 gate to separate slow discovery from weak demand."
expansion757,homeoffice,protect,office-footrests,comparison,office-footrests-vs-alternatives,Office Footrests vs. lower desks or chairs with better height range,https://homeoffice.madabase.com/guides/office-footrests-vs-alternatives,0,0,0%,,zero-impression,observe-index-and-demand-to-day30,hold,2026-09-08,"The host remains healthy, so preserve the URL and use the Day-30 gate to separate slow discovery from weak demand."
expansion757,homeoffice,protect,office-footrests,fit,office-footrests-compatibility-and-fit-guide,Office Footrests: Compatibility and Fit Guide,https://homeoffice.madabase.com/guides/office-footrests-compatibility-and-fit-guide,0,1,0%,29,position-21-40,observe-mid-pack,hold,2026-09-08,The host remains healthy and the page has discovery; wait for Day 30 before considering a focused improvement.
expansion757,homeoffice,protect,office-footrests,ownership,office-footrests-ownership-cost-and-maintenance,Office Footrests: Ownership Cost and Maintenance,https://homeoffice.madabase.com/guides/office-footrests-ownership-cost-and-maintenance,0,1,0%,6,top-10,protect-emerging-ranking,hold,now-protection-only,The page has an emerging top-ten position; preserve its exact intent and supporting path during rollout.
expansion757,homeoffice,protect,office-footrests,workflow,office-footrests-setup-and-daily-workflow,Office Footrests: Setup and Daily Workflow,https://homeoffice.madabase.com/guides/office-footrests-setup-and-daily-workflow,0,1,0%,4,top-10,protect-emerging-ranking,hold,now-protection-only,The page has an emerging top-ten position; preserve its exact intent and supporting path during rollout.
expansion757,homeoffice,protect,standing-desk-anti-fatigue-mats,buying,standing-desk-anti-fatigue-mats-buying-guide,Standing-desk anti-fatigue Mats Buying Guide,https://homeoffice.madabase.com/guides/standing-desk-anti-fatigue-mats-buying-guide,0,0,0%,,zero-impression,observe-index-and-demand-to-day30,hold,2026-09-08,"The host remains healthy, so preserve the URL and use the Day-30 gate to separate slow discovery from weak demand."
expansion757,homeoffice,protect,standing-desk-anti-fatigue-mats,comparison,standing-desk-anti-fatigue-mats-vs-alternatives,Standing-desk anti-fatigue Mats vs. supportive indoor shoes or movement breaks,https://homeoffice.madabase.com/guides/standing-desk-anti-fatigue-mats-vs-alternatives,0,0,0%,,zero-impression,observe-index-and-demand-to-day30,hold,2026-09-08,"The host remains healthy, so preserve the URL and use the Day-30 gate to separate slow discovery from weak demand."
expansion757,homeoffice,protect,standing-desk-anti-fatigue-mats,fit,standing-desk-anti-fatigue-mats-compatibility-and-fit-guide,Standing-desk anti-fatigue Mats: Compatibility and Fit Guide,https://homeoffice.madabase.com/guides/standing-desk-anti-fatigue-mats-compatibility-and-fit-guide,0,0,0%,,zero-impression,observe-index-and-demand-to-day30,hold,2026-09-08,"The host remains healthy, so preserve the URL and use the Day-30 gate to separate slow discovery from weak demand."
expansion757,homeoffice,protect,standing-desk-anti-fatigue-mats,ownership,standing-desk-anti-fatigue-mats-ownership-cost-and-maintenance,Standing-desk anti-fatigue Mats: Ownership Cost and Maintenance,https://homeoffice.madabase.com/guides/standing-desk-anti-fatigue-mats-ownership-cost-and-maintenance,0,1,0%,7,top-10,protect-emerging-ranking,hold,now-protection-only,The page has an emerging top-ten position; preserve its exact intent and supporting path during rollout.
expansion757,homeoffice,protect,standing-desk-anti-fatigue-mats,workflow,standing-desk-anti-fatigue-mats-setup-and-daily-workflow,Standing-desk anti-fatigue Mats: Setup and Daily Workflow,https://homeoffice.madabase.com/guides/standing-desk-anti-fatigue-mats-setup-and-daily-workflow,0,1,0%,89,position-40-plus,retarget-or-merge-review,hold,2026-09-08,"Deep visibility requires an exact-query and family-overlap decision before any retarget, merge or canonical change."
expansion757,homeoffice,protect,home-office-acoustic-panels,buying,home-office-acoustic-panels-buying-guide,Home-office Acoustic Panels Buying Guide,https://homeoffice.madabase.com/guides/home-office-acoustic-panels-buying-guide,0,0,0%,,zero-impression,observe-index-and-demand-to-day30,hold,2026-09-08,"The host remains healthy, so preserve the URL and use the Day-30 gate to separate slow discovery from weak demand."
expansion757,homeoffice,protect,home-office-acoustic-panels,comparison,home-office-acoustic-panels-vs-alternatives,Home-office Acoustic Panels vs. soft furnishings or directional microphones,https://homeoffice.madabase.com/guides/home-office-acoustic-panels-vs-alternatives,0,1,0%,10,top-10,protect-emerging-ranking,hold,now-protection-only,The page has an emerging top-ten position; preserve its exact intent and supporting path during rollout.
expansion757,homeoffice,protect,home-office-acoustic-panels,fit,home-office-acoustic-panels-compatibility-and-fit-guide,Home-office Acoustic Panels: Compatibility and Fit Guide,https://homeoffice.madabase.com/guides/home-office-acoustic-panels-compatibility-and-fit-guide,0,2,0%,32,position-21-40,observe-mid-pack,hold,2026-09-08,The host remains healthy and the page has discovery; wait for Day 30 before considering a focused improvement.
expansion757,homeoffice,protect,home-office-acoustic-panels,ownership,home-office-acoustic-panels-ownership-cost-and-maintenance,Home-office Acoustic Panels: Ownership Cost and Maintenance,https://homeoffice.madabase.com/guides/home-office-acoustic-panels-ownership-cost-and-maintenance,0,0,0%,,zero-impression,observe-index-and-demand-to-day30,hold,2026-09-08,"The host remains healthy, so preserve the URL and use the Day-30 gate to separate slow discovery from weak demand."
expansion757,homeoffice,protect,home-office-acoustic-panels,workflow,home-office-acoustic-panels-setup-and-daily-workflow,Home-office Acoustic Panels: Setup and Daily Workflow,https://homeoffice.madabase.com/guides/home-office-acoustic-panels-setup-and-daily-workflow,0,2,0%,42.5,position-40-plus,retarget-or-merge-review,hold,2026-09-08,"Deep visibility requires an exact-query and family-overlap decision before any retarget, merge or canonical change."
expansion757,homeoffice,protect,under-desk-cable-trays,buying,under-desk-cable-trays-buying-guide,Under-desk Cable Trays Buying Guide,https://homeoffice.madabase.com/guides/under-desk-cable-trays-buying-guide,0,0,0%,,zero-impression,observe-index-and-demand-to-day30,hold,2026-09-08,"The host remains healthy, so preserve the URL and use the Day-30 gate to separate slow discovery from weak demand."
expansion757,homeoffice,protect,under-desk-cable-trays,comparison,under-desk-cable-trays-vs-alternatives,Under-desk Cable Trays vs. surface cable raceways,https://homeoffice.madabase.com/guides/under-desk-cable-trays-vs-alternatives,0,0,0%,,zero-impression,observe-index-and-demand-to-day30,hold,2026-09-08,"The host remains healthy, so preserve the URL and use the Day-30 gate to separate slow discovery from weak demand."
expansion757,homeoffice,protect,under-desk-cable-trays,fit,under-desk-cable-trays-compatibility-and-fit-guide,Under-desk Cable Trays: Compatibility and Fit Guide,https://homeoffice.madabase.com/guides/under-desk-cable-trays-compatibility-and-fit-guide,0,1,0%,14,position-11-20,strengthen-evidence-after-rollout,hold,2026-08-23,The page is within reach of page one; only evidence-backed internal support is justified after the comparison gate.
expansion757,homeoffice,protect,under-desk-cable-trays,ownership,under-desk-cable-trays-ownership-cost-and-maintenance,Under-desk Cable Trays: Ownership Cost and Maintenance,https://homeoffice.madabase.com/guides/under-desk-cable-trays-ownership-cost-and-maintenance,0,2,0%,10,top-10,protect-emerging-ranking,hold,now-protection-only,The page has an emerging top-ten position; preserve its exact intent and supporting path during rollout.
expansion757,homeoffice,protect,under-desk-cable-trays,workflow,under-desk-cable-trays-setup-and-daily-workflow,Under-desk Cable Trays: Setup and Daily Workflow,https://homeoffice.madabase.com/guides/under-desk-cable-trays-setup-and-daily-workflow,0,4,0%,59.5,position-40-plus,retarget-or-merge-review,hold,2026-09-08,"Deep visibility requires an exact-query and family-overlap decision before any retarget, merge or canonical change."
expansion757,homeoffice,protect,desktop-power-centers,buying,desktop-power-centers-buying-guide,Desktop Power Centers Buying Guide,https://homeoffice.madabase.com/guides/desktop-power-centers-buying-guide,0,0,0%,,zero-impression,observe-index-and-demand-to-day30,hold,2026-09-08,"The host remains healthy, so preserve the URL and use the Day-30 gate to separate slow discovery from weak demand."
expansion757,homeoffice,protect,desktop-power-centers,comparison,desktop-power-centers-vs-alternatives,Desktop Power Centers vs. under-desk surge protectors,https://homeoffice.madabase.com/guides/desktop-power-centers-vs-alternatives,0,2,0%,36,position-21-40,observe-mid-pack,hold,2026-09-08,The host remains healthy and the page has discovery; wait for Day 30 before considering a focused improvement.
expansion757,homeoffice,protect,desktop-power-centers,fit,desktop-power-centers-compatibility-and-fit-guide,Desktop Power Centers: Compatibility and Fit Guide,https://homeoffice.madabase.com/guides/desktop-power-centers-compatibility-and-fit-guide,0,0,0%,,zero-impression,observe-index-and-demand-to-day30,hold,2026-09-08,"The host remains healthy, so preserve the URL and use the Day-30 gate to separate slow discovery from weak demand."
expansion757,homeoffice,protect,desktop-power-centers,ownership,desktop-power-centers-ownership-cost-and-maintenance,Desktop Power Centers: Ownership Cost and Maintenance,https://homeoffice.madabase.com/guides/desktop-power-centers-ownership-cost-and-maintenance,0,0,0%,,zero-impression,observe-index-and-demand-to-day30,hold,2026-09-08,"The host remains healthy, so preserve the URL and use the Day-30 gate to separate slow discovery from weak demand."
expansion757,homeoffice,protect,desktop-power-centers,workflow,desktop-power-centers-setup-and-daily-workflow,Desktop Power Centers: Setup and Daily Workflow,https://homeoffice.madabase.com/guides/desktop-power-centers-setup-and-daily-workflow,0,2,0%,29.5,position-21-40,observe-mid-pack,hold,2026-09-08,The host remains healthy and the page has discovery; wait for Day 30 before considering a focused improvement.
expansion757,baby,protect,infant-car-seats,buying,infant-car-seats-buying-guide,Infant Car Seats Buying Guide,https://baby.madabase.com/guides/infant-car-seats-buying-guide,0,0,0%,,zero-impression,observe-index-and-demand-to-day30,hold,2026-09-08,"The host remains healthy, so preserve the URL and use the Day-30 gate to separate slow discovery from weak demand."
expansion757,baby,protect,infant-car-seats,comparison,infant-car-seats-vs-alternatives,Infant Car Seats vs. convertible car seats,https://baby.madabase.com/guides/infant-car-seats-vs-alternatives,0,0,0%,,zero-impression,observe-index-and-demand-to-day30,hold,2026-09-08,"The host remains healthy, so preserve the URL and use the Day-30 gate to separate slow discovery from weak demand."
expansion757,baby,protect,infant-car-seats,fit,infant-car-seats-compatibility-and-fit-guide,Infant Car Seats: Compatibility and Fit Guide,https://baby.madabase.com/guides/infant-car-seats-compatibility-and-fit-guide,0,5,0%,71.6,position-40-plus,retarget-or-merge-review,hold,2026-09-08,"Deep visibility requires an exact-query and family-overlap decision before any retarget, merge or canonical change."
expansion757,baby,protect,infant-car-seats,ownership,infant-car-seats-ownership-cost-and-maintenance,Infant Car Seats: Ownership Cost and Maintenance,https://baby.madabase.com/guides/infant-car-seats-ownership-cost-and-maintenance,0,1,0%,17,position-11-20,strengthen-evidence-after-rollout,hold,2026-08-23,The page is within reach of page one; only evidence-backed internal support is justified after the comparison gate.
expansion757,baby,protect,infant-car-seats,workflow,infant-car-seats-setup-and-daily-workflow,Infant Car Seats: Setup and Daily Workflow,https://baby.madabase.com/guides/infant-car-seats-setup-and-daily-workflow,0,3,0%,5.33,top-10,protect-emerging-ranking,hold,now-protection-only,The page has an emerging top-ten position; preserve its exact intent and supporting path during rollout.
expansion757,baby,protect,infant-car-seats,safety,infant-car-seats-safety-and-skip-guide,Infant Car Seats: Safety Limits and When to Skip,https://baby.madabase.com/guides/infant-car-seats-safety-and-skip-guide,0,0,0%,,zero-impression,observe-index-and-demand-to-day30,hold,2026-09-08,"The host remains healthy, so preserve the URL and use the Day-30 gate to separate slow discovery from weak demand."
expansion757,baby,protect,convertible-car-seats,buying,convertible-car-seats-buying-guide,Convertible Car Seats Buying Guide,https://baby.madabase.com/guides/convertible-car-seats-buying-guide,0,0,0%,,zero-impression,observe-index-and-demand-to-day30,hold,2026-09-08,"The host remains healthy, so preserve the URL and use the Day-30 gate to separate slow discovery from weak demand."
expansion757,baby,protect,convertible-car-seats,comparison,convertible-car-seats-vs-alternatives,Convertible Car Seats vs. infant seats followed by harnessed seats,https://baby.madabase.com/guides/convertible-car-seats-vs-alternatives,0,1,0%,18,position-11-20,strengthen-evidence-after-rollout,hold,2026-08-23,The page is within reach of page one; only evidence-backed internal support is justified after the comparison gate.
expansion757,baby,protect,convertible-car-seats,fit,convertible-car-seats-compatibility-and-fit-guide,Convertible Car Seats: Compatibility and Fit Guide,https://baby.madabase.com/guides/convertible-car-seats-compatibility-and-fit-guide,0,1,0%,70,position-40-plus,retarget-or-merge-review,hold,2026-09-08,"Deep visibility requires an exact-query and family-overlap decision before any retarget, merge or canonical change."
expansion757,baby,protect,convertible-car-seats,ownership,convertible-car-seats-ownership-cost-and-maintenance,Convertible Car Seats: Ownership Cost and Maintenance,https://baby.madabase.com/guides/convertible-car-seats-ownership-cost-and-maintenance,0,0,0%,,zero-impression,observe-index-and-demand-to-day30,hold,2026-09-08,"The host remains healthy, so preserve the URL and use the Day-30 gate to separate slow discovery from weak demand."
expansion757,baby,protect,convertible-car-seats,workflow,convertible-car-seats-setup-and-daily-workflow,Convertible Car Seats: Setup and Daily Workflow,https://baby.madabase.com/guides/convertible-car-seats-setup-and-daily-workflow,0,5,0%,19.8,position-11-20,strengthen-evidence-after-rollout,hold,2026-08-23,The page is within reach of page one; only evidence-backed internal support is justified after the comparison gate.
expansion757,baby,protect,convertible-car-seats,safety,convertible-car-seats-safety-and-skip-guide,Convertible Car Seats: Safety Limits and When to Skip,https://baby.madabase.com/guides/convertible-car-seats-safety-and-skip-guide,0,4,0%,76,position-40-plus,retarget-or-merge-review,hold,2026-09-08,"Deep visibility requires an exact-query and family-overlap decision before any retarget, merge or canonical change."
expansion757,baby,protect,belt-positioning-booster-seats,buying,belt-positioning-booster-seats-buying-guide,Belt-positioning Booster Seats Buying Guide,https://baby.madabase.com/guides/belt-positioning-booster-seats-buying-guide,0,3,0%,76.33,position-40-plus,retarget-or-merge-review,hold,2026-09-08,"Deep visibility requires an exact-query and family-overlap decision before any retarget, merge or canonical change."
expansion757,baby,protect,belt-positioning-booster-seats,comparison,belt-positioning-booster-seats-vs-alternatives,Belt-positioning Booster Seats vs. forward-facing harnessed seats,https://baby.madabase.com/guides/belt-positioning-booster-seats-vs-alternatives,0,0,0%,,zero-impression,observe-index-and-demand-to-day30,hold,2026-09-08,"The host remains healthy, so preserve the URL and use the Day-30 gate to separate slow discovery from weak demand."
expansion757,baby,protect,belt-positioning-booster-seats,fit,belt-positioning-booster-seats-compatibility-and-fit-guide,Belt-positioning Booster Seats: Compatibility and Fit Guide,https://baby.madabase.com/guides/belt-positioning-booster-seats-compatibility-and-fit-guide,0,0,0%,,zero-impression,observe-index-and-demand-to-day30,hold,2026-09-08,"The host remains healthy, so preserve the URL and use the Day-30 gate to separate slow discovery from weak demand."
expansion757,baby,protect,belt-positioning-booster-seats,ownership,belt-positioning-booster-seats-ownership-cost-and-maintenance,Belt-positioning Booster Seats: Ownership Cost and Maintenance,https://baby.madabase.com/guides/belt-positioning-booster-seats-ownership-cost-and-maintenance,0,0,0%,,zero-impression,observe-index-and-demand-to-day30,hold,2026-09-08,"The host remains healthy, so preserve the URL and use the Day-30 gate to separate slow discovery from weak demand."
expansion757,baby,protect,belt-positioning-booster-seats,workflow,belt-positioning-booster-seats-setup-and-daily-workflow,Belt-positioning Booster Seats: Setup and Daily Workflow,https://baby.madabase.com/guides/belt-positioning-booster-seats-setup-and-daily-workflow,0,0,0%,,zero-impression,observe-index-and-demand-to-day30,hold,2026-09-08,"The host remains healthy, so preserve the URL and use the Day-30 gate to separate slow discovery from weak demand."
expansion757,baby,protect,belt-positioning-booster-seats,safety,belt-positioning-booster-seats-safety-and-skip-guide,Belt-positioning Booster Seats: Safety Limits and When to Skip,https://baby.madabase.com/guides/belt-positioning-booster-seats-safety-and-skip-guide,0,1,0%,78,position-40-plus,retarget-or-merge-review,hold,2026-09-08,"Deep visibility requires an exact-query and family-overlap decision before any retarget, merge or canonical change."
expansion757,baby,protect,full-size-strollers,buying,full-size-strollers-buying-guide,Full-size Strollers Buying Guide,https://baby.madabase.com/guides/full-size-strollers-buying-guide,0,0,0%,,zero-impression,observe-index-and-demand-to-day30,hold,2026-09-08,"The host remains healthy, so preserve the URL and use the Day-30 gate to separate slow discovery from weak demand."
expansion757,baby,protect,full-size-strollers,comparison,full-size-strollers-vs-alternatives,Full-size Strollers vs. travel strollers,https://baby.madabase.com/guides/full-size-strollers-vs-alternatives,0,1,0%,60,position-40-plus,retarget-or-merge-review,hold,2026-09-08,"Deep visibility requires an exact-query and family-overlap decision before any retarget, merge or canonical change."
expansion757,baby,protect,full-size-strollers,fit,full-size-strollers-compatibility-and-fit-guide,Full-size Strollers: Compatibility and Fit Guide,https://baby.madabase.com/guides/full-size-strollers-compatibility-and-fit-guide,0,1,0%,50,position-40-plus,retarget-or-merge-review,hold,2026-09-08,"Deep visibility requires an exact-query and family-overlap decision before any retarget, merge or canonical change."
expansion757,baby,protect,full-size-strollers,ownership,full-size-strollers-ownership-cost-and-maintenance,Full-size Strollers: Ownership Cost and Maintenance,https://baby.madabase.com/guides/full-size-strollers-ownership-cost-and-maintenance,0,0,0%,,zero-impression,observe-index-and-demand-to-day30,hold,2026-09-08,"The host remains healthy, so preserve the URL and use the Day-30 gate to separate slow discovery from weak demand."
expansion757,baby,protect,full-size-strollers,workflow,full-size-strollers-setup-and-daily-workflow,Full-size Strollers: Setup and Daily Workflow,https://baby.madabase.com/guides/full-size-strollers-setup-and-daily-workflow,0,1,0%,75,position-40-plus,retarget-or-merge-review,hold,2026-09-08,"Deep visibility requires an exact-query and family-overlap decision before any retarget, merge or canonical change."
expansion757,baby,protect,full-size-strollers,safety,full-size-strollers-safety-and-skip-guide,Full-size Strollers: Safety Limits and When to Skip,https://baby.madabase.com/guides/full-size-strollers-safety-and-skip-guide,0,1,0%,60,position-40-plus,retarget-or-merge-review,hold,2026-09-08,"Deep visibility requires an exact-query and family-overlap decision before any retarget, merge or canonical change."
expansion757,baby,protect,jogging-strollers,buying,jogging-strollers-buying-guide,Jogging Strollers Buying Guide,https://baby.madabase.com/guides/jogging-strollers-buying-guide,0,1,0%,5,top-10,protect-emerging-ranking,hold,now-protection-only,The page has an emerging top-ten position; preserve its exact intent and supporting path during rollout.
expansion757,baby,protect,jogging-strollers,comparison,jogging-strollers-vs-alternatives,Jogging Strollers vs. all-terrain everyday strollers,https://baby.madabase.com/guides/jogging-strollers-vs-alternatives,0,0,0%,,zero-impression,observe-index-and-demand-to-day30,hold,2026-09-08,"The host remains healthy, so preserve the URL and use the Day-30 gate to separate slow discovery from weak demand."
expansion757,baby,protect,jogging-strollers,fit,jogging-strollers-compatibility-and-fit-guide,Jogging Strollers: Compatibility and Fit Guide,https://baby.madabase.com/guides/jogging-strollers-compatibility-and-fit-guide,0,0,0%,,zero-impression,observe-index-and-demand-to-day30,hold,2026-09-08,"The host remains healthy, so preserve the URL and use the Day-30 gate to separate slow discovery from weak demand."
expansion757,baby,protect,jogging-strollers,ownership,jogging-strollers-ownership-cost-and-maintenance,Jogging Strollers: Ownership Cost and Maintenance,https://baby.madabase.com/guides/jogging-strollers-ownership-cost-and-maintenance,0,0,0%,,zero-impression,observe-index-and-demand-to-day30,hold,2026-09-08,"The host remains healthy, so preserve the URL and use the Day-30 gate to separate slow discovery from weak demand."
expansion757,baby,protect,jogging-strollers,workflow,jogging-strollers-setup-and-daily-workflow,Jogging Strollers: Setup and Daily Workflow,https://baby.madabase.com/guides/jogging-strollers-setup-and-daily-workflow,0,1,0%,62,position-40-plus,retarget-or-merge-review,hold,2026-09-08,"Deep visibility requires an exact-query and family-overlap decision before any retarget, merge or canonical change."
expansion757,baby,protect,jogging-strollers,safety,jogging-strollers-safety-and-skip-guide,Jogging Strollers: Safety Limits and When to Skip,https://baby.madabase.com/guides/jogging-strollers-safety-and-skip-guide,0,5,0%,13.6,position-11-20,strengthen-evidence-after-rollout,hold,2026-08-23,The page is within reach of page one; only evidence-backed internal support is justified after the comparison gate.
expansion757,baby,protect,double-strollers,buying,double-strollers-buying-guide,Double Strollers Buying Guide,https://baby.madabase.com/guides/double-strollers-buying-guide,0,3,0%,53.67,position-40-plus,retarget-or-merge-review,hold,2026-09-08,"Deep visibility requires an exact-query and family-overlap decision before any retarget, merge or canonical change."
expansion757,baby,protect,double-strollers,comparison,double-strollers-vs-alternatives,Double Strollers vs. single strollers with riding boards,https://baby.madabase.com/guides/double-strollers-vs-alternatives,0,0,0%,,zero-impression,observe-index-and-demand-to-day30,hold,2026-09-08,"The host remains healthy, so preserve the URL and use the Day-30 gate to separate slow discovery from weak demand."
expansion757,baby,protect,double-strollers,fit,double-strollers-compatibility-and-fit-guide,Double Strollers: Compatibility and Fit Guide,https://baby.madabase.com/guides/double-strollers-compatibility-and-fit-guide,0,2,0%,33.5,position-21-40,observe-mid-pack,hold,2026-09-08,The host remains healthy and the page has discovery; wait for Day 30 before considering a focused improvement.
expansion757,baby,protect,double-strollers,ownership,double-strollers-ownership-cost-and-maintenance,Double Strollers: Ownership Cost and Maintenance,https://baby.madabase.com/guides/double-strollers-ownership-cost-and-maintenance,0,0,0%,,zero-impression,observe-index-and-demand-to-day30,hold,2026-09-08,"The host remains healthy, so preserve the URL and use the Day-30 gate to separate slow discovery from weak demand."
expansion757,baby,protect,double-strollers,workflow,double-strollers-setup-and-daily-workflow,Double Strollers: Setup and Daily Workflow,https://baby.madabase.com/guides/double-strollers-setup-and-daily-workflow,0,0,0%,,zero-impression,observe-index-and-demand-to-day30,hold,2026-09-08,"The host remains healthy, so preserve the URL and use the Day-30 gate to separate slow discovery from weak demand."
expansion757,baby,protect,double-strollers,safety,double-strollers-safety-and-skip-guide,Double Strollers: Safety Limits and When to Skip,https://baby.madabase.com/guides/double-strollers-safety-and-skip-guide,0,1,0%,8,top-10,protect-emerging-ranking,hold,now-protection-only,The page has an emerging top-ten position; preserve its exact intent and supporting path during rollout.
expansion757,baby,protect,stroller-wagons,buying,stroller-wagons-buying-guide,Stroller Wagons Buying Guide,https://baby.madabase.com/guides/stroller-wagons-buying-guide,0,0,0%,,zero-impression,observe-index-and-demand-to-day30,hold,2026-09-08,"The host remains healthy, so preserve the URL and use the Day-30 gate to separate slow discovery from weak demand."
expansion757,baby,protect,stroller-wagons,comparison,stroller-wagons-vs-alternatives,Stroller Wagons vs. double strollers,https://baby.madabase.com/guides/stroller-wagons-vs-alternatives,0,2,0%,6,top-10,protect-emerging-ranking,hold,now-protection-only,The page has an emerging top-ten position; preserve its exact intent and supporting path during rollout.
expansion757,baby,protect,stroller-wagons,fit,stroller-wagons-compatibility-and-fit-guide,Stroller Wagons: Compatibility and Fit Guide,https://baby.madabase.com/guides/stroller-wagons-compatibility-and-fit-guide,0,0,0%,,zero-impression,observe-index-and-demand-to-day30,hold,2026-09-08,"The host remains healthy, so preserve the URL and use the Day-30 gate to separate slow discovery from weak demand."
expansion757,baby,protect,stroller-wagons,ownership,stroller-wagons-ownership-cost-and-maintenance,Stroller Wagons: Ownership Cost and Maintenance,https://baby.madabase.com/guides/stroller-wagons-ownership-cost-and-maintenance,0,1,0%,9,top-10,protect-emerging-ranking,hold,now-protection-only,The page has an emerging top-ten position; preserve its exact intent and supporting path during rollout.
expansion757,baby,protect,stroller-wagons,workflow,stroller-wagons-setup-and-daily-workflow,Stroller Wagons: Setup and Daily Workflow,https://baby.madabase.com/guides/stroller-wagons-setup-and-daily-workflow,0,0,0%,,zero-impression,observe-index-and-demand-to-day30,hold,2026-09-08,"The host remains healthy, so preserve the URL and use the Day-30 gate to separate slow discovery from weak demand."
expansion757,baby,protect,stroller-wagons,safety,stroller-wagons-safety-and-skip-guide,Stroller Wagons: Safety Limits and When to Skip,https://baby.madabase.com/guides/stroller-wagons-safety-and-skip-guide,0,0,0%,,zero-impression,observe-index-and-demand-to-day30,hold,2026-09-08,"The host remains healthy, so preserve the URL and use the Day-30 gate to separate slow discovery from weak demand."
expansion757,baby,protect,baby-travel-systems,buying,baby-travel-systems-buying-guide,Baby Travel Systems Buying Guide,https://baby.madabase.com/guides/baby-travel-systems-buying-guide,0,0,0%,,zero-impression,observe-index-and-demand-to-day30,hold,2026-09-08,"The host remains healthy, so preserve the URL and use the Day-30 gate to separate slow discovery from weak demand."
expansion757,baby,protect,baby-travel-systems,comparison,baby-travel-systems-vs-alternatives,Baby Travel Systems vs. separately selected car seats and strollers,https://baby.madabase.com/guides/baby-travel-systems-vs-alternatives,0,0,0%,,zero-impression,observe-index-and-demand-to-day30,hold,2026-09-08,"The host remains healthy, so preserve the URL and use the Day-30 gate to separate slow discovery from weak demand."
expansion757,baby,protect,baby-travel-systems,fit,baby-travel-systems-compatibility-and-fit-guide,Baby Travel Systems: Compatibility and Fit Guide,https://baby.madabase.com/guides/baby-travel-systems-compatibility-and-fit-guide,0,0,0%,,zero-impression,observe-index-and-demand-to-day30,hold,2026-09-08,"The host remains healthy, so preserve the URL and use the Day-30 gate to separate slow discovery from weak demand."
expansion757,baby,protect,baby-travel-systems,ownership,baby-travel-systems-ownership-cost-and-maintenance,Baby Travel Systems: Ownership Cost and Maintenance,https://baby.madabase.com/guides/baby-travel-systems-ownership-cost-and-maintenance,0,0,0%,,zero-impression,observe-index-and-demand-to-day30,hold,2026-09-08,"The host remains healthy, so preserve the URL and use the Day-30 gate to separate slow discovery from weak demand."
expansion757,baby,protect,baby-travel-systems,workflow,baby-travel-systems-setup-and-daily-workflow,Baby Travel Systems: Setup and Daily Workflow,https://baby.madabase.com/guides/baby-travel-systems-setup-and-daily-workflow,0,0,0%,,zero-impression,observe-index-and-demand-to-day30,hold,2026-09-08,"The host remains healthy, so preserve the URL and use the Day-30 gate to separate slow discovery from weak demand."
expansion757,baby,protect,baby-travel-systems,safety,baby-travel-systems-safety-and-skip-guide,Baby Travel Systems: Safety Limits and When to Skip,https://baby.madabase.com/guides/baby-travel-systems-safety-and-skip-guide,0,0,0%,,zero-impression,observe-index-and-demand-to-day30,hold,2026-09-08,"The host remains healthy, so preserve the URL and use the Day-30 gate to separate slow discovery from weak demand."
expansion757,baby,protect,baby-wraps-slings,buying,baby-wraps-slings-buying-guide,Baby Wraps and Slings Buying Guide,https://baby.madabase.com/guides/baby-wraps-slings-buying-guide,0,0,0%,,zero-impression,observe-index-and-demand-to-day30,hold,2026-09-08,"The host remains healthy, so preserve the URL and use the Day-30 gate to separate slow discovery from weak demand."
expansion757,baby,protect,baby-wraps-slings,comparison,baby-wraps-slings-vs-alternatives,Baby Wraps and Slings vs. structured baby carriers,https://baby.madabase.com/guides/baby-wraps-slings-vs-alternatives,0,1,0%,10,top-10,protect-emerging-ranking,hold,now-protection-only,The page has an emerging top-ten position; preserve its exact intent and supporting path during rollout.
expansion757,baby,protect,baby-wraps-slings,fit,baby-wraps-slings-compatibility-and-fit-guide,Baby Wraps and Slings: Compatibility and Fit Guide,https://baby.madabase.com/guides/baby-wraps-slings-compatibility-and-fit-guide,0,0,0%,,zero-impression,observe-index-and-demand-to-day30,hold,2026-09-08,"The host remains healthy, so preserve the URL and use the Day-30 gate to separate slow discovery from weak demand."
expansion757,baby,protect,baby-wraps-slings,ownership,baby-wraps-slings-ownership-cost-and-maintenance,Baby Wraps and Slings: Ownership Cost and Maintenance,https://baby.madabase.com/guides/baby-wraps-slings-ownership-cost-and-maintenance,0,0,0%,,zero-impression,observe-index-and-demand-to-day30,hold,2026-09-08,"The host remains healthy, so preserve the URL and use the Day-30 gate to separate slow discovery from weak demand."
expansion757,baby,protect,baby-wraps-slings,workflow,baby-wraps-slings-setup-and-daily-workflow,Baby Wraps and Slings: Setup and Daily Workflow,https://baby.madabase.com/guides/baby-wraps-slings-setup-and-daily-workflow,0,2,0%,10,top-10,protect-emerging-ranking,hold,now-protection-only,The page has an emerging top-ten position; preserve its exact intent and supporting path during rollout.
expansion757,baby,protect,baby-wraps-slings,safety,baby-wraps-slings-safety-and-skip-guide,Baby Wraps and Slings: Safety Limits and When to Skip,https://baby.madabase.com/guides/baby-wraps-slings-safety-and-skip-guide,0,1,0%,82,position-40-plus,retarget-or-merge-review,hold,2026-09-08,"Deep visibility requires an exact-query and family-overlap decision before any retarget, merge or canonical change."
expansion757,baby,protect,hip-seat-carriers,buying,hip-seat-carriers-buying-guide,Hip-seat Baby Carriers Buying Guide,https://baby.madabase.com/guides/hip-seat-carriers-buying-guide,0,1,0%,75,position-40-plus,retarget-or-merge-review,hold,2026-09-08,"Deep visibility requires an exact-query and family-overlap decision before any retarget, merge or canonical change."
expansion757,baby,protect,hip-seat-carriers,comparison,hip-seat-carriers-vs-alternatives,Hip-seat Baby Carriers vs. soft structured carriers,https://baby.madabase.com/guides/hip-seat-carriers-vs-alternatives,0,2,0%,15.5,position-11-20,strengthen-evidence-after-rollout,hold,2026-08-23,The page is within reach of page one; only evidence-backed internal support is justified after the comparison gate.
expansion757,baby,protect,hip-seat-carriers,fit,hip-seat-carriers-compatibility-and-fit-guide,Hip-seat Baby Carriers: Compatibility and Fit Guide,https://baby.madabase.com/guides/hip-seat-carriers-compatibility-and-fit-guide,0,5,0%,10.2,position-11-20,strengthen-evidence-after-rollout,hold,2026-08-23,The page is within reach of page one; only evidence-backed internal support is justified after the comparison gate.
expansion757,baby,protect,hip-seat-carriers,ownership,hip-seat-carriers-ownership-cost-and-maintenance,Hip-seat Baby Carriers: Ownership Cost and Maintenance,https://baby.madabase.com/guides/hip-seat-carriers-ownership-cost-and-maintenance,0,0,0%,,zero-impression,observe-index-and-demand-to-day30,hold,2026-09-08,"The host remains healthy, so preserve the URL and use the Day-30 gate to separate slow discovery from weak demand."
expansion757,baby,protect,hip-seat-carriers,workflow,hip-seat-carriers-setup-and-daily-workflow,Hip-seat Baby Carriers: Setup and Daily Workflow,https://baby.madabase.com/guides/hip-seat-carriers-setup-and-daily-workflow,0,2,0%,13,position-11-20,strengthen-evidence-after-rollout,hold,2026-08-23,The page is within reach of page one; only evidence-backed internal support is justified after the comparison gate.
expansion757,baby,protect,hip-seat-carriers,safety,hip-seat-carriers-safety-and-skip-guide,Hip-seat Baby Carriers: Safety Limits and When to Skip,https://baby.madabase.com/guides/hip-seat-carriers-safety-and-skip-guide,0,3,0%,12.33,position-11-20,strengthen-evidence-after-rollout,hold,2026-08-23,The page is within reach of page one; only evidence-backed internal support is justified after the comparison gate.
expansion757,baby,protect,bedside-bassinets,buying,bedside-bassinets-buying-guide,Bedside Bassinets Buying Guide,https://baby.madabase.com/guides/bedside-bassinets-buying-guide,0,0,0%,,zero-impression,observe-index-and-demand-to-day30,hold,2026-09-08,"The host remains healthy, so preserve the URL and use the Day-30 gate to separate slow discovery from weak demand."
expansion757,baby,protect,bedside-bassinets,comparison,bedside-bassinets-vs-alternatives,Bedside Bassinets vs. full-size cribs,https://baby.madabase.com/guides/bedside-bassinets-vs-alternatives,0,0,0%,,zero-impression,observe-index-and-demand-to-day30,hold,2026-09-08,"The host remains healthy, so preserve the URL and use the Day-30 gate to separate slow discovery from weak demand."
expansion757,baby,protect,bedside-bassinets,fit,bedside-bassinets-compatibility-and-fit-guide,Bedside Bassinets: Compatibility and Fit Guide,https://baby.madabase.com/guides/bedside-bassinets-compatibility-and-fit-guide,0,1,0%,10,top-10,protect-emerging-ranking,hold,now-protection-only,The page has an emerging top-ten position; preserve its exact intent and supporting path during rollout.
expansion757,baby,protect,bedside-bassinets,ownership,bedside-bassinets-ownership-cost-and-maintenance,Bedside Bassinets: Ownership Cost and Maintenance,https://baby.madabase.com/guides/bedside-bassinets-ownership-cost-and-maintenance,0,1,0%,8,top-10,protect-emerging-ranking,hold,now-protection-only,The page has an emerging top-ten position; preserve its exact intent and supporting path during rollout.
expansion757,baby,protect,bedside-bassinets,workflow,bedside-bassinets-setup-and-daily-workflow,Bedside Bassinets: Setup and Daily Workflow,https://baby.madabase.com/guides/bedside-bassinets-setup-and-daily-workflow,0,0,0%,,zero-impression,observe-index-and-demand-to-day30,hold,2026-09-08,"The host remains healthy, so preserve the URL and use the Day-30 gate to separate slow discovery from weak demand."
expansion757,baby,protect,bedside-bassinets,safety,bedside-bassinets-safety-and-skip-guide,Bedside Bassinets: Safety Limits and When to Skip,https://baby.madabase.com/guides/bedside-bassinets-safety-and-skip-guide,0,14,0%,74.07,position-40-plus,retarget-or-merge-review,hold,2026-09-08,"Deep visibility requires an exact-query and family-overlap decision before any retarget, merge or canonical change."
expansion757,baby,protect,convertible-baby-cribs,buying,convertible-baby-cribs-buying-guide,Convertible Baby Cribs Buying Guide,https://baby.madabase.com/guides/convertible-baby-cribs-buying-guide,0,0,0%,,zero-impression,observe-index-and-demand-to-day30,hold,2026-09-08,"The host remains healthy, so preserve the URL and use the Day-30 gate to separate slow discovery from weak demand."
expansion757,baby,protect,convertible-baby-cribs,comparison,convertible-baby-cribs-vs-alternatives,Convertible Baby Cribs vs. standard cribs,https://baby.madabase.com/guides/convertible-baby-cribs-vs-alternatives,0,1,0%,75,position-40-plus,retarget-or-merge-review,hold,2026-09-08,"Deep visibility requires an exact-query and family-overlap decision before any retarget, merge or canonical change."
expansion757,baby,protect,convertible-baby-cribs,fit,convertible-baby-cribs-compatibility-and-fit-guide,Convertible Baby Cribs: Compatibility and Fit Guide,https://baby.madabase.com/guides/convertible-baby-cribs-compatibility-and-fit-guide,0,6,0%,66.5,position-40-plus,retarget-or-merge-review,hold,2026-09-08,"Deep visibility requires an exact-query and family-overlap decision before any retarget, merge or canonical change."
expansion757,baby,protect,convertible-baby-cribs,ownership,convertible-baby-cribs-ownership-cost-and-maintenance,Convertible Baby Cribs: Ownership Cost and Maintenance,https://baby.madabase.com/guides/convertible-baby-cribs-ownership-cost-and-maintenance,0,1,0%,63,position-40-plus,retarget-or-merge-review,hold,2026-09-08,"Deep visibility requires an exact-query and family-overlap decision before any retarget, merge or canonical change."
expansion757,baby,protect,convertible-baby-cribs,workflow,convertible-baby-cribs-setup-and-daily-workflow,Convertible Baby Cribs: Setup and Daily Workflow,https://baby.madabase.com/guides/convertible-baby-cribs-setup-and-daily-workflow,0,1,0%,10,top-10,protect-emerging-ranking,hold,now-protection-only,The page has an emerging top-ten position; preserve its exact intent and supporting path during rollout.
expansion757,baby,protect,convertible-baby-cribs,safety,convertible-baby-cribs-safety-and-skip-guide,Convertible Baby Cribs: Safety Limits and When to Skip,https://baby.madabase.com/guides/convertible-baby-cribs-safety-and-skip-guide,0,4,0%,55.5,position-40-plus,retarget-or-merge-review,hold,2026-09-08,"Deep visibility requires an exact-query and family-overlap decision before any retarget, merge or canonical change."
expansion757,baby,protect,crib-mattresses,buying,crib-mattresses-buying-guide,Crib Mattresses Buying Guide,https://baby.madabase.com/guides/crib-mattresses-buying-guide,0,0,0%,,zero-impression,observe-index-and-demand-to-day30,hold,2026-09-08,"The host remains healthy, so preserve the URL and use the Day-30 gate to separate slow discovery from weak demand."
expansion757,baby,protect,crib-mattresses,comparison,crib-mattresses-vs-alternatives,Crib Mattresses vs. manufacturer-included sleep surfaces,https://baby.madabase.com/guides/crib-mattresses-vs-alternatives,0,0,0%,,zero-impression,observe-index-and-demand-to-day30,hold,2026-09-08,"The host remains healthy, so preserve the URL and use the Day-30 gate to separate slow discovery from weak demand."
expansion757,baby,protect,crib-mattresses,fit,crib-mattresses-compatibility-and-fit-guide,Crib Mattresses: Compatibility and Fit Guide,https://baby.madabase.com/guides/crib-mattresses-compatibility-and-fit-guide,0,4,0%,53.5,position-40-plus,retarget-or-merge-review,hold,2026-09-08,"Deep visibility requires an exact-query and family-overlap decision before any retarget, merge or canonical change."
expansion757,baby,protect,crib-mattresses,ownership,crib-mattresses-ownership-cost-and-maintenance,Crib Mattresses: Ownership Cost and Maintenance,https://baby.madabase.com/guides/crib-mattresses-ownership-cost-and-maintenance,0,1,0%,9,top-10,protect-emerging-ranking,hold,now-protection-only,The page has an emerging top-ten position; preserve its exact intent and supporting path during rollout.
expansion757,baby,protect,crib-mattresses,workflow,crib-mattresses-setup-and-daily-workflow,Crib Mattresses: Setup and Daily Workflow,https://baby.madabase.com/guides/crib-mattresses-setup-and-daily-workflow,0,3,0%,70.33,position-40-plus,retarget-or-merge-review,hold,2026-09-08,"Deep visibility requires an exact-query and family-overlap decision before any retarget, merge or canonical change."
expansion757,baby,protect,crib-mattresses,safety,crib-mattresses-safety-and-skip-guide,Crib Mattresses: Safety Limits and When to Skip,https://baby.madabase.com/guides/crib-mattresses-safety-and-skip-guide,0,0,0%,,zero-impression,observe-index-and-demand-to-day30,hold,2026-09-08,"The host remains healthy, so preserve the URL and use the Day-30 gate to separate slow discovery from weak demand."
expansion757,baby,protect,travel-cribs-playards,buying,travel-cribs-playards-buying-guide,Travel Cribs and Playards Buying Guide,https://baby.madabase.com/guides/travel-cribs-playards-buying-guide,0,3,0%,7.33,top-10,protect-emerging-ranking,hold,now-protection-only,The page has an emerging top-ten position; preserve its exact intent and supporting path during rollout.
expansion757,baby,protect,travel-cribs-playards,comparison,travel-cribs-playards-vs-alternatives,Travel Cribs and Playards vs. portable bassinets,https://baby.madabase.com/guides/travel-cribs-playards-vs-alternatives,0,1,0%,67,position-40-plus,retarget-or-merge-review,hold,2026-09-08,"Deep visibility requires an exact-query and family-overlap decision before any retarget, merge or canonical change."
expansion757,baby,protect,travel-cribs-playards,fit,travel-cribs-playards-compatibility-and-fit-guide,Travel Cribs and Playards: Compatibility and Fit Guide,https://baby.madabase.com/guides/travel-cribs-playards-compatibility-and-fit-guide,0,0,0%,,zero-impression,observe-index-and-demand-to-day30,hold,2026-09-08,"The host remains healthy, so preserve the URL and use the Day-30 gate to separate slow discovery from weak demand."
expansion757,baby,protect,travel-cribs-playards,ownership,travel-cribs-playards-ownership-cost-and-maintenance,Travel Cribs and Playards: Ownership Cost and Maintenance,https://baby.madabase.com/guides/travel-cribs-playards-ownership-cost-and-maintenance,0,1,0%,11,position-11-20,strengthen-evidence-after-rollout,hold,2026-08-23,The page is within reach of page one; only evidence-backed internal support is justified after the comparison gate.
expansion757,baby,protect,travel-cribs-playards,workflow,travel-cribs-playards-setup-and-daily-workflow,Travel Cribs and Playards: Setup and Daily Workflow,https://baby.madabase.com/guides/travel-cribs-playards-setup-and-daily-workflow,0,1,0%,5,top-10,protect-emerging-ranking,hold,now-protection-only,The page has an emerging top-ten position; preserve its exact intent and supporting path during rollout.
expansion757,baby,protect,travel-cribs-playards,safety,travel-cribs-playards-safety-and-skip-guide,Travel Cribs and Playards: Safety Limits and When to Skip,https://baby.madabase.com/guides/travel-cribs-playards-safety-and-skip-guide,0,1,0%,1,top-10,protect-emerging-ranking,hold,now-protection-only,The page has an emerging top-ten position; preserve its exact intent and supporting path during rollout.
expansion757,baby,protect,adjustable-high-chairs,buying,adjustable-high-chairs-buying-guide,Adjustable High Chairs Buying Guide,https://baby.madabase.com/guides/adjustable-high-chairs-buying-guide,0,1,0%,75,position-40-plus,retarget-or-merge-review,hold,2026-09-08,"Deep visibility requires an exact-query and family-overlap decision before any retarget, merge or canonical change."
expansion757,baby,protect,adjustable-high-chairs,comparison,adjustable-high-chairs-vs-alternatives,Adjustable High Chairs vs. clip-on or booster seats,https://baby.madabase.com/guides/adjustable-high-chairs-vs-alternatives,0,5,0%,15.2,position-11-20,strengthen-evidence-after-rollout,hold,2026-08-23,The page is within reach of page one; only evidence-backed internal support is justified after the comparison gate.
expansion757,baby,protect,adjustable-high-chairs,fit,adjustable-high-chairs-compatibility-and-fit-guide,Adjustable High Chairs: Compatibility and Fit Guide,https://baby.madabase.com/guides/adjustable-high-chairs-compatibility-and-fit-guide,0,0,0%,,zero-impression,observe-index-and-demand-to-day30,hold,2026-09-08,"The host remains healthy, so preserve the URL and use the Day-30 gate to separate slow discovery from weak demand."
expansion757,baby,protect,adjustable-high-chairs,ownership,adjustable-high-chairs-ownership-cost-and-maintenance,Adjustable High Chairs: Ownership Cost and Maintenance,https://baby.madabase.com/guides/adjustable-high-chairs-ownership-cost-and-maintenance,0,1,0%,7,top-10,protect-emerging-ranking,hold,now-protection-only,The page has an emerging top-ten position; preserve its exact intent and supporting path during rollout.
expansion757,baby,protect,adjustable-high-chairs,workflow,adjustable-high-chairs-setup-and-daily-workflow,Adjustable High Chairs: Setup and Daily Workflow,https://baby.madabase.com/guides/adjustable-high-chairs-setup-and-daily-workflow,0,0,0%,,zero-impression,observe-index-and-demand-to-day30,hold,2026-09-08,"The host remains healthy, so preserve the URL and use the Day-30 gate to separate slow discovery from weak demand."
expansion757,baby,protect,adjustable-high-chairs,safety,adjustable-high-chairs-safety-and-skip-guide,Adjustable High Chairs: Safety Limits and When to Skip,https://baby.madabase.com/guides/adjustable-high-chairs-safety-and-skip-guide,0,0,0%,,zero-impression,observe-index-and-demand-to-day30,hold,2026-09-08,"The host remains healthy, so preserve the URL and use the Day-30 gate to separate slow discovery from weak demand."
expansion757,baby,protect,table-booster-seats,buying,table-booster-seats-buying-guide,Table Booster Seats Buying Guide,https://baby.madabase.com/guides/table-booster-seats-buying-guide,0,0,0%,,zero-impression,observe-index-and-demand-to-day30,hold,2026-09-08,"The host remains healthy, so preserve the URL and use the Day-30 gate to separate slow discovery from weak demand."
expansion757,baby,protect,table-booster-seats,comparison,table-booster-seats-vs-alternatives,Table Booster Seats vs. full high chairs,https://baby.madabase.com/guides/table-booster-seats-vs-alternatives,0,0,0%,,zero-impression,observe-index-and-demand-to-day30,hold,2026-09-08,"The host remains healthy, so preserve the URL and use the Day-30 gate to separate slow discovery from weak demand."
expansion757,baby,protect,table-booster-seats,fit,table-booster-seats-compatibility-and-fit-guide,Table Booster Seats: Compatibility and Fit Guide,https://baby.madabase.com/guides/table-booster-seats-compatibility-and-fit-guide,0,0,0%,,zero-impression,observe-index-and-demand-to-day30,hold,2026-09-08,"The host remains healthy, so preserve the URL and use the Day-30 gate to separate slow discovery from weak demand."
expansion757,baby,protect,table-booster-seats,ownership,table-booster-seats-ownership-cost-and-maintenance,Table Booster Seats: Ownership Cost and Maintenance,https://baby.madabase.com/guides/table-booster-seats-ownership-cost-and-maintenance,0,0,0%,,zero-impression,observe-index-and-demand-to-day30,hold,2026-09-08,"The host remains healthy, so preserve the URL and use the Day-30 gate to separate slow discovery from weak demand."
expansion757,baby,protect,table-booster-seats,workflow,table-booster-seats-setup-and-daily-workflow,Table Booster Seats: Setup and Daily Workflow,https://baby.madabase.com/guides/table-booster-seats-setup-and-daily-workflow,0,0,0%,,zero-impression,observe-index-and-demand-to-day30,hold,2026-09-08,"The host remains healthy, so preserve the URL and use the Day-30 gate to separate slow discovery from weak demand."
expansion757,baby,protect,table-booster-seats,safety,table-booster-seats-safety-and-skip-guide,Table Booster Seats: Safety Limits and When to Skip,https://baby.madabase.com/guides/table-booster-seats-safety-and-skip-guide,0,0,0%,,zero-impression,observe-index-and-demand-to-day30,hold,2026-09-08,"The host remains healthy, so preserve the URL and use the Day-30 gate to separate slow discovery from weak demand."
expansion757,baby,protect,baby-food-makers,buying,baby-food-makers-buying-guide,Baby Food Makers Buying Guide,https://baby.madabase.com/guides/baby-food-makers-buying-guide,0,3,0%,49,position-40-plus,retarget-or-merge-review,hold,2026-09-08,"Deep visibility requires an exact-query and family-overlap decision before any retarget, merge or canonical change."
expansion757,baby,protect,baby-food-makers,comparison,baby-food-makers-vs-alternatives,Baby Food Makers vs. standard steamers and blenders,https://baby.madabase.com/guides/baby-food-makers-vs-alternatives,0,1,0%,1,top-10,protect-emerging-ranking,hold,now-protection-only,The page has an emerging top-ten position; preserve its exact intent and supporting path during rollout.
expansion757,baby,protect,baby-food-makers,fit,baby-food-makers-compatibility-and-fit-guide,Baby Food Makers: Compatibility and Fit Guide,https://baby.madabase.com/guides/baby-food-makers-compatibility-and-fit-guide,0,0,0%,,zero-impression,observe-index-and-demand-to-day30,hold,2026-09-08,"The host remains healthy, so preserve the URL and use the Day-30 gate to separate slow discovery from weak demand."
expansion757,baby,protect,baby-food-makers,ownership,baby-food-makers-ownership-cost-and-maintenance,Baby Food Makers: Ownership Cost and Maintenance,https://baby.madabase.com/guides/baby-food-makers-ownership-cost-and-maintenance,0,1,0%,4,top-10,protect-emerging-ranking,hold,now-protection-only,The page has an emerging top-ten position; preserve its exact intent and supporting path during rollout.
expansion757,baby,protect,baby-food-makers,workflow,baby-food-makers-setup-and-daily-workflow,Baby Food Makers: Setup and Daily Workflow,https://baby.madabase.com/guides/baby-food-makers-setup-and-daily-workflow,0,0,0%,,zero-impression,observe-index-and-demand-to-day30,hold,2026-09-08,"The host remains healthy, so preserve the URL and use the Day-30 gate to separate slow discovery from weak demand."
expansion757,baby,protect,baby-food-makers,safety,baby-food-makers-safety-and-skip-guide,Baby Food Makers: Safety Limits and When to Skip,https://baby.madabase.com/guides/baby-food-makers-safety-and-skip-guide,0,3,0%,15.33,position-11-20,strengthen-evidence-after-rollout,hold,2026-08-23,The page is within reach of page one; only evidence-backed internal support is justified after the comparison gate.
expansion757,baby,protect,automatic-bottle-washers,buying,automatic-bottle-washers-buying-guide,Automatic Bottle Washers Buying Guide,https://baby.madabase.com/guides/automatic-bottle-washers-buying-guide,0,0,0%,,zero-impression,observe-index-and-demand-to-day30,hold,2026-09-08,"The host remains healthy, so preserve the URL and use the Day-30 gate to separate slow discovery from weak demand."
expansion757,baby,protect,automatic-bottle-washers,comparison,automatic-bottle-washers-vs-alternatives,Automatic Bottle Washers vs. manual washing plus sterilizer-dryers,https://baby.madabase.com/guides/automatic-bottle-washers-vs-alternatives,0,0,0%,,zero-impression,observe-index-and-demand-to-day30,hold,2026-09-08,"The host remains healthy, so preserve the URL and use the Day-30 gate to separate slow discovery from weak demand."
expansion757,baby,protect,automatic-bottle-washers,fit,automatic-bottle-washers-compatibility-and-fit-guide,Automatic Bottle Washers: Compatibility and Fit Guide,https://baby.madabase.com/guides/automatic-bottle-washers-compatibility-and-fit-guide,0,0,0%,,zero-impression,observe-index-and-demand-to-day30,hold,2026-09-08,"The host remains healthy, so preserve the URL and use the Day-30 gate to separate slow discovery from weak demand."
expansion757,baby,protect,automatic-bottle-washers,ownership,automatic-bottle-washers-ownership-cost-and-maintenance,Automatic Bottle Washers: Ownership Cost and Maintenance,https://baby.madabase.com/guides/automatic-bottle-washers-ownership-cost-and-maintenance,0,0,0%,,zero-impression,observe-index-and-demand-to-day30,hold,2026-09-08,"The host remains healthy, so preserve the URL and use the Day-30 gate to separate slow discovery from weak demand."
expansion757,baby,protect,automatic-bottle-washers,workflow,automatic-bottle-washers-setup-and-daily-workflow,Automatic Bottle Washers: Setup and Daily Workflow,https://baby.madabase.com/guides/automatic-bottle-washers-setup-and-daily-workflow,0,2,0%,8.5,top-10,protect-emerging-ranking,hold,now-protection-only,The page has an emerging top-ten position; preserve its exact intent and supporting path during rollout.
expansion757,baby,protect,automatic-bottle-washers,safety,automatic-bottle-washers-safety-and-skip-guide,Automatic Bottle Washers: Safety Limits and When to Skip,https://baby.madabase.com/guides/automatic-bottle-washers-safety-and-skip-guide,0,2,0%,13.5,position-11-20,strengthen-evidence-after-rollout,hold,2026-08-23,The page is within reach of page one; only evidence-backed internal support is justified after the comparison gate.
expansion757,baby,protect,changing-pads,buying,changing-pads-buying-guide,Changing Pads Buying Guide,https://baby.madabase.com/guides/changing-pads-buying-guide,0,1,0%,96,position-40-plus,retarget-or-merge-review,hold,2026-09-08,"Deep visibility requires an exact-query and family-overlap decision before any retarget, merge or canonical change."
expansion757,baby,protect,changing-pads,comparison,changing-pads-vs-alternatives,Changing Pads vs. portable changing mats,https://baby.madabase.com/guides/changing-pads-vs-alternatives,0,2,0%,52,position-40-plus,retarget-or-merge-review,hold,2026-09-08,"Deep visibility requires an exact-query and family-overlap decision before any retarget, merge or canonical change."
expansion757,baby,protect,changing-pads,fit,changing-pads-compatibility-and-fit-guide,Changing Pads: Compatibility and Fit Guide,https://baby.madabase.com/guides/changing-pads-compatibility-and-fit-guide,0,0,0%,,zero-impression,observe-index-and-demand-to-day30,hold,2026-09-08,"The host remains healthy, so preserve the URL and use the Day-30 gate to separate slow discovery from weak demand."
expansion757,baby,protect,changing-pads,ownership,changing-pads-ownership-cost-and-maintenance,Changing Pads: Ownership Cost and Maintenance,https://baby.madabase.com/guides/changing-pads-ownership-cost-and-maintenance,0,0,0%,,zero-impression,observe-index-and-demand-to-day30,hold,2026-09-08,"The host remains healthy, so preserve the URL and use the Day-30 gate to separate slow discovery from weak demand."
expansion757,baby,protect,changing-pads,workflow,changing-pads-setup-and-daily-workflow,Changing Pads: Setup and Daily Workflow,https://baby.madabase.com/guides/changing-pads-setup-and-daily-workflow,0,0,0%,,zero-impression,observe-index-and-demand-to-day30,hold,2026-09-08,"The host remains healthy, so preserve the URL and use the Day-30 gate to separate slow discovery from weak demand."
expansion757,baby,protect,changing-pads,safety,changing-pads-safety-and-skip-guide,Changing Pads: Safety Limits and When to Skip,https://baby.madabase.com/guides/changing-pads-safety-and-skip-guide,0,1,0%,45,position-40-plus,retarget-or-merge-review,hold,2026-09-08,"Deep visibility requires an exact-query and family-overlap decision before any retarget, merge or canonical change."
expansion757,baby,protect,structured-diaper-bags,buying,structured-diaper-bags-buying-guide,Structured Diaper Bags Buying Guide,https://baby.madabase.com/guides/structured-diaper-bags-buying-guide,0,0,0%,,zero-impression,observe-index-and-demand-to-day30,hold,2026-09-08,"The host remains healthy, so preserve the URL and use the Day-30 gate to separate slow discovery from weak demand."
expansion757,baby,protect,structured-diaper-bags,comparison,structured-diaper-bags-vs-alternatives,Structured Diaper Bags vs. ordinary backpacks with organizers,https://baby.madabase.com/guides/structured-diaper-bags-vs-alternatives,0,0,0%,,zero-impression,observe-index-and-demand-to-day30,hold,2026-09-08,"The host remains healthy, so preserve the URL and use the Day-30 gate to separate slow discovery from weak demand."
expansion757,baby,protect,structured-diaper-bags,fit,structured-diaper-bags-compatibility-and-fit-guide,Structured Diaper Bags: Compatibility and Fit Guide,https://baby.madabase.com/guides/structured-diaper-bags-compatibility-and-fit-guide,0,3,0%,16,position-11-20,strengthen-evidence-after-rollout,hold,2026-08-23,The page is within reach of page one; only evidence-backed internal support is justified after the comparison gate.
expansion757,baby,protect,structured-diaper-bags,ownership,structured-diaper-bags-ownership-cost-and-maintenance,Structured Diaper Bags: Ownership Cost and Maintenance,https://baby.madabase.com/guides/structured-diaper-bags-ownership-cost-and-maintenance,0,0,0%,,zero-impression,observe-index-and-demand-to-day30,hold,2026-09-08,"The host remains healthy, so preserve the URL and use the Day-30 gate to separate slow discovery from weak demand."
expansion757,baby,protect,structured-diaper-bags,workflow,structured-diaper-bags-setup-and-daily-workflow,Structured Diaper Bags: Setup and Daily Workflow,https://baby.madabase.com/guides/structured-diaper-bags-setup-and-daily-workflow,0,2,0%,5.5,top-10,protect-emerging-ranking,hold,now-protection-only,The page has an emerging top-ten position; preserve its exact intent and supporting path during rollout.
expansion757,baby,protect,structured-diaper-bags,safety,structured-diaper-bags-safety-and-skip-guide,Structured Diaper Bags: Safety Limits and When to Skip,https://baby.madabase.com/guides/structured-diaper-bags-safety-and-skip-guide,0,2,0%,17.5,position-11-20,strengthen-evidence-after-rollout,hold,2026-08-23,The page is within reach of page one; only evidence-backed internal support is justified after the comparison gate.
expansion757,baby,protect,infant-bath-tubs,buying,infant-bath-tubs-buying-guide,Infant Bath Tubs Buying Guide,https://baby.madabase.com/guides/infant-bath-tubs-buying-guide,0,3,0%,3.33,top-10,protect-emerging-ranking,hold,now-protection-only,The page has an emerging top-ten position; preserve its exact intent and supporting path during rollout.
expansion757,baby,protect,infant-bath-tubs,comparison,infant-bath-tubs-vs-alternatives,Infant Bath Tubs vs. sink inserts or supported bathing,https://baby.madabase.com/guides/infant-bath-tubs-vs-alternatives,0,4,0%,67,position-40-plus,retarget-or-merge-review,hold,2026-09-08,"Deep visibility requires an exact-query and family-overlap decision before any retarget, merge or canonical change."
expansion757,baby,protect,infant-bath-tubs,fit,infant-bath-tubs-compatibility-and-fit-guide,Infant Bath Tubs: Compatibility and Fit Guide,https://baby.madabase.com/guides/infant-bath-tubs-compatibility-and-fit-guide,0,1,0%,25,position-21-40,observe-mid-pack,hold,2026-09-08,The host remains healthy and the page has discovery; wait for Day 30 before considering a focused improvement.
expansion757,baby,protect,infant-bath-tubs,ownership,infant-bath-tubs-ownership-cost-and-maintenance,Infant Bath Tubs: Ownership Cost and Maintenance,https://baby.madabase.com/guides/infant-bath-tubs-ownership-cost-and-maintenance,0,2,0%,16,position-11-20,strengthen-evidence-after-rollout,hold,2026-08-23,The page is within reach of page one; only evidence-backed internal support is justified after the comparison gate.
expansion757,baby,protect,infant-bath-tubs,workflow,infant-bath-tubs-setup-and-daily-workflow,Infant Bath Tubs: Setup and Daily Workflow,https://baby.madabase.com/guides/infant-bath-tubs-setup-and-daily-workflow,0,0,0%,,zero-impression,observe-index-and-demand-to-day30,hold,2026-09-08,"The host remains healthy, so preserve the URL and use the Day-30 gate to separate slow discovery from weak demand."
expansion757,baby,protect,infant-bath-tubs,safety,infant-bath-tubs-safety-and-skip-guide,Infant Bath Tubs: Safety Limits and When to Skip,https://baby.madabase.com/guides/infant-bath-tubs-safety-and-skip-guide,0,3,0%,39.67,position-21-40,observe-mid-pack,hold,2026-09-08,The host remains healthy and the page has discovery; wait for Day 30 before considering a focused improvement.
expansion757,baby,protect,hardware-mounted-baby-gates,buying,hardware-mounted-baby-gates-buying-guide,Hardware-mounted Baby Gates Buying Guide,https://baby.madabase.com/guides/hardware-mounted-baby-gates-buying-guide,0,0,0%,,zero-impression,observe-index-and-demand-to-day30,hold,2026-09-08,"The host remains healthy, so preserve the URL and use the Day-30 gate to separate slow discovery from weak demand."
expansion757,baby,protect,hardware-mounted-baby-gates,comparison,hardware-mounted-baby-gates-vs-alternatives,Hardware-mounted Baby Gates vs. pressure-mounted gates,https://baby.madabase.com/guides/hardware-mounted-baby-gates-vs-alternatives,0,1,0%,82,position-40-plus,retarget-or-merge-review,hold,2026-09-08,"Deep visibility requires an exact-query and family-overlap decision before any retarget, merge or canonical change."
expansion757,baby,protect,hardware-mounted-baby-gates,fit,hardware-mounted-baby-gates-compatibility-and-fit-guide,Hardware-mounted Baby Gates: Compatibility and Fit Guide,https://baby.madabase.com/guides/hardware-mounted-baby-gates-compatibility-and-fit-guide,0,0,0%,,zero-impression,observe-index-and-demand-to-day30,hold,2026-09-08,"The host remains healthy, so preserve the URL and use the Day-30 gate to separate slow discovery from weak demand."
expansion757,baby,protect,hardware-mounted-baby-gates,ownership,hardware-mounted-baby-gates-ownership-cost-and-maintenance,Hardware-mounted Baby Gates: Ownership Cost and Maintenance,https://baby.madabase.com/guides/hardware-mounted-baby-gates-ownership-cost-and-maintenance,0,1,0%,8,top-10,protect-emerging-ranking,hold,now-protection-only,The page has an emerging top-ten position; preserve its exact intent and supporting path during rollout.
expansion757,baby,protect,hardware-mounted-baby-gates,workflow,hardware-mounted-baby-gates-setup-and-daily-workflow,Hardware-mounted Baby Gates: Setup and Daily Workflow,https://baby.madabase.com/guides/hardware-mounted-baby-gates-setup-and-daily-workflow,0,0,0%,,zero-impression,observe-index-and-demand-to-day30,hold,2026-09-08,"The host remains healthy, so preserve the URL and use the Day-30 gate to separate slow discovery from weak demand."
expansion757,baby,protect,hardware-mounted-baby-gates,safety,hardware-mounted-baby-gates-safety-and-skip-guide,Hardware-mounted Baby Gates: Safety Limits and When to Skip,https://baby.madabase.com/guides/hardware-mounted-baby-gates-safety-and-skip-guide,0,1,0%,50,position-40-plus,retarget-or-merge-review,hold,2026-09-08,"Deep visibility requires an exact-query and family-overlap decision before any retarget, merge or canonical change."
expansion757,baby,protect,nursery-glider-chairs,buying,nursery-glider-chairs-buying-guide,Nursery Glider Chairs Buying Guide,https://baby.madabase.com/guides/nursery-glider-chairs-buying-guide,0,0,0%,,zero-impression,observe-index-and-demand-to-day30,hold,2026-09-08,"The host remains healthy, so preserve the URL and use the Day-30 gate to separate slow discovery from weak demand."
expansion757,baby,protect,nursery-glider-chairs,comparison,nursery-glider-chairs-vs-alternatives,Nursery Glider Chairs vs. supportive stationary chairs,https://baby.madabase.com/guides/nursery-glider-chairs-vs-alternatives,0,0,0%,,zero-impression,observe-index-and-demand-to-day30,hold,2026-09-08,"The host remains healthy, so preserve the URL and use the Day-30 gate to separate slow discovery from weak demand."
expansion757,baby,protect,nursery-glider-chairs,fit,nursery-glider-chairs-compatibility-and-fit-guide,Nursery Glider Chairs: Compatibility and Fit Guide,https://baby.madabase.com/guides/nursery-glider-chairs-compatibility-and-fit-guide,0,0,0%,,zero-impression,observe-index-and-demand-to-day30,hold,2026-09-08,"The host remains healthy, so preserve the URL and use the Day-30 gate to separate slow discovery from weak demand."
expansion757,baby,protect,nursery-glider-chairs,ownership,nursery-glider-chairs-ownership-cost-and-maintenance,Nursery Glider Chairs: Ownership Cost and Maintenance,https://baby.madabase.com/guides/nursery-glider-chairs-ownership-cost-and-maintenance,0,0,0%,,zero-impression,observe-index-and-demand-to-day30,hold,2026-09-08,"The host remains healthy, so preserve the URL and use the Day-30 gate to separate slow discovery from weak demand."
expansion757,baby,protect,nursery-glider-chairs,workflow,nursery-glider-chairs-setup-and-daily-workflow,Nursery Glider Chairs: Setup and Daily Workflow,https://baby.madabase.com/guides/nursery-glider-chairs-setup-and-daily-workflow,0,1,0%,12,position-11-20,strengthen-evidence-after-rollout,hold,2026-08-23,The page is within reach of page one; only evidence-backed internal support is justified after the comparison gate.
expansion757,baby,protect,nursery-glider-chairs,safety,nursery-glider-chairs-safety-and-skip-guide,Nursery Glider Chairs: Safety Limits and When to Skip,https://baby.madabase.com/guides/nursery-glider-chairs-safety-and-skip-guide,0,4,0%,6,top-10,protect-emerging-ranking,hold,now-protection-only,The page has an emerging top-ten position; preserve its exact intent and supporting path during rollout.
expansion757,baby,protect,nursery-humidifiers,buying,nursery-humidifiers-buying-guide,Nursery Humidifiers Buying Guide,https://baby.madabase.com/guides/nursery-humidifiers-buying-guide,0,1,0%,75,position-40-plus,retarget-or-merge-review,hold,2026-09-08,"Deep visibility requires an exact-query and family-overlap decision before any retarget, merge or canonical change."
expansion757,baby,protect,nursery-humidifiers,comparison,nursery-humidifiers-vs-alternatives,Nursery Humidifiers vs. whole-home humidity control,https://baby.madabase.com/guides/nursery-humidifiers-vs-alternatives,0,0,0%,,zero-impression,observe-index-and-demand-to-day30,hold,2026-09-08,"The host remains healthy, so preserve the URL and use the Day-30 gate to separate slow discovery from weak demand."
expansion757,baby,protect,nursery-humidifiers,fit,nursery-humidifiers-compatibility-and-fit-guide,Nursery Humidifiers: Compatibility and Fit Guide,https://baby.madabase.com/guides/nursery-humidifiers-compatibility-and-fit-guide,0,1,0%,89,position-40-plus,retarget-or-merge-review,hold,2026-09-08,"Deep visibility requires an exact-query and family-overlap decision before any retarget, merge or canonical change."
expansion757,baby,protect,nursery-humidifiers,ownership,nursery-humidifiers-ownership-cost-and-maintenance,Nursery Humidifiers: Ownership Cost and Maintenance,https://baby.madabase.com/guides/nursery-humidifiers-ownership-cost-and-maintenance,0,0,0%,,zero-impression,observe-index-and-demand-to-day30,hold,2026-09-08,"The host remains healthy, so preserve the URL and use the Day-30 gate to separate slow discovery from weak demand."
expansion757,baby,protect,nursery-humidifiers,workflow,nursery-humidifiers-setup-and-daily-workflow,Nursery Humidifiers: Setup and Daily Workflow,https://baby.madabase.com/guides/nursery-humidifiers-setup-and-daily-workflow,0,0,0%,,zero-impression,observe-index-and-demand-to-day30,hold,2026-09-08,"The host remains healthy, so preserve the URL and use the Day-30 gate to separate slow discovery from weak demand."
expansion757,baby,protect,nursery-humidifiers,safety,nursery-humidifiers-safety-and-skip-guide,Nursery Humidifiers: Safety Limits and When to Skip,https://baby.madabase.com/guides/nursery-humidifiers-safety-and-skip-guide,0,2,0%,39.5,position-21-40,observe-mid-pack,hold,2026-09-08,The host remains healthy and the page has discovery; wait for Day 30 before considering a focused improvement.
expansion757,pet,recovery,wet-food-automatic-feeders,buying,wet-food-automatic-feeders-buying-guide,Wet-food Automatic Feeders Buying Guide,https://pets.madabase.com/guides/wet-food-automatic-feeders-buying-guide,0,0,0%,,zero-impression,family-merge-or-demand-review,hold,2026-08-23,"The URL has zero impressions and belongs to a site hit by the update; review family overlap, real demand and canonical choice at Day 14 without deleting it during rollout."
expansion757,pet,recovery,wet-food-automatic-feeders,comparison,wet-food-automatic-feeders-vs-alternatives,Wet-food Automatic Feeders vs. dry-food feeders or manual feeding,https://pets.madabase.com/guides/wet-food-automatic-feeders-vs-alternatives,0,2,0%,106.5,position-40-plus,retarget-or-merge-review,hold,rollout-complete-plus-3-days,"Deep visibility requires an exact-query and family-overlap decision before any retarget, merge or canonical change."
expansion757,pet,recovery,wet-food-automatic-feeders,fit,wet-food-automatic-feeders-compatibility-and-fit-guide,Wet-food Automatic Feeders: Compatibility and Fit Guide,https://pets.madabase.com/guides/wet-food-automatic-feeders-compatibility-and-fit-guide,0,0,0%,,zero-impression,family-merge-or-demand-review,hold,2026-08-23,"The URL has zero impressions and belongs to a site hit by the update; review family overlap, real demand and canonical choice at Day 14 without deleting it during rollout."
expansion757,pet,recovery,wet-food-automatic-feeders,ownership,wet-food-automatic-feeders-ownership-cost-and-maintenance,Wet-food Automatic Feeders: Ownership Cost and Maintenance,https://pets.madabase.com/guides/wet-food-automatic-feeders-ownership-cost-and-maintenance,0,0,0%,,zero-impression,family-merge-or-demand-review,hold,2026-08-23,"The URL has zero impressions and belongs to a site hit by the update; review family overlap, real demand and canonical choice at Day 14 without deleting it during rollout."
expansion757,pet,recovery,wet-food-automatic-feeders,workflow,wet-food-automatic-feeders-setup-and-daily-workflow,Wet-food Automatic Feeders: Setup and Daily Workflow,https://pets.madabase.com/guides/wet-food-automatic-feeders-setup-and-daily-workflow,0,4,0%,17.75,position-11-20,strengthen-evidence-after-rollout,hold,rollout-complete-plus-3-days,The page is within reach of page one; only evidence-backed internal support is justified after the comparison gate.
expansion757,pet,recovery,microchip-pet-feeders,buying,microchip-pet-feeders-buying-guide,Microchip Pet Feeders Buying Guide,https://pets.madabase.com/guides/microchip-pet-feeders-buying-guide,0,0,0%,,zero-impression,family-merge-or-demand-review,hold,2026-08-23,"The URL has zero impressions and belongs to a site hit by the update; review family overlap, real demand and canonical choice at Day 14 without deleting it during rollout."
expansion757,pet,recovery,microchip-pet-feeders,comparison,microchip-pet-feeders-vs-alternatives,Microchip Pet Feeders vs. RFID-tag feeders,https://pets.madabase.com/guides/microchip-pet-feeders-vs-alternatives,0,2,0%,8,top-10,protect-emerging-ranking,hold,now-protection-only,The page has an emerging top-ten position; preserve its exact intent and supporting path during rollout.
expansion757,pet,recovery,microchip-pet-feeders,fit,microchip-pet-feeders-compatibility-and-fit-guide,Microchip Pet Feeders: Compatibility and Fit Guide,https://pets.madabase.com/guides/microchip-pet-feeders-compatibility-and-fit-guide,0,0,0%,,zero-impression,family-merge-or-demand-review,hold,2026-08-23,"The URL has zero impressions and belongs to a site hit by the update; review family overlap, real demand and canonical choice at Day 14 without deleting it during rollout."
expansion757,pet,recovery,microchip-pet-feeders,ownership,microchip-pet-feeders-ownership-cost-and-maintenance,Microchip Pet Feeders: Ownership Cost and Maintenance,https://pets.madabase.com/guides/microchip-pet-feeders-ownership-cost-and-maintenance,0,0,0%,,zero-impression,family-merge-or-demand-review,hold,2026-08-23,"The URL has zero impressions and belongs to a site hit by the update; review family overlap, real demand and canonical choice at Day 14 without deleting it during rollout."
expansion757,pet,recovery,microchip-pet-feeders,workflow,microchip-pet-feeders-setup-and-daily-workflow,Microchip Pet Feeders: Setup and Daily Workflow,https://pets.madabase.com/guides/microchip-pet-feeders-setup-and-daily-workflow,0,0,0%,,zero-impression,family-merge-or-demand-review,hold,2026-08-23,"The URL has zero impressions and belongs to a site hit by the update; review family overlap, real demand and canonical choice at Day 14 without deleting it during rollout."
expansion757,pet,recovery,wireless-pump-pet-fountains,buying,wireless-pump-pet-fountains-buying-guide,Wireless-pump Pet Fountains Buying Guide,https://pets.madabase.com/guides/wireless-pump-pet-fountains-buying-guide,0,0,0%,,zero-impression,family-merge-or-demand-review,hold,2026-08-23,"The URL has zero impressions and belongs to a site hit by the update; review family overlap, real demand and canonical choice at Day 14 without deleting it during rollout."
expansion757,pet,recovery,wireless-pump-pet-fountains,comparison,wireless-pump-pet-fountains-vs-alternatives,Wireless-pump Pet Fountains vs. corded pet fountains,https://pets.madabase.com/guides/wireless-pump-pet-fountains-vs-alternatives,0,1,0%,11,position-11-20,strengthen-evidence-after-rollout,hold,rollout-complete-plus-3-days,The page is within reach of page one; only evidence-backed internal support is justified after the comparison gate.
expansion757,pet,recovery,wireless-pump-pet-fountains,fit,wireless-pump-pet-fountains-compatibility-and-fit-guide,Wireless-pump Pet Fountains: Compatibility and Fit Guide,https://pets.madabase.com/guides/wireless-pump-pet-fountains-compatibility-and-fit-guide,0,0,0%,,zero-impression,family-merge-or-demand-review,hold,2026-08-23,"The URL has zero impressions and belongs to a site hit by the update; review family overlap, real demand and canonical choice at Day 14 without deleting it during rollout."
expansion757,pet,recovery,wireless-pump-pet-fountains,ownership,wireless-pump-pet-fountains-ownership-cost-and-maintenance,Wireless-pump Pet Fountains: Ownership Cost and Maintenance,https://pets.madabase.com/guides/wireless-pump-pet-fountains-ownership-cost-and-maintenance,0,1,0%,4,top-10,protect-emerging-ranking,hold,now-protection-only,The page has an emerging top-ten position; preserve its exact intent and supporting path during rollout.
expansion757,pet,recovery,wireless-pump-pet-fountains,workflow,wireless-pump-pet-fountains-setup-and-daily-workflow,Wireless-pump Pet Fountains: Setup and Daily Workflow,https://pets.madabase.com/guides/wireless-pump-pet-fountains-setup-and-daily-workflow,0,0,0%,,zero-impression,family-merge-or-demand-review,hold,2026-08-23,"The URL has zero impressions and belongs to a site hit by the update; review family overlap, real demand and canonical choice at Day 14 without deleting it during rollout."
expansion757,pet,recovery,large-dog-water-fountains,buying,large-dog-water-fountains-buying-guide,Large-dog Water Fountains Buying Guide,https://pets.madabase.com/guides/large-dog-water-fountains-buying-guide,0,0,0%,,zero-impression,family-merge-or-demand-review,hold,2026-08-23,"The URL has zero impressions and belongs to a site hit by the update; review family overlap, real demand and canonical choice at Day 14 without deleting it during rollout."
expansion757,pet,recovery,large-dog-water-fountains,comparison,large-dog-water-fountains-vs-alternatives,Large-dog Water Fountains vs. large gravity bowls,https://pets.madabase.com/guides/large-dog-water-fountains-vs-alternatives,0,1,0%,2,top-10,protect-emerging-ranking,hold,now-protection-only,The page has an emerging top-ten position; preserve its exact intent and supporting path during rollout.
expansion757,pet,recovery,large-dog-water-fountains,fit,large-dog-water-fountains-compatibility-and-fit-guide,Large-dog Water Fountains: Compatibility and Fit Guide,https://pets.madabase.com/guides/large-dog-water-fountains-compatibility-and-fit-guide,0,0,0%,,zero-impression,family-merge-or-demand-review,hold,2026-08-23,"The URL has zero impressions and belongs to a site hit by the update; review family overlap, real demand and canonical choice at Day 14 without deleting it during rollout."
expansion757,pet,recovery,large-dog-water-fountains,ownership,large-dog-water-fountains-ownership-cost-and-maintenance,Large-dog Water Fountains: Ownership Cost and Maintenance,https://pets.madabase.com/guides/large-dog-water-fountains-ownership-cost-and-maintenance,0,1,0%,2,top-10,protect-emerging-ranking,hold,now-protection-only,The page has an emerging top-ten position; preserve its exact intent and supporting path during rollout.
expansion757,pet,recovery,large-dog-water-fountains,workflow,large-dog-water-fountains-setup-and-daily-workflow,Large-dog Water Fountains: Setup and Daily Workflow,https://pets.madabase.com/guides/large-dog-water-fountains-setup-and-daily-workflow,0,1,0%,43,position-40-plus,retarget-or-merge-review,hold,rollout-complete-plus-3-days,"Deep visibility requires an exact-query and family-overlap decision before any retarget, merge or canonical change."
expansion757,pet,recovery,cat-gps-trackers,buying,cat-gps-trackers-buying-guide,Cat GPS Trackers Buying Guide,https://pets.madabase.com/guides/cat-gps-trackers-buying-guide,0,0,0%,,zero-impression,family-merge-or-demand-review,hold,2026-08-23,"The URL has zero impressions and belongs to a site hit by the update; review family overlap, real demand and canonical choice at Day 14 without deleting it during rollout."
expansion757,pet,recovery,cat-gps-trackers,comparison,cat-gps-trackers-vs-alternatives,Cat GPS Trackers vs. Bluetooth item trackers,https://pets.madabase.com/guides/cat-gps-trackers-vs-alternatives,0,0,0%,,zero-impression,family-merge-or-demand-review,hold,2026-08-23,"The URL has zero impressions and belongs to a site hit by the update; review family overlap, real demand and canonical choice at Day 14 without deleting it during rollout."
expansion757,pet,recovery,cat-gps-trackers,fit,cat-gps-trackers-compatibility-and-fit-guide,Cat GPS Trackers: Compatibility and Fit Guide,https://pets.madabase.com/guides/cat-gps-trackers-compatibility-and-fit-guide,0,0,0%,,zero-impression,family-merge-or-demand-review,hold,2026-08-23,"The URL has zero impressions and belongs to a site hit by the update; review family overlap, real demand and canonical choice at Day 14 without deleting it during rollout."
expansion757,pet,recovery,cat-gps-trackers,ownership,cat-gps-trackers-ownership-cost-and-maintenance,Cat GPS Trackers: Ownership Cost and Maintenance,https://pets.madabase.com/guides/cat-gps-trackers-ownership-cost-and-maintenance,0,0,0%,,zero-impression,family-merge-or-demand-review,hold,2026-08-23,"The URL has zero impressions and belongs to a site hit by the update; review family overlap, real demand and canonical choice at Day 14 without deleting it during rollout."
expansion757,pet,recovery,cat-gps-trackers,workflow,cat-gps-trackers-setup-and-daily-workflow,Cat GPS Trackers: Setup and Daily Workflow,https://pets.madabase.com/guides/cat-gps-trackers-setup-and-daily-workflow,0,5,0%,81.2,position-40-plus,retarget-or-merge-review,hold,rollout-complete-plus-3-days,"Deep visibility requires an exact-query and family-overlap decision before any retarget, merge or canonical change."
expansion757,pet,recovery,dog-activity-collars,buying,dog-activity-collars-buying-guide,Dog Activity Collars Buying Guide,https://pets.madabase.com/guides/dog-activity-collars-buying-guide,0,0,0%,,zero-impression,family-merge-or-demand-review,hold,2026-08-23,"The URL has zero impressions and belongs to a site hit by the update; review family overlap, real demand and canonical choice at Day 14 without deleting it during rollout."
expansion757,pet,recovery,dog-activity-collars,comparison,dog-activity-collars-vs-alternatives,Dog Activity Collars vs. GPS-only trackers,https://pets.madabase.com/guides/dog-activity-collars-vs-alternatives,0,1,0%,12,position-11-20,strengthen-evidence-after-rollout,hold,rollout-complete-plus-3-days,The page is within reach of page one; only evidence-backed internal support is justified after the comparison gate.
expansion757,pet,recovery,dog-activity-collars,fit,dog-activity-collars-compatibility-and-fit-guide,Dog Activity Collars: Compatibility and Fit Guide,https://pets.madabase.com/guides/dog-activity-collars-compatibility-and-fit-guide,0,0,0%,,zero-impression,family-merge-or-demand-review,hold,2026-08-23,"The URL has zero impressions and belongs to a site hit by the update; review family overlap, real demand and canonical choice at Day 14 without deleting it during rollout."
expansion757,pet,recovery,dog-activity-collars,ownership,dog-activity-collars-ownership-cost-and-maintenance,Dog Activity Collars: Ownership Cost and Maintenance,https://pets.madabase.com/guides/dog-activity-collars-ownership-cost-and-maintenance,0,1,0%,72,position-40-plus,retarget-or-merge-review,hold,rollout-complete-plus-3-days,"Deep visibility requires an exact-query and family-overlap decision before any retarget, merge or canonical change."
expansion757,pet,recovery,dog-activity-collars,workflow,dog-activity-collars-setup-and-daily-workflow,Dog Activity Collars: Setup and Daily Workflow,https://pets.madabase.com/guides/dog-activity-collars-setup-and-daily-workflow,0,0,0%,,zero-impression,family-merge-or-demand-review,hold,2026-08-23,"The URL has zero impressions and belongs to a site hit by the update; review family overlap, real demand and canonical choice at Day 14 without deleting it during rollout."
expansion757,pet,recovery,airtag-pet-collar-holders,buying,airtag-pet-collar-holders-buying-guide,AirTag Pet Collar Holders Buying Guide,https://pets.madabase.com/guides/airtag-pet-collar-holders-buying-guide,0,0,0%,,zero-impression,family-merge-or-demand-review,hold,2026-08-23,"The URL has zero impressions and belongs to a site hit by the update; review family overlap, real demand and canonical choice at Day 14 without deleting it during rollout."
expansion757,pet,recovery,airtag-pet-collar-holders,comparison,airtag-pet-collar-holders-vs-alternatives,AirTag Pet Collar Holders vs. cellular GPS trackers,https://pets.madabase.com/guides/airtag-pet-collar-holders-vs-alternatives,0,0,0%,,zero-impression,family-merge-or-demand-review,hold,2026-08-23,"The URL has zero impressions and belongs to a site hit by the update; review family overlap, real demand and canonical choice at Day 14 without deleting it during rollout."
expansion757,pet,recovery,airtag-pet-collar-holders,fit,airtag-pet-collar-holders-compatibility-and-fit-guide,AirTag Pet Collar Holders: Compatibility and Fit Guide,https://pets.madabase.com/guides/airtag-pet-collar-holders-compatibility-and-fit-guide,0,0,0%,,zero-impression,family-merge-or-demand-review,hold,2026-08-23,"The URL has zero impressions and belongs to a site hit by the update; review family overlap, real demand and canonical choice at Day 14 without deleting it during rollout."
expansion757,pet,recovery,airtag-pet-collar-holders,ownership,airtag-pet-collar-holders-ownership-cost-and-maintenance,AirTag Pet Collar Holders: Ownership Cost and Maintenance,https://pets.madabase.com/guides/airtag-pet-collar-holders-ownership-cost-and-maintenance,0,0,0%,,zero-impression,family-merge-or-demand-review,hold,2026-08-23,"The URL has zero impressions and belongs to a site hit by the update; review family overlap, real demand and canonical choice at Day 14 without deleting it during rollout."
expansion757,pet,recovery,airtag-pet-collar-holders,workflow,airtag-pet-collar-holders-setup-and-daily-workflow,AirTag Pet Collar Holders: Setup and Daily Workflow,https://pets.madabase.com/guides/airtag-pet-collar-holders-setup-and-daily-workflow,0,2,0%,70,position-40-plus,retarget-or-merge-review,hold,rollout-complete-plus-3-days,"Deep visibility requires an exact-query and family-overlap decision before any retarget, merge or canonical change."
expansion757,pet,recovery,microchip-pet-doors,buying,microchip-pet-doors-buying-guide,Microchip Pet Doors Buying Guide,https://pets.madabase.com/guides/microchip-pet-doors-buying-guide,0,0,0%,,zero-impression,family-merge-or-demand-review,hold,2026-08-23,"The URL has zero impressions and belongs to a site hit by the update; review family overlap, real demand and canonical choice at Day 14 without deleting it during rollout."
expansion757,pet,recovery,microchip-pet-doors,comparison,microchip-pet-doors-vs-alternatives,Microchip Pet Doors vs. collar-tag electronic doors,https://pets.madabase.com/guides/microchip-pet-doors-vs-alternatives,0,2,0%,8.5,top-10,protect-emerging-ranking,hold,now-protection-only,The page has an emerging top-ten position; preserve its exact intent and supporting path during rollout.
expansion757,pet,recovery,microchip-pet-doors,fit,microchip-pet-doors-compatibility-and-fit-guide,Microchip Pet Doors: Compatibility and Fit Guide,https://pets.madabase.com/guides/microchip-pet-doors-compatibility-and-fit-guide,0,0,0%,,zero-impression,family-merge-or-demand-review,hold,2026-08-23,"The URL has zero impressions and belongs to a site hit by the update; review family overlap, real demand and canonical choice at Day 14 without deleting it during rollout."
expansion757,pet,recovery,microchip-pet-doors,ownership,microchip-pet-doors-ownership-cost-and-maintenance,Microchip Pet Doors: Ownership Cost and Maintenance,https://pets.madabase.com/guides/microchip-pet-doors-ownership-cost-and-maintenance,0,0,0%,,zero-impression,family-merge-or-demand-review,hold,2026-08-23,"The URL has zero impressions and belongs to a site hit by the update; review family overlap, real demand and canonical choice at Day 14 without deleting it during rollout."
expansion757,pet,recovery,microchip-pet-doors,workflow,microchip-pet-doors-setup-and-daily-workflow,Microchip Pet Doors: Setup and Daily Workflow,https://pets.madabase.com/guides/microchip-pet-doors-setup-and-daily-workflow,0,0,0%,,zero-impression,family-merge-or-demand-review,hold,2026-08-23,"The URL has zero impressions and belongs to a site hit by the update; review family overlap, real demand and canonical choice at Day 14 without deleting it during rollout."
expansion757,pet,recovery,motorized-smart-pet-doors,buying,motorized-smart-pet-doors-buying-guide,Motorized Smart Pet Doors Buying Guide,https://pets.madabase.com/guides/motorized-smart-pet-doors-buying-guide,0,1,0%,9,top-10,protect-emerging-ranking,hold,now-protection-only,The page has an emerging top-ten position; preserve its exact intent and supporting path during rollout.
expansion757,pet,recovery,motorized-smart-pet-doors,comparison,motorized-smart-pet-doors-vs-alternatives,Motorized Smart Pet Doors vs. standard flap doors,https://pets.madabase.com/guides/motorized-smart-pet-doors-vs-alternatives,0,1,0%,6,top-10,protect-emerging-ranking,hold,now-protection-only,The page has an emerging top-ten position; preserve its exact intent and supporting path during rollout.
expansion757,pet,recovery,motorized-smart-pet-doors,fit,motorized-smart-pet-doors-compatibility-and-fit-guide,Motorized Smart Pet Doors: Compatibility and Fit Guide,https://pets.madabase.com/guides/motorized-smart-pet-doors-compatibility-and-fit-guide,0,1,0%,8,top-10,protect-emerging-ranking,hold,now-protection-only,The page has an emerging top-ten position; preserve its exact intent and supporting path during rollout.
expansion757,pet,recovery,motorized-smart-pet-doors,ownership,motorized-smart-pet-doors-ownership-cost-and-maintenance,Motorized Smart Pet Doors: Ownership Cost and Maintenance,https://pets.madabase.com/guides/motorized-smart-pet-doors-ownership-cost-and-maintenance,0,1,0%,5,top-10,protect-emerging-ranking,hold,now-protection-only,The page has an emerging top-ten position; preserve its exact intent and supporting path during rollout.
expansion757,pet,recovery,motorized-smart-pet-doors,workflow,motorized-smart-pet-doors-setup-and-daily-workflow,Motorized Smart Pet Doors: Setup and Daily Workflow,https://pets.madabase.com/guides/motorized-smart-pet-doors-setup-and-daily-workflow,0,2,0%,5.5,top-10,protect-emerging-ranking,hold,now-protection-only,The page has an emerging top-ten position; preserve its exact intent and supporting path during rollout.
expansion757,pet,recovery,treat-dispensing-pet-cameras,buying,treat-dispensing-pet-cameras-buying-guide,Treat-dispensing Pet Cameras Buying Guide,https://pets.madabase.com/guides/treat-dispensing-pet-cameras-buying-guide,0,1,0%,10,top-10,protect-emerging-ranking,hold,now-protection-only,The page has an emerging top-ten position; preserve its exact intent and supporting path during rollout.
expansion757,pet,recovery,treat-dispensing-pet-cameras,comparison,treat-dispensing-pet-cameras-vs-alternatives,Treat-dispensing Pet Cameras vs. general indoor cameras,https://pets.madabase.com/guides/treat-dispensing-pet-cameras-vs-alternatives,0,0,0%,,zero-impression,family-merge-or-demand-review,hold,2026-08-23,"The URL has zero impressions and belongs to a site hit by the update; review family overlap, real demand and canonical choice at Day 14 without deleting it during rollout."
expansion757,pet,recovery,treat-dispensing-pet-cameras,fit,treat-dispensing-pet-cameras-compatibility-and-fit-guide,Treat-dispensing Pet Cameras: Compatibility and Fit Guide,https://pets.madabase.com/guides/treat-dispensing-pet-cameras-compatibility-and-fit-guide,0,1,0%,8,top-10,protect-emerging-ranking,hold,now-protection-only,The page has an emerging top-ten position; preserve its exact intent and supporting path during rollout.
expansion757,pet,recovery,treat-dispensing-pet-cameras,ownership,treat-dispensing-pet-cameras-ownership-cost-and-maintenance,Treat-dispensing Pet Cameras: Ownership Cost and Maintenance,https://pets.madabase.com/guides/treat-dispensing-pet-cameras-ownership-cost-and-maintenance,0,0,0%,,zero-impression,family-merge-or-demand-review,hold,2026-08-23,"The URL has zero impressions and belongs to a site hit by the update; review family overlap, real demand and canonical choice at Day 14 without deleting it during rollout."
expansion757,pet,recovery,treat-dispensing-pet-cameras,workflow,treat-dispensing-pet-cameras-setup-and-daily-workflow,Treat-dispensing Pet Cameras: Setup and Daily Workflow,https://pets.madabase.com/guides/treat-dispensing-pet-cameras-setup-and-daily-workflow,0,2,0%,7,top-10,protect-emerging-ranking,hold,now-protection-only,The page has an emerging top-ten position; preserve its exact intent and supporting path during rollout.
expansion757,pet,recovery,open-top-self-cleaning-litter-boxes,buying,open-top-self-cleaning-litter-boxes-buying-guide,Open-top self-cleaning Litter Boxes Buying Guide,https://pets.madabase.com/guides/open-top-self-cleaning-litter-boxes-buying-guide,0,1,0%,11,position-11-20,strengthen-evidence-after-rollout,hold,rollout-complete-plus-3-days,The page is within reach of page one; only evidence-backed internal support is justified after the comparison gate.
expansion757,pet,recovery,open-top-self-cleaning-litter-boxes,comparison,open-top-self-cleaning-litter-boxes-vs-alternatives,Open-top self-cleaning Litter Boxes vs. enclosed automatic litter boxes,https://pets.madabase.com/guides/open-top-self-cleaning-litter-boxes-vs-alternatives,0,3,0%,8.67,top-10,protect-emerging-ranking,hold,now-protection-only,The page has an emerging top-ten position; preserve its exact intent and supporting path during rollout.
expansion757,pet,recovery,open-top-self-cleaning-litter-boxes,fit,open-top-self-cleaning-litter-boxes-compatibility-and-fit-guide,Open-top self-cleaning Litter Boxes: Compatibility and Fit Guide,https://pets.madabase.com/guides/open-top-self-cleaning-litter-boxes-compatibility-and-fit-guide,0,5,0%,11,position-11-20,strengthen-evidence-after-rollout,hold,rollout-complete-plus-3-days,The page is within reach of page one; only evidence-backed internal support is justified after the comparison gate.
expansion757,pet,recovery,open-top-self-cleaning-litter-boxes,ownership,open-top-self-cleaning-litter-boxes-ownership-cost-and-maintenance,Open-top self-cleaning Litter Boxes: Ownership Cost and Maintenance,https://pets.madabase.com/guides/open-top-self-cleaning-litter-boxes-ownership-cost-and-maintenance,0,3,0%,8.67,top-10,protect-emerging-ranking,hold,now-protection-only,The page has an emerging top-ten position; preserve its exact intent and supporting path during rollout.
expansion757,pet,recovery,open-top-self-cleaning-litter-boxes,workflow,open-top-self-cleaning-litter-boxes-setup-and-daily-workflow,Open-top self-cleaning Litter Boxes: Setup and Daily Workflow,https://pets.madabase.com/guides/open-top-self-cleaning-litter-boxes-setup-and-daily-workflow,1,3,33.33%,6,top-10,protect-click-bearing-intent,hold,now-protection-only,The exact URL earned at least one click in the complete cohort window; avoid title or canonical churn during the update.
expansion757,pet,recovery,top-entry-litter-boxes,buying,top-entry-litter-boxes-buying-guide,Top-entry Litter Boxes Buying Guide,https://pets.madabase.com/guides/top-entry-litter-boxes-buying-guide,0,1,0%,96,position-40-plus,retarget-or-merge-review,hold,rollout-complete-plus-3-days,"Deep visibility requires an exact-query and family-overlap decision before any retarget, merge or canonical change."
expansion757,pet,recovery,top-entry-litter-boxes,comparison,top-entry-litter-boxes-vs-alternatives,Top-entry Litter Boxes vs. front-entry litter boxes,https://pets.madabase.com/guides/top-entry-litter-boxes-vs-alternatives,0,2,0%,67.5,position-40-plus,retarget-or-merge-review,hold,rollout-complete-plus-3-days,"Deep visibility requires an exact-query and family-overlap decision before any retarget, merge or canonical change."
expansion757,pet,recovery,top-entry-litter-boxes,fit,top-entry-litter-boxes-compatibility-and-fit-guide,Top-entry Litter Boxes: Compatibility and Fit Guide,https://pets.madabase.com/guides/top-entry-litter-boxes-compatibility-and-fit-guide,0,0,0%,,zero-impression,family-merge-or-demand-review,hold,2026-08-23,"The URL has zero impressions and belongs to a site hit by the update; review family overlap, real demand and canonical choice at Day 14 without deleting it during rollout."
expansion757,pet,recovery,top-entry-litter-boxes,ownership,top-entry-litter-boxes-ownership-cost-and-maintenance,Top-entry Litter Boxes: Ownership Cost and Maintenance,https://pets.madabase.com/guides/top-entry-litter-boxes-ownership-cost-and-maintenance,0,1,0%,91,position-40-plus,retarget-or-merge-review,hold,rollout-complete-plus-3-days,"Deep visibility requires an exact-query and family-overlap decision before any retarget, merge or canonical change."
expansion757,pet,recovery,top-entry-litter-boxes,workflow,top-entry-litter-boxes-setup-and-daily-workflow,Top-entry Litter Boxes: Setup and Daily Workflow,https://pets.madabase.com/guides/top-entry-litter-boxes-setup-and-daily-workflow,0,0,0%,,zero-impression,family-merge-or-demand-review,hold,2026-08-23,"The URL has zero impressions and belongs to a site hit by the update; review family overlap, real demand and canonical choice at Day 14 without deleting it during rollout."
expansion757,pet,recovery,cat-litter-mats,buying,cat-litter-mats-buying-guide,Cat Litter Mats Buying Guide,https://pets.madabase.com/guides/cat-litter-mats-buying-guide,0,0,0%,,zero-impression,family-merge-or-demand-review,hold,2026-08-23,"The URL has zero impressions and belongs to a site hit by the update; review family overlap, real demand and canonical choice at Day 14 without deleting it during rollout."
expansion757,pet,recovery,cat-litter-mats,comparison,cat-litter-mats-vs-alternatives,Cat Litter Mats vs. washable floor runners,https://pets.madabase.com/guides/cat-litter-mats-vs-alternatives,0,0,0%,,zero-impression,family-merge-or-demand-review,hold,2026-08-23,"The URL has zero impressions and belongs to a site hit by the update; review family overlap, real demand and canonical choice at Day 14 without deleting it during rollout."
expansion757,pet,recovery,cat-litter-mats,fit,cat-litter-mats-compatibility-and-fit-guide,Cat Litter Mats: Compatibility and Fit Guide,https://pets.madabase.com/guides/cat-litter-mats-compatibility-and-fit-guide,0,0,0%,,zero-impression,family-merge-or-demand-review,hold,2026-08-23,"The URL has zero impressions and belongs to a site hit by the update; review family overlap, real demand and canonical choice at Day 14 without deleting it during rollout."
expansion757,pet,recovery,cat-litter-mats,ownership,cat-litter-mats-ownership-cost-and-maintenance,Cat Litter Mats: Ownership Cost and Maintenance,https://pets.madabase.com/guides/cat-litter-mats-ownership-cost-and-maintenance,0,0,0%,,zero-impression,family-merge-or-demand-review,hold,2026-08-23,"The URL has zero impressions and belongs to a site hit by the update; review family overlap, real demand and canonical choice at Day 14 without deleting it during rollout."
expansion757,pet,recovery,cat-litter-mats,workflow,cat-litter-mats-setup-and-daily-workflow,Cat Litter Mats: Setup and Daily Workflow,https://pets.madabase.com/guides/cat-litter-mats-setup-and-daily-workflow,0,0,0%,,zero-impression,family-merge-or-demand-review,hold,2026-08-23,"The URL has zero impressions and belongs to a site hit by the update; review family overlap, real demand and canonical choice at Day 14 without deleting it during rollout."
expansion757,pet,recovery,pet-hair-vacuum-tools,buying,pet-hair-vacuum-tools-buying-guide,Pet-hair Vacuum Tools Buying Guide,https://pets.madabase.com/guides/pet-hair-vacuum-tools-buying-guide,0,0,0%,,zero-impression,family-merge-or-demand-review,hold,2026-08-23,"The URL has zero impressions and belongs to a site hit by the update; review family overlap, real demand and canonical choice at Day 14 without deleting it during rollout."
expansion757,pet,recovery,pet-hair-vacuum-tools,comparison,pet-hair-vacuum-tools-vs-alternatives,Pet-hair Vacuum Tools vs. manual rollers and brushes,https://pets.madabase.com/guides/pet-hair-vacuum-tools-vs-alternatives,0,0,0%,,zero-impression,family-merge-or-demand-review,hold,2026-08-23,"The URL has zero impressions and belongs to a site hit by the update; review family overlap, real demand and canonical choice at Day 14 without deleting it during rollout."
expansion757,pet,recovery,pet-hair-vacuum-tools,fit,pet-hair-vacuum-tools-compatibility-and-fit-guide,Pet-hair Vacuum Tools: Compatibility and Fit Guide,https://pets.madabase.com/guides/pet-hair-vacuum-tools-compatibility-and-fit-guide,0,0,0%,,zero-impression,family-merge-or-demand-review,hold,2026-08-23,"The URL has zero impressions and belongs to a site hit by the update; review family overlap, real demand and canonical choice at Day 14 without deleting it during rollout."
expansion757,pet,recovery,pet-hair-vacuum-tools,ownership,pet-hair-vacuum-tools-ownership-cost-and-maintenance,Pet-hair Vacuum Tools: Ownership Cost and Maintenance,https://pets.madabase.com/guides/pet-hair-vacuum-tools-ownership-cost-and-maintenance,0,0,0%,,zero-impression,family-merge-or-demand-review,hold,2026-08-23,"The URL has zero impressions and belongs to a site hit by the update; review family overlap, real demand and canonical choice at Day 14 without deleting it during rollout."
expansion757,pet,recovery,pet-hair-vacuum-tools,workflow,pet-hair-vacuum-tools-setup-and-daily-workflow,Pet-hair Vacuum Tools: Setup and Daily Workflow,https://pets.madabase.com/guides/pet-hair-vacuum-tools-setup-and-daily-workflow,0,0,0%,,zero-impression,family-merge-or-demand-review,hold,2026-08-23,"The URL has zero impressions and belongs to a site hit by the update; review family overlap, real demand and canonical choice at Day 14 without deleting it during rollout."
expansion757,pet,recovery,pet-hair-clippers,buying,pet-hair-clippers-buying-guide,Pet Hair Clippers Buying Guide,https://pets.madabase.com/guides/pet-hair-clippers-buying-guide,0,0,0%,,zero-impression,family-merge-or-demand-review,hold,2026-08-23,"The URL has zero impressions and belongs to a site hit by the update; review family overlap, real demand and canonical choice at Day 14 without deleting it during rollout."
expansion757,pet,recovery,pet-hair-clippers,comparison,pet-hair-clippers-vs-alternatives,Pet Hair Clippers vs. professional grooming,https://pets.madabase.com/guides/pet-hair-clippers-vs-alternatives,0,0,0%,,zero-impression,family-merge-or-demand-review,hold,2026-08-23,"The URL has zero impressions and belongs to a site hit by the update; review family overlap, real demand and canonical choice at Day 14 without deleting it during rollout."
expansion757,pet,recovery,pet-hair-clippers,fit,pet-hair-clippers-compatibility-and-fit-guide,Pet Hair Clippers: Compatibility and Fit Guide,https://pets.madabase.com/guides/pet-hair-clippers-compatibility-and-fit-guide,0,2,0%,7.5,top-10,protect-emerging-ranking,hold,now-protection-only,The page has an emerging top-ten position; preserve its exact intent and supporting path during rollout.
expansion757,pet,recovery,pet-hair-clippers,ownership,pet-hair-clippers-ownership-cost-and-maintenance,Pet Hair Clippers: Ownership Cost and Maintenance,https://pets.madabase.com/guides/pet-hair-clippers-ownership-cost-and-maintenance,0,0,0%,,zero-impression,family-merge-or-demand-review,hold,2026-08-23,"The URL has zero impressions and belongs to a site hit by the update; review family overlap, real demand and canonical choice at Day 14 without deleting it during rollout."
expansion757,pet,recovery,pet-hair-clippers,workflow,pet-hair-clippers-setup-and-daily-workflow,Pet Hair Clippers: Setup and Daily Workflow,https://pets.madabase.com/guides/pet-hair-clippers-setup-and-daily-workflow,0,3,0%,5.67,top-10,protect-emerging-ranking,hold,now-protection-only,The page has an emerging top-ten position; preserve its exact intent and supporting path during rollout.
expansion757,pet,recovery,pet-nail-grinders,buying,pet-nail-grinders-buying-guide,Pet Nail Grinders Buying Guide,https://pets.madabase.com/guides/pet-nail-grinders-buying-guide,0,0,0%,,zero-impression,family-merge-or-demand-review,hold,2026-08-23,"The URL has zero impressions and belongs to a site hit by the update; review family overlap, real demand and canonical choice at Day 14 without deleting it during rollout."
expansion757,pet,recovery,pet-nail-grinders,comparison,pet-nail-grinders-vs-alternatives,Pet Nail Grinders vs. pet nail clippers,https://pets.madabase.com/guides/pet-nail-grinders-vs-alternatives,0,0,0%,,zero-impression,family-merge-or-demand-review,hold,2026-08-23,"The URL has zero impressions and belongs to a site hit by the update; review family overlap, real demand and canonical choice at Day 14 without deleting it during rollout."
expansion757,pet,recovery,pet-nail-grinders,fit,pet-nail-grinders-compatibility-and-fit-guide,Pet Nail Grinders: Compatibility and Fit Guide,https://pets.madabase.com/guides/pet-nail-grinders-compatibility-and-fit-guide,0,0,0%,,zero-impression,family-merge-or-demand-review,hold,2026-08-23,"The URL has zero impressions and belongs to a site hit by the update; review family overlap, real demand and canonical choice at Day 14 without deleting it during rollout."
expansion757,pet,recovery,pet-nail-grinders,ownership,pet-nail-grinders-ownership-cost-and-maintenance,Pet Nail Grinders: Ownership Cost and Maintenance,https://pets.madabase.com/guides/pet-nail-grinders-ownership-cost-and-maintenance,0,3,0%,12.67,position-11-20,strengthen-evidence-after-rollout,hold,rollout-complete-plus-3-days,The page is within reach of page one; only evidence-backed internal support is justified after the comparison gate.
expansion757,pet,recovery,pet-nail-grinders,workflow,pet-nail-grinders-setup-and-daily-workflow,Pet Nail Grinders: Setup and Daily Workflow,https://pets.madabase.com/guides/pet-nail-grinders-setup-and-daily-workflow,0,3,0%,50.33,position-40-plus,retarget-or-merge-review,hold,rollout-complete-plus-3-days,"Deep visibility requires an exact-query and family-overlap decision before any retarget, merge or canonical change."
expansion757,pet,recovery,pet-dryers,buying,pet-dryers-buying-guide,Pet Dryers Buying Guide,https://pets.madabase.com/guides/pet-dryers-buying-guide,0,0,0%,,zero-impression,family-merge-or-demand-review,hold,2026-08-23,"The URL has zero impressions and belongs to a site hit by the update; review family overlap, real demand and canonical choice at Day 14 without deleting it during rollout."
expansion757,pet,recovery,pet-dryers,comparison,pet-dryers-vs-alternatives,Pet Dryers vs. towels and human-safe low-airflow drying,https://pets.madabase.com/guides/pet-dryers-vs-alternatives,0,0,0%,,zero-impression,family-merge-or-demand-review,hold,2026-08-23,"The URL has zero impressions and belongs to a site hit by the update; review family overlap, real demand and canonical choice at Day 14 without deleting it during rollout."
expansion757,pet,recovery,pet-dryers,fit,pet-dryers-compatibility-and-fit-guide,Pet Dryers: Compatibility and Fit Guide,https://pets.madabase.com/guides/pet-dryers-compatibility-and-fit-guide,0,1,0%,19,position-11-20,strengthen-evidence-after-rollout,hold,rollout-complete-plus-3-days,The page is within reach of page one; only evidence-backed internal support is justified after the comparison gate.
expansion757,pet,recovery,pet-dryers,ownership,pet-dryers-ownership-cost-and-maintenance,Pet Dryers: Ownership Cost and Maintenance,https://pets.madabase.com/guides/pet-dryers-ownership-cost-and-maintenance,0,0,0%,,zero-impression,family-merge-or-demand-review,hold,2026-08-23,"The URL has zero impressions and belongs to a site hit by the update; review family overlap, real demand and canonical choice at Day 14 without deleting it during rollout."
expansion757,pet,recovery,pet-dryers,workflow,pet-dryers-setup-and-daily-workflow,Pet Dryers: Setup and Daily Workflow,https://pets.madabase.com/guides/pet-dryers-setup-and-daily-workflow,0,2,0%,24.5,position-21-40,query-fit-and-evidence-review,hold,rollout-complete-plus-3-days,"Mid-pack visibility on an affected host needs exact query-fit review after rollout, not a broad template rewrite."
expansion757,pet,recovery,deshedding-brushes,buying,deshedding-brushes-buying-guide,Deshedding Brushes Buying Guide,https://pets.madabase.com/guides/deshedding-brushes-buying-guide,0,0,0%,,zero-impression,family-merge-or-demand-review,hold,2026-08-23,"The URL has zero impressions and belongs to a site hit by the update; review family overlap, real demand and canonical choice at Day 14 without deleting it during rollout."
expansion757,pet,recovery,deshedding-brushes,comparison,deshedding-brushes-vs-alternatives,Deshedding Brushes vs. grooming vacuum attachments,https://pets.madabase.com/guides/deshedding-brushes-vs-alternatives,0,3,0%,48.33,position-40-plus,retarget-or-merge-review,hold,rollout-complete-plus-3-days,"Deep visibility requires an exact-query and family-overlap decision before any retarget, merge or canonical change."
expansion757,pet,recovery,deshedding-brushes,fit,deshedding-brushes-compatibility-and-fit-guide,Deshedding Brushes: Compatibility and Fit Guide,https://pets.madabase.com/guides/deshedding-brushes-compatibility-and-fit-guide,0,0,0%,,zero-impression,family-merge-or-demand-review,hold,2026-08-23,"The URL has zero impressions and belongs to a site hit by the update; review family overlap, real demand and canonical choice at Day 14 without deleting it during rollout."
expansion757,pet,recovery,deshedding-brushes,ownership,deshedding-brushes-ownership-cost-and-maintenance,Deshedding Brushes: Ownership Cost and Maintenance,https://pets.madabase.com/guides/deshedding-brushes-ownership-cost-and-maintenance,0,0,0%,,zero-impression,family-merge-or-demand-review,hold,2026-08-23,"The URL has zero impressions and belongs to a site hit by the update; review family overlap, real demand and canonical choice at Day 14 without deleting it during rollout."
expansion757,pet,recovery,deshedding-brushes,workflow,deshedding-brushes-setup-and-daily-workflow,Deshedding Brushes: Setup and Daily Workflow,https://pets.madabase.com/guides/deshedding-brushes-setup-and-daily-workflow,0,6,0%,46.17,position-40-plus,retarget-or-merge-review,hold,rollout-complete-plus-3-days,"Deep visibility requires an exact-query and family-overlap decision before any retarget, merge or canonical change."
expansion757,pet,recovery,robot-vacuums-for-pet-hair,buying,robot-vacuums-for-pet-hair-buying-guide,Robot Vacuums for Pet Hair Buying Guide,https://pets.madabase.com/guides/robot-vacuums-for-pet-hair-buying-guide,0,0,0%,,zero-impression,family-merge-or-demand-review,hold,2026-08-23,"The URL has zero impressions and belongs to a site hit by the update; review family overlap, real demand and canonical choice at Day 14 without deleting it during rollout."
expansion757,pet,recovery,robot-vacuums-for-pet-hair,comparison,robot-vacuums-for-pet-hair-vs-alternatives,Robot Vacuums for Pet Hair vs. cordless vacuums,https://pets.madabase.com/guides/robot-vacuums-for-pet-hair-vs-alternatives,0,0,0%,,zero-impression,family-merge-or-demand-review,hold,2026-08-23,"The URL has zero impressions and belongs to a site hit by the update; review family overlap, real demand and canonical choice at Day 14 without deleting it during rollout."
expansion757,pet,recovery,robot-vacuums-for-pet-hair,fit,robot-vacuums-for-pet-hair-compatibility-and-fit-guide,Robot Vacuums for Pet Hair: Compatibility and Fit Guide,https://pets.madabase.com/guides/robot-vacuums-for-pet-hair-compatibility-and-fit-guide,0,0,0%,,zero-impression,family-merge-or-demand-review,hold,2026-08-23,"The URL has zero impressions and belongs to a site hit by the update; review family overlap, real demand and canonical choice at Day 14 without deleting it during rollout."
expansion757,pet,recovery,robot-vacuums-for-pet-hair,ownership,robot-vacuums-for-pet-hair-ownership-cost-and-maintenance,Robot Vacuums for Pet Hair: Ownership Cost and Maintenance,https://pets.madabase.com/guides/robot-vacuums-for-pet-hair-ownership-cost-and-maintenance,0,0,0%,,zero-impression,family-merge-or-demand-review,hold,2026-08-23,"The URL has zero impressions and belongs to a site hit by the update; review family overlap, real demand and canonical choice at Day 14 without deleting it during rollout."
expansion757,pet,recovery,robot-vacuums-for-pet-hair,workflow,robot-vacuums-for-pet-hair-setup-and-daily-workflow,Robot Vacuums for Pet Hair: Setup and Daily Workflow,https://pets.madabase.com/guides/robot-vacuums-for-pet-hair-setup-and-daily-workflow,0,0,0%,,zero-impression,family-merge-or-demand-review,hold,2026-08-23,"The URL has zero impressions and belongs to a site hit by the update; review family overlap, real demand and canonical choice at Day 14 without deleting it during rollout."
expansion757,pet,recovery,pet-stain-carpet-cleaners,buying,pet-stain-carpet-cleaners-buying-guide,Pet-stain Carpet Cleaners Buying Guide,https://pets.madabase.com/guides/pet-stain-carpet-cleaners-buying-guide,0,0,0%,,zero-impression,family-merge-or-demand-review,hold,2026-08-23,"The URL has zero impressions and belongs to a site hit by the update; review family overlap, real demand and canonical choice at Day 14 without deleting it during rollout."
expansion757,pet,recovery,pet-stain-carpet-cleaners,comparison,pet-stain-carpet-cleaners-vs-alternatives,Pet-stain Carpet Cleaners vs. spot extractors or professional cleaning,https://pets.madabase.com/guides/pet-stain-carpet-cleaners-vs-alternatives,0,0,0%,,zero-impression,family-merge-or-demand-review,hold,2026-08-23,"The URL has zero impressions and belongs to a site hit by the update; review family overlap, real demand and canonical choice at Day 14 without deleting it during rollout."
expansion757,pet,recovery,pet-stain-carpet-cleaners,fit,pet-stain-carpet-cleaners-compatibility-and-fit-guide,Pet-stain Carpet Cleaners: Compatibility and Fit Guide,https://pets.madabase.com/guides/pet-stain-carpet-cleaners-compatibility-and-fit-guide,0,0,0%,,zero-impression,family-merge-or-demand-review,hold,2026-08-23,"The URL has zero impressions and belongs to a site hit by the update; review family overlap, real demand and canonical choice at Day 14 without deleting it during rollout."
expansion757,pet,recovery,pet-stain-carpet-cleaners,ownership,pet-stain-carpet-cleaners-ownership-cost-and-maintenance,Pet-stain Carpet Cleaners: Ownership Cost and Maintenance,https://pets.madabase.com/guides/pet-stain-carpet-cleaners-ownership-cost-and-maintenance,0,0,0%,,zero-impression,family-merge-or-demand-review,hold,2026-08-23,"The URL has zero impressions and belongs to a site hit by the update; review family overlap, real demand and canonical choice at Day 14 without deleting it during rollout."
expansion757,pet,recovery,pet-stain-carpet-cleaners,workflow,pet-stain-carpet-cleaners-setup-and-daily-workflow,Pet-stain Carpet Cleaners: Setup and Daily Workflow,https://pets.madabase.com/guides/pet-stain-carpet-cleaners-setup-and-daily-workflow,0,0,0%,,zero-impression,family-merge-or-demand-review,hold,2026-08-23,"The URL has zero impressions and belongs to a site hit by the update; review family overlap, real demand and canonical choice at Day 14 without deleting it during rollout."
expansion757,pet,recovery,cooling-pet-beds,buying,cooling-pet-beds-buying-guide,Cooling Pet Beds Buying Guide,https://pets.madabase.com/guides/cooling-pet-beds-buying-guide,0,0,0%,,zero-impression,family-merge-or-demand-review,hold,2026-08-23,"The URL has zero impressions and belongs to a site hit by the update; review family overlap, real demand and canonical choice at Day 14 without deleting it during rollout."
expansion757,pet,recovery,cooling-pet-beds,comparison,cooling-pet-beds-vs-alternatives,Cooling Pet Beds vs. elevated mesh beds,https://pets.madabase.com/guides/cooling-pet-beds-vs-alternatives,0,0,0%,,zero-impression,family-merge-or-demand-review,hold,2026-08-23,"The URL has zero impressions and belongs to a site hit by the update; review family overlap, real demand and canonical choice at Day 14 without deleting it during rollout."
expansion757,pet,recovery,cooling-pet-beds,fit,cooling-pet-beds-compatibility-and-fit-guide,Cooling Pet Beds: Compatibility and Fit Guide,https://pets.madabase.com/guides/cooling-pet-beds-compatibility-and-fit-guide,0,0,0%,,zero-impression,family-merge-or-demand-review,hold,2026-08-23,"The URL has zero impressions and belongs to a site hit by the update; review family overlap, real demand and canonical choice at Day 14 without deleting it during rollout."
expansion757,pet,recovery,cooling-pet-beds,ownership,cooling-pet-beds-ownership-cost-and-maintenance,Cooling Pet Beds: Ownership Cost and Maintenance,https://pets.madabase.com/guides/cooling-pet-beds-ownership-cost-and-maintenance,0,0,0%,,zero-impression,family-merge-or-demand-review,hold,2026-08-23,"The URL has zero impressions and belongs to a site hit by the update; review family overlap, real demand and canonical choice at Day 14 without deleting it during rollout."
expansion757,pet,recovery,cooling-pet-beds,workflow,cooling-pet-beds-setup-and-daily-workflow,Cooling Pet Beds: Setup and Daily Workflow,https://pets.madabase.com/guides/cooling-pet-beds-setup-and-daily-workflow,0,1,0%,6,top-10,protect-emerging-ranking,hold,now-protection-only,The page has an emerging top-ten position; preserve its exact intent and supporting path during rollout.
expansion757,pet,recovery,washable-orthopedic-pet-beds,buying,washable-orthopedic-pet-beds-buying-guide,Washable Orthopedic Pet Beds Buying Guide,https://pets.madabase.com/guides/washable-orthopedic-pet-beds-buying-guide,0,0,0%,,zero-impression,family-merge-or-demand-review,hold,2026-08-23,"The URL has zero impressions and belongs to a site hit by the update; review family overlap, real demand and canonical choice at Day 14 without deleting it during rollout."
expansion757,pet,recovery,washable-orthopedic-pet-beds,comparison,washable-orthopedic-pet-beds-vs-alternatives,Washable Orthopedic Pet Beds vs. standard foam pet beds,https://pets.madabase.com/guides/washable-orthopedic-pet-beds-vs-alternatives,0,0,0%,,zero-impression,family-merge-or-demand-review,hold,2026-08-23,"The URL has zero impressions and belongs to a site hit by the update; review family overlap, real demand and canonical choice at Day 14 without deleting it during rollout."
expansion757,pet,recovery,washable-orthopedic-pet-beds,fit,washable-orthopedic-pet-beds-compatibility-and-fit-guide,Washable Orthopedic Pet Beds: Compatibility and Fit Guide,https://pets.madabase.com/guides/washable-orthopedic-pet-beds-compatibility-and-fit-guide,0,0,0%,,zero-impression,family-merge-or-demand-review,hold,2026-08-23,"The URL has zero impressions and belongs to a site hit by the update; review family overlap, real demand and canonical choice at Day 14 without deleting it during rollout."
expansion757,pet,recovery,washable-orthopedic-pet-beds,ownership,washable-orthopedic-pet-beds-ownership-cost-and-maintenance,Washable Orthopedic Pet Beds: Ownership Cost and Maintenance,https://pets.madabase.com/guides/washable-orthopedic-pet-beds-ownership-cost-and-maintenance,0,0,0%,,zero-impression,family-merge-or-demand-review,hold,2026-08-23,"The URL has zero impressions and belongs to a site hit by the update; review family overlap, real demand and canonical choice at Day 14 without deleting it during rollout."
expansion757,pet,recovery,washable-orthopedic-pet-beds,workflow,washable-orthopedic-pet-beds-setup-and-daily-workflow,Washable Orthopedic Pet Beds: Setup and Daily Workflow,https://pets.madabase.com/guides/washable-orthopedic-pet-beds-setup-and-daily-workflow,0,0,0%,,zero-impression,family-merge-or-demand-review,hold,2026-08-23,"The URL has zero impressions and belongs to a site hit by the update; review family overlap, real demand and canonical choice at Day 14 without deleting it during rollout."
expansion757,pet,recovery,soft-sided-pet-carriers,buying,soft-sided-pet-carriers-buying-guide,Soft-sided Pet Carriers Buying Guide,https://pets.madabase.com/guides/soft-sided-pet-carriers-buying-guide,0,0,0%,,zero-impression,family-merge-or-demand-review,hold,2026-08-23,"The URL has zero impressions and belongs to a site hit by the update; review family overlap, real demand and canonical choice at Day 14 without deleting it during rollout."
expansion757,pet,recovery,soft-sided-pet-carriers,comparison,soft-sided-pet-carriers-vs-alternatives,Soft-sided Pet Carriers vs. hard-sided crates,https://pets.madabase.com/guides/soft-sided-pet-carriers-vs-alternatives,0,1,0%,55,position-40-plus,retarget-or-merge-review,hold,rollout-complete-plus-3-days,"Deep visibility requires an exact-query and family-overlap decision before any retarget, merge or canonical change."
expansion757,pet,recovery,soft-sided-pet-carriers,fit,soft-sided-pet-carriers-compatibility-and-fit-guide,Soft-sided Pet Carriers: Compatibility and Fit Guide,https://pets.madabase.com/guides/soft-sided-pet-carriers-compatibility-and-fit-guide,0,0,0%,,zero-impression,family-merge-or-demand-review,hold,2026-08-23,"The URL has zero impressions and belongs to a site hit by the update; review family overlap, real demand and canonical choice at Day 14 without deleting it during rollout."
expansion757,pet,recovery,soft-sided-pet-carriers,ownership,soft-sided-pet-carriers-ownership-cost-and-maintenance,Soft-sided Pet Carriers: Ownership Cost and Maintenance,https://pets.madabase.com/guides/soft-sided-pet-carriers-ownership-cost-and-maintenance,0,0,0%,,zero-impression,family-merge-or-demand-review,hold,2026-08-23,"The URL has zero impressions and belongs to a site hit by the update; review family overlap, real demand and canonical choice at Day 14 without deleting it during rollout."
expansion757,pet,recovery,soft-sided-pet-carriers,workflow,soft-sided-pet-carriers-setup-and-daily-workflow,Soft-sided Pet Carriers: Setup and Daily Workflow,https://pets.madabase.com/guides/soft-sided-pet-carriers-setup-and-daily-workflow,0,0,0%,,zero-impression,family-merge-or-demand-review,hold,2026-08-23,"The URL has zero impressions and belongs to a site hit by the update; review family overlap, real demand and canonical choice at Day 14 without deleting it during rollout."
expansion757,pet,recovery,vehicle-pet-restraints,buying,vehicle-pet-restraints-buying-guide,Vehicle Pet Restraints Buying Guide,https://pets.madabase.com/guides/vehicle-pet-restraints-buying-guide,0,0,0%,,zero-impression,family-merge-or-demand-review,hold,2026-08-23,"The URL has zero impressions and belongs to a site hit by the update; review family overlap, real demand and canonical choice at Day 14 without deleting it during rollout."
expansion757,pet,recovery,vehicle-pet-restraints,comparison,vehicle-pet-restraints-vs-alternatives,Vehicle Pet Restraints vs. secured travel crates,https://pets.madabase.com/guides/vehicle-pet-restraints-vs-alternatives,0,0,0%,,zero-impression,family-merge-or-demand-review,hold,2026-08-23,"The URL has zero impressions and belongs to a site hit by the update; review family overlap, real demand and canonical choice at Day 14 without deleting it during rollout."
expansion757,pet,recovery,vehicle-pet-restraints,fit,vehicle-pet-restraints-compatibility-and-fit-guide,Vehicle Pet Restraints: Compatibility and Fit Guide,https://pets.madabase.com/guides/vehicle-pet-restraints-compatibility-and-fit-guide,0,0,0%,,zero-impression,family-merge-or-demand-review,hold,2026-08-23,"The URL has zero impressions and belongs to a site hit by the update; review family overlap, real demand and canonical choice at Day 14 without deleting it during rollout."
expansion757,pet,recovery,vehicle-pet-restraints,ownership,vehicle-pet-restraints-ownership-cost-and-maintenance,Vehicle Pet Restraints: Ownership Cost and Maintenance,https://pets.madabase.com/guides/vehicle-pet-restraints-ownership-cost-and-maintenance,0,0,0%,,zero-impression,family-merge-or-demand-review,hold,2026-08-23,"The URL has zero impressions and belongs to a site hit by the update; review family overlap, real demand and canonical choice at Day 14 without deleting it during rollout."
expansion757,pet,recovery,vehicle-pet-restraints,workflow,vehicle-pet-restraints-setup-and-daily-workflow,Vehicle Pet Restraints: Setup and Daily Workflow,https://pets.madabase.com/guides/vehicle-pet-restraints-setup-and-daily-workflow,0,0,0%,,zero-impression,family-merge-or-demand-review,hold,2026-08-23,"The URL has zero impressions and belongs to a site hit by the update; review family overlap, real demand and canonical choice at Day 14 without deleting it during rollout."
expansion757,pet,recovery,dog-ramps,buying,dog-ramps-buying-guide,Dog Ramps Buying Guide,https://pets.madabase.com/guides/dog-ramps-buying-guide,0,0,0%,,zero-impression,family-merge-or-demand-review,hold,2026-08-23,"The URL has zero impressions and belongs to a site hit by the update; review family overlap, real demand and canonical choice at Day 14 without deleting it during rollout."
expansion757,pet,recovery,dog-ramps,comparison,dog-ramps-vs-alternatives,Dog Ramps vs. pet stairs,https://pets.madabase.com/guides/dog-ramps-vs-alternatives,0,0,0%,,zero-impression,family-merge-or-demand-review,hold,2026-08-23,"The URL has zero impressions and belongs to a site hit by the update; review family overlap, real demand and canonical choice at Day 14 without deleting it during rollout."
expansion757,pet,recovery,dog-ramps,fit,dog-ramps-compatibility-and-fit-guide,Dog Ramps: Compatibility and Fit Guide,https://pets.madabase.com/guides/dog-ramps-compatibility-and-fit-guide,0,3,0%,79,position-40-plus,retarget-or-merge-review,hold,rollout-complete-plus-3-days,"Deep visibility requires an exact-query and family-overlap decision before any retarget, merge or canonical change."
expansion757,pet,recovery,dog-ramps,ownership,dog-ramps-ownership-cost-and-maintenance,Dog Ramps: Ownership Cost and Maintenance,https://pets.madabase.com/guides/dog-ramps-ownership-cost-and-maintenance,0,0,0%,,zero-impression,family-merge-or-demand-review,hold,2026-08-23,"The URL has zero impressions and belongs to a site hit by the update; review family overlap, real demand and canonical choice at Day 14 without deleting it during rollout."
expansion757,pet,recovery,dog-ramps,workflow,dog-ramps-setup-and-daily-workflow,Dog Ramps: Setup and Daily Workflow,https://pets.madabase.com/guides/dog-ramps-setup-and-daily-workflow,0,0,0%,,zero-impression,family-merge-or-demand-review,hold,2026-08-23,"The URL has zero impressions and belongs to a site hit by the update; review family overlap, real demand and canonical choice at Day 14 without deleting it during rollout."
expansion757,pet,recovery,interactive-puzzle-feeders,buying,interactive-puzzle-feeders-buying-guide,Interactive Puzzle Feeders Buying Guide,https://pets.madabase.com/guides/interactive-puzzle-feeders-buying-guide,0,0,0%,,zero-impression,family-merge-or-demand-review,hold,2026-08-23,"The URL has zero impressions and belongs to a site hit by the update; review family overlap, real demand and canonical choice at Day 14 without deleting it during rollout."
expansion757,pet,recovery,interactive-puzzle-feeders,comparison,interactive-puzzle-feeders-vs-alternatives,Interactive Puzzle Feeders vs. slow-feed bowls,https://pets.madabase.com/guides/interactive-puzzle-feeders-vs-alternatives,0,0,0%,,zero-impression,family-merge-or-demand-review,hold,2026-08-23,"The URL has zero impressions and belongs to a site hit by the update; review family overlap, real demand and canonical choice at Day 14 without deleting it during rollout."
expansion757,pet,recovery,interactive-puzzle-feeders,fit,interactive-puzzle-feeders-compatibility-and-fit-guide,Interactive Puzzle Feeders: Compatibility and Fit Guide,https://pets.madabase.com/guides/interactive-puzzle-feeders-compatibility-and-fit-guide,0,0,0%,,zero-impression,family-merge-or-demand-review,hold,2026-08-23,"The URL has zero impressions and belongs to a site hit by the update; review family overlap, real demand and canonical choice at Day 14 without deleting it during rollout."
expansion757,pet,recovery,interactive-puzzle-feeders,ownership,interactive-puzzle-feeders-ownership-cost-and-maintenance,Interactive Puzzle Feeders: Ownership Cost and Maintenance,https://pets.madabase.com/guides/interactive-puzzle-feeders-ownership-cost-and-maintenance,0,0,0%,,zero-impression,family-merge-or-demand-review,hold,2026-08-23,"The URL has zero impressions and belongs to a site hit by the update; review family overlap, real demand and canonical choice at Day 14 without deleting it during rollout."
expansion757,pet,recovery,interactive-puzzle-feeders,workflow,interactive-puzzle-feeders-setup-and-daily-workflow,Interactive Puzzle Feeders: Setup and Daily Workflow,https://pets.madabase.com/guides/interactive-puzzle-feeders-setup-and-daily-workflow,0,0,0%,,zero-impression,family-merge-or-demand-review,hold,2026-08-23,"The URL has zero impressions and belongs to a site hit by the update; review family overlap, real demand and canonical choice at Day 14 without deleting it during rollout."
expansion757,pet,recovery,automatic-ball-launchers,buying,automatic-ball-launchers-buying-guide,Automatic Ball Launchers Buying Guide,https://pets.madabase.com/guides/automatic-ball-launchers-buying-guide,0,0,0%,,zero-impression,family-merge-or-demand-review,hold,2026-08-23,"The URL has zero impressions and belongs to a site hit by the update; review family overlap, real demand and canonical choice at Day 14 without deleting it during rollout."
expansion757,pet,recovery,automatic-ball-launchers,comparison,automatic-ball-launchers-vs-alternatives,Automatic Ball Launchers vs. manual fetch toys,https://pets.madabase.com/guides/automatic-ball-launchers-vs-alternatives,0,0,0%,,zero-impression,family-merge-or-demand-review,hold,2026-08-23,"The URL has zero impressions and belongs to a site hit by the update; review family overlap, real demand and canonical choice at Day 14 without deleting it during rollout."
expansion757,pet,recovery,automatic-ball-launchers,fit,automatic-ball-launchers-compatibility-and-fit-guide,Automatic Ball Launchers: Compatibility and Fit Guide,https://pets.madabase.com/guides/automatic-ball-launchers-compatibility-and-fit-guide,0,1,0%,5,top-10,protect-emerging-ranking,hold,now-protection-only,The page has an emerging top-ten position; preserve its exact intent and supporting path during rollout.
expansion757,pet,recovery,automatic-ball-launchers,ownership,automatic-ball-launchers-ownership-cost-and-maintenance,Automatic Ball Launchers: Ownership Cost and Maintenance,https://pets.madabase.com/guides/automatic-ball-launchers-ownership-cost-and-maintenance,0,1,0%,4,top-10,protect-emerging-ranking,hold,now-protection-only,The page has an emerging top-ten position; preserve its exact intent and supporting path during rollout.
expansion757,pet,recovery,automatic-ball-launchers,workflow,automatic-ball-launchers-setup-and-daily-workflow,Automatic Ball Launchers: Setup and Daily Workflow,https://pets.madabase.com/guides/automatic-ball-launchers-setup-and-daily-workflow,0,0,0%,,zero-impression,family-merge-or-demand-review,hold,2026-08-23,"The URL has zero impressions and belongs to a site hit by the update; review family overlap, real demand and canonical choice at Day 14 without deleting it during rollout."
expansion757,pet,recovery,smart-bird-feeders,buying,smart-bird-feeders-buying-guide,Smart Bird Feeders Buying Guide,https://pets.madabase.com/guides/smart-bird-feeders-buying-guide,0,0,0%,,zero-impression,family-merge-or-demand-review,hold,2026-08-23,"The URL has zero impressions and belongs to a site hit by the update; review family overlap, real demand and canonical choice at Day 14 without deleting it during rollout."
expansion757,pet,recovery,smart-bird-feeders,comparison,smart-bird-feeders-vs-alternatives,Smart Bird Feeders vs. standard wildlife feeders,https://pets.madabase.com/guides/smart-bird-feeders-vs-alternatives,0,1,0%,9,top-10,protect-emerging-ranking,hold,now-protection-only,The page has an emerging top-ten position; preserve its exact intent and supporting path during rollout.
expansion757,pet,recovery,smart-bird-feeders,fit,smart-bird-feeders-compatibility-and-fit-guide,Smart Bird Feeders: Compatibility and Fit Guide,https://pets.madabase.com/guides/smart-bird-feeders-compatibility-and-fit-guide,0,0,0%,,zero-impression,family-merge-or-demand-review,hold,2026-08-23,"The URL has zero impressions and belongs to a site hit by the update; review family overlap, real demand and canonical choice at Day 14 without deleting it during rollout."
expansion757,pet,recovery,smart-bird-feeders,ownership,smart-bird-feeders-ownership-cost-and-maintenance,Smart Bird Feeders: Ownership Cost and Maintenance,https://pets.madabase.com/guides/smart-bird-feeders-ownership-cost-and-maintenance,0,0,0%,,zero-impression,family-merge-or-demand-review,hold,2026-08-23,"The URL has zero impressions and belongs to a site hit by the update; review family overlap, real demand and canonical choice at Day 14 without deleting it during rollout."
expansion757,pet,recovery,smart-bird-feeders,workflow,smart-bird-feeders-setup-and-daily-workflow,Smart Bird Feeders: Setup and Daily Workflow,https://pets.madabase.com/guides/smart-bird-feeders-setup-and-daily-workflow,0,0,0%,,zero-impression,family-merge-or-demand-review,hold,2026-08-23,"The URL has zero impressions and belongs to a site hit by the update; review family overlap, real demand and canonical choice at Day 14 without deleting it during rollout."
expansion757,pet,recovery,automatic-aquarium-feeders,buying,automatic-aquarium-feeders-buying-guide,Automatic Aquarium Feeders Buying Guide,https://pets.madabase.com/guides/automatic-aquarium-feeders-buying-guide,0,0,0%,,zero-impression,family-merge-or-demand-review,hold,2026-08-23,"The URL has zero impressions and belongs to a site hit by the update; review family overlap, real demand and canonical choice at Day 14 without deleting it during rollout."
expansion757,pet,recovery,automatic-aquarium-feeders,comparison,automatic-aquarium-feeders-vs-alternatives,Automatic Aquarium Feeders vs. manual measured feeding,https://pets.madabase.com/guides/automatic-aquarium-feeders-vs-alternatives,0,0,0%,,zero-impression,family-merge-or-demand-review,hold,2026-08-23,"The URL has zero impressions and belongs to a site hit by the update; review family overlap, real demand and canonical choice at Day 14 without deleting it during rollout."
expansion757,pet,recovery,automatic-aquarium-feeders,fit,automatic-aquarium-feeders-compatibility-and-fit-guide,Automatic Aquarium Feeders: Compatibility and Fit Guide,https://pets.madabase.com/guides/automatic-aquarium-feeders-compatibility-and-fit-guide,0,0,0%,,zero-impression,family-merge-or-demand-review,hold,2026-08-23,"The URL has zero impressions and belongs to a site hit by the update; review family overlap, real demand and canonical choice at Day 14 without deleting it during rollout."
expansion757,pet,recovery,automatic-aquarium-feeders,ownership,automatic-aquarium-feeders-ownership-cost-and-maintenance,Automatic Aquarium Feeders: Ownership Cost and Maintenance,https://pets.madabase.com/guides/automatic-aquarium-feeders-ownership-cost-and-maintenance,0,1,0%,30,position-21-40,query-fit-and-evidence-review,hold,rollout-complete-plus-3-days,"Mid-pack visibility on an affected host needs exact query-fit review after rollout, not a broad template rewrite."
expansion757,pet,recovery,automatic-aquarium-feeders,workflow,automatic-aquarium-feeders-setup-and-daily-workflow,Automatic Aquarium Feeders: Setup and Daily Workflow,https://pets.madabase.com/guides/automatic-aquarium-feeders-setup-and-daily-workflow,0,1,0%,20,position-11-20,strengthen-evidence-after-rollout,hold,rollout-complete-plus-3-days,The page is within reach of page one; only evidence-backed internal support is justified after the comparison gate.
expansion757,pet,recovery,aquarium-water-monitors,buying,aquarium-water-monitors-buying-guide,Aquarium Water Monitors Buying Guide,https://pets.madabase.com/guides/aquarium-water-monitors-buying-guide,0,0,0%,,zero-impression,family-merge-or-demand-review,hold,2026-08-23,"The URL has zero impressions and belongs to a site hit by the update; review family overlap, real demand and canonical choice at Day 14 without deleting it during rollout."
expansion757,pet,recovery,aquarium-water-monitors,comparison,aquarium-water-monitors-vs-alternatives,Aquarium Water Monitors vs. manual liquid test kits,https://pets.madabase.com/guides/aquarium-water-monitors-vs-alternatives,0,3,0%,9,top-10,protect-emerging-ranking,hold,now-protection-only,The page has an emerging top-ten position; preserve its exact intent and supporting path during rollout.
expansion757,pet,recovery,aquarium-water-monitors,fit,aquarium-water-monitors-compatibility-and-fit-guide,Aquarium Water Monitors: Compatibility and Fit Guide,https://pets.madabase.com/guides/aquarium-water-monitors-compatibility-and-fit-guide,0,0,0%,,zero-impression,family-merge-or-demand-review,hold,2026-08-23,"The URL has zero impressions and belongs to a site hit by the update; review family overlap, real demand and canonical choice at Day 14 without deleting it during rollout."
expansion757,pet,recovery,aquarium-water-monitors,ownership,aquarium-water-monitors-ownership-cost-and-maintenance,Aquarium Water Monitors: Ownership Cost and Maintenance,https://pets.madabase.com/guides/aquarium-water-monitors-ownership-cost-and-maintenance,0,0,0%,,zero-impression,family-merge-or-demand-review,hold,2026-08-23,"The URL has zero impressions and belongs to a site hit by the update; review family overlap, real demand and canonical choice at Day 14 without deleting it during rollout."
expansion757,pet,recovery,aquarium-water-monitors,workflow,aquarium-water-monitors-setup-and-daily-workflow,Aquarium Water Monitors: Setup and Daily Workflow,https://pets.madabase.com/guides/aquarium-water-monitors-setup-and-daily-workflow,0,3,0%,31.67,position-21-40,query-fit-and-evidence-review,hold,rollout-complete-plus-3-days,"Mid-pack visibility on an affected host needs exact query-fit review after rollout, not a broad template rewrite."
expansion757,costume,observe,high-end-costumes,buying,high-end-costumes-buying-guide,High-end Costumes Buying Guide,https://costumes.madabase.com/guides/high-end-costumes-buying-guide,0,0,0%,,zero-impression,maintenance-or-retirement-review,hold,2026-09-08,The site does not yet have enough search volume to justify rollout-period content changes; decide from the Day-30 cohort gate.
expansion757,costume,observe,high-end-costumes,comparison,high-end-costumes-vs-alternatives,High-end Costumes vs. standard party costumes or rentals,https://costumes.madabase.com/guides/high-end-costumes-vs-alternatives,0,0,0%,,zero-impression,maintenance-or-retirement-review,hold,2026-09-08,The site does not yet have enough search volume to justify rollout-period content changes; decide from the Day-30 cohort gate.
expansion757,costume,observe,high-end-costumes,fit,high-end-costumes-compatibility-and-fit-guide,High-end Costumes: Compatibility and Fit Guide,https://costumes.madabase.com/guides/high-end-costumes-compatibility-and-fit-guide,0,0,0%,,zero-impression,maintenance-or-retirement-review,hold,2026-09-08,The site does not yet have enough search volume to justify rollout-period content changes; decide from the Day-30 cohort gate.
expansion757,costume,observe,high-end-costumes,ownership,high-end-costumes-ownership-cost-and-maintenance,High-end Costumes: Ownership Cost and Maintenance,https://costumes.madabase.com/guides/high-end-costumes-ownership-cost-and-maintenance,0,0,0%,,zero-impression,maintenance-or-retirement-review,hold,2026-09-08,The site does not yet have enough search volume to justify rollout-period content changes; decide from the Day-30 cohort gate.
expansion757,costume,observe,mascot-costumes,buying,mascot-costumes-buying-guide,Mascot Costumes Buying Guide,https://costumes.madabase.com/guides/mascot-costumes-buying-guide,0,0,0%,,zero-impression,maintenance-or-retirement-review,hold,2026-09-08,The site does not yet have enough search volume to justify rollout-period content changes; decide from the Day-30 cohort gate.
expansion757,costume,observe,mascot-costumes,comparison,mascot-costumes-vs-alternatives,Mascot Costumes vs. character masks with separate garments,https://costumes.madabase.com/guides/mascot-costumes-vs-alternatives,0,0,0%,,zero-impression,maintenance-or-retirement-review,hold,2026-09-08,The site does not yet have enough search volume to justify rollout-period content changes; decide from the Day-30 cohort gate.
expansion757,costume,observe,mascot-costumes,fit,mascot-costumes-compatibility-and-fit-guide,Mascot Costumes: Compatibility and Fit Guide,https://costumes.madabase.com/guides/mascot-costumes-compatibility-and-fit-guide,0,0,0%,,zero-impression,maintenance-or-retirement-review,hold,2026-09-08,The site does not yet have enough search volume to justify rollout-period content changes; decide from the Day-30 cohort gate.
expansion757,costume,observe,mascot-costumes,ownership,mascot-costumes-ownership-cost-and-maintenance,Mascot Costumes: Ownership Cost and Maintenance,https://costumes.madabase.com/guides/mascot-costumes-ownership-cost-and-maintenance,0,0,0%,,zero-impression,maintenance-or-retirement-review,hold,2026-09-08,The site does not yet have enough search volume to justify rollout-period content changes; decide from the Day-30 cohort gate.
expansion757,costume,observe,historical-theatrical-costumes,buying,historical-theatrical-costumes-buying-guide,Historical and Theatrical Costumes Buying Guide,https://costumes.madabase.com/guides/historical-theatrical-costumes-buying-guide,0,0,0%,,zero-impression,maintenance-or-retirement-review,hold,2026-09-08,The site does not yet have enough search volume to justify rollout-period content changes; decide from the Day-30 cohort gate.
expansion757,costume,observe,historical-theatrical-costumes,comparison,historical-theatrical-costumes-vs-alternatives,Historical and Theatrical Costumes vs. standard party costumes,https://costumes.madabase.com/guides/historical-theatrical-costumes-vs-alternatives,0,0,0%,,zero-impression,maintenance-or-retirement-review,hold,2026-09-08,The site does not yet have enough search volume to justify rollout-period content changes; decide from the Day-30 cohort gate.
expansion757,costume,observe,historical-theatrical-costumes,fit,historical-theatrical-costumes-compatibility-and-fit-guide,Historical and Theatrical Costumes: Compatibility and Fit Guide,https://costumes.madabase.com/guides/historical-theatrical-costumes-compatibility-and-fit-guide,0,0,0%,,zero-impression,maintenance-or-retirement-review,hold,2026-09-08,The site does not yet have enough search volume to justify rollout-period content changes; decide from the Day-30 cohort gate.
expansion757,costume,observe,historical-theatrical-costumes,ownership,historical-theatrical-costumes-ownership-cost-and-maintenance,Historical and Theatrical Costumes: Ownership Cost and Maintenance,https://costumes.madabase.com/guides/historical-theatrical-costumes-ownership-cost-and-maintenance,0,1,0%,10,top-10,observe-low-sample,hold,2026-09-08,The site does not yet have enough search volume to justify rollout-period content changes; decide from the Day-30 cohort gate.
expansion757,costume,observe,adult-costumes,buying,adult-costumes-buying-guide,Adult Costumes Buying Guide,https://costumes.madabase.com/guides/adult-costumes-buying-guide,0,0,0%,,zero-impression,maintenance-or-retirement-review,hold,2026-09-08,The site does not yet have enough search volume to justify rollout-period content changes; decide from the Day-30 cohort gate.
expansion757,costume,observe,adult-costumes,comparison,adult-costumes-vs-alternatives,Adult Costumes vs. separately assembled character looks,https://costumes.madabase.com/guides/adult-costumes-vs-alternatives,0,0,0%,,zero-impression,maintenance-or-retirement-review,hold,2026-09-08,The site does not yet have enough search volume to justify rollout-period content changes; decide from the Day-30 cohort gate.
expansion757,costume,observe,adult-costumes,fit,adult-costumes-compatibility-and-fit-guide,Adult Costumes: Compatibility and Fit Guide,https://costumes.madabase.com/guides/adult-costumes-compatibility-and-fit-guide,0,0,0%,,zero-impression,maintenance-or-retirement-review,hold,2026-09-08,The site does not yet have enough search volume to justify rollout-period content changes; decide from the Day-30 cohort gate.
expansion757,costume,observe,adult-costumes,ownership,adult-costumes-ownership-cost-and-maintenance,Adult Costumes: Ownership Cost and Maintenance,https://costumes.madabase.com/guides/adult-costumes-ownership-cost-and-maintenance,0,0,0%,,zero-impression,maintenance-or-retirement-review,hold,2026-09-08,The site does not yet have enough search volume to justify rollout-period content changes; decide from the Day-30 cohort gate.
expansion757,costume,observe,child-costumes,buying,child-costumes-buying-guide,Child Costumes Buying Guide,https://costumes.madabase.com/guides/child-costumes-buying-guide,0,0,0%,,zero-impression,maintenance-or-retirement-review,hold,2026-09-08,The site does not yet have enough search volume to justify rollout-period content changes; decide from the Day-30 cohort gate.
expansion757,costume,observe,child-costumes,comparison,child-costumes-vs-alternatives,Child Costumes vs. simple clothing-based dress-up,https://costumes.madabase.com/guides/child-costumes-vs-alternatives,0,0,0%,,zero-impression,maintenance-or-retirement-review,hold,2026-09-08,The site does not yet have enough search volume to justify rollout-period content changes; decide from the Day-30 cohort gate.
expansion757,costume,observe,child-costumes,fit,child-costumes-compatibility-and-fit-guide,Child Costumes: Compatibility and Fit Guide,https://costumes.madabase.com/guides/child-costumes-compatibility-and-fit-guide,0,0,0%,,zero-impression,maintenance-or-retirement-review,hold,2026-09-08,The site does not yet have enough search volume to justify rollout-period content changes; decide from the Day-30 cohort gate.
expansion757,costume,observe,child-costumes,ownership,child-costumes-ownership-cost-and-maintenance,Child Costumes: Ownership Cost and Maintenance,https://costumes.madabase.com/guides/child-costumes-ownership-cost-and-maintenance,0,0,0%,,zero-impression,maintenance-or-retirement-review,hold,2026-09-08,The site does not yet have enough search volume to justify rollout-period content changes; decide from the Day-30 cohort gate.
expansion757,costume,observe,costume-wigs,buying,costume-wigs-buying-guide,Costume Wigs Buying Guide,https://costumes.madabase.com/guides/costume-wigs-buying-guide,0,0,0%,,zero-impression,maintenance-or-retirement-review,hold,2026-09-08,The site does not yet have enough search volume to justify rollout-period content changes; decide from the Day-30 cohort gate.
expansion757,costume,observe,costume-wigs,comparison,costume-wigs-vs-alternatives,Costume Wigs vs. temporary hair color or headpieces,https://costumes.madabase.com/guides/costume-wigs-vs-alternatives,0,0,0%,,zero-impression,maintenance-or-retirement-review,hold,2026-09-08,The site does not yet have enough search volume to justify rollout-period content changes; decide from the Day-30 cohort gate.
expansion757,costume,observe,costume-wigs,fit,costume-wigs-compatibility-and-fit-guide,Costume Wigs: Compatibility and Fit Guide,https://costumes.madabase.com/guides/costume-wigs-compatibility-and-fit-guide,0,0,0%,,zero-impression,maintenance-or-retirement-review,hold,2026-09-08,The site does not yet have enough search volume to justify rollout-period content changes; decide from the Day-30 cohort gate.
expansion757,costume,observe,costume-wigs,ownership,costume-wigs-ownership-cost-and-maintenance,Costume Wigs: Ownership Cost and Maintenance,https://costumes.madabase.com/guides/costume-wigs-ownership-cost-and-maintenance,0,0,0%,,zero-impression,maintenance-or-retirement-review,hold,2026-09-08,The site does not yet have enough search volume to justify rollout-period content changes; decide from the Day-30 cohort gate.
expansion757,costume,observe,masks-and-masquerade,buying,masks-and-masquerade-buying-guide,Masks and Masquerade Masks Buying Guide,https://costumes.madabase.com/guides/masks-and-masquerade-buying-guide,0,0,0%,,zero-impression,maintenance-or-retirement-review,hold,2026-09-08,The site does not yet have enough search volume to justify rollout-period content changes; decide from the Day-30 cohort gate.
expansion757,costume,observe,masks-and-masquerade,comparison,masks-and-masquerade-vs-alternatives,Masks and Masquerade Masks vs. prosthetics or makeup-only transformations,https://costumes.madabase.com/guides/masks-and-masquerade-vs-alternatives,0,0,0%,,zero-impression,maintenance-or-retirement-review,hold,2026-09-08,The site does not yet have enough search volume to justify rollout-period content changes; decide from the Day-30 cohort gate.
expansion757,costume,observe,masks-and-masquerade,fit,masks-and-masquerade-compatibility-and-fit-guide,Masks and Masquerade Masks: Compatibility and Fit Guide,https://costumes.madabase.com/guides/masks-and-masquerade-compatibility-and-fit-guide,0,0,0%,,zero-impression,maintenance-or-retirement-review,hold,2026-09-08,The site does not yet have enough search volume to justify rollout-period content changes; decide from the Day-30 cohort gate.
expansion757,costume,observe,masks-and-masquerade,ownership,masks-and-masquerade-ownership-cost-and-maintenance,Masks and Masquerade Masks: Ownership Cost and Maintenance,https://costumes.madabase.com/guides/masks-and-masquerade-ownership-cost-and-maintenance,0,3,0%,8.33,top-10,observe-low-sample,hold,2026-09-08,The site does not yet have enough search volume to justify rollout-period content changes; decide from the Day-30 cohort gate.
expansion757,costume,observe,prosthetics-special-effects,buying,prosthetics-special-effects-buying-guide,Prosthetics and Special Effects Buying Guide,https://costumes.madabase.com/guides/prosthetics-special-effects-buying-guide,0,0,0%,,zero-impression,maintenance-or-retirement-review,hold,2026-09-08,The site does not yet have enough search volume to justify rollout-period content changes; decide from the Day-30 cohort gate.
expansion757,costume,observe,prosthetics-special-effects,comparison,prosthetics-special-effects-vs-alternatives,Prosthetics and Special Effects vs. full-face masks,https://costumes.madabase.com/guides/prosthetics-special-effects-vs-alternatives,0,0,0%,,zero-impression,maintenance-or-retirement-review,hold,2026-09-08,The site does not yet have enough search volume to justify rollout-period content changes; decide from the Day-30 cohort gate.
expansion757,costume,observe,prosthetics-special-effects,fit,prosthetics-special-effects-compatibility-and-fit-guide,Prosthetics and Special Effects: Compatibility and Fit Guide,https://costumes.madabase.com/guides/prosthetics-special-effects-compatibility-and-fit-guide,0,0,0%,,zero-impression,maintenance-or-retirement-review,hold,2026-09-08,The site does not yet have enough search volume to justify rollout-period content changes; decide from the Day-30 cohort gate.
expansion757,costume,observe,prosthetics-special-effects,ownership,prosthetics-special-effects-ownership-cost-and-maintenance,Prosthetics and Special Effects: Ownership Cost and Maintenance,https://costumes.madabase.com/guides/prosthetics-special-effects-ownership-cost-and-maintenance,0,0,0%,,zero-impression,maintenance-or-retirement-review,hold,2026-09-08,The site does not yet have enough search volume to justify rollout-period content changes; decide from the Day-30 cohort gate.
expansion757,costume,observe,theatrical-face-body-makeup,buying,theatrical-face-body-makeup-buying-guide,Theatrical Face and Body Makeup Buying Guide,https://costumes.madabase.com/guides/theatrical-face-body-makeup-buying-guide,0,0,0%,,zero-impression,maintenance-or-retirement-review,hold,2026-09-08,The site does not yet have enough search volume to justify rollout-period content changes; decide from the Day-30 cohort gate.
expansion757,costume,observe,theatrical-face-body-makeup,comparison,theatrical-face-body-makeup-vs-alternatives,Theatrical Face and Body Makeup vs. masks or ready-made character kits,https://costumes.madabase.com/guides/theatrical-face-body-makeup-vs-alternatives,0,0,0%,,zero-impression,maintenance-or-retirement-review,hold,2026-09-08,The site does not yet have enough search volume to justify rollout-period content changes; decide from the Day-30 cohort gate.
expansion757,costume,observe,theatrical-face-body-makeup,fit,theatrical-face-body-makeup-compatibility-and-fit-guide,Theatrical Face and Body Makeup: Compatibility and Fit Guide,https://costumes.madabase.com/guides/theatrical-face-body-makeup-compatibility-and-fit-guide,0,0,0%,,zero-impression,maintenance-or-retirement-review,hold,2026-09-08,The site does not yet have enough search volume to justify rollout-period content changes; decide from the Day-30 cohort gate.
expansion757,costume,observe,theatrical-face-body-makeup,ownership,theatrical-face-body-makeup-ownership-cost-and-maintenance,Theatrical Face and Body Makeup: Ownership Cost and Maintenance,https://costumes.madabase.com/guides/theatrical-face-body-makeup-ownership-cost-and-maintenance,0,0,0%,,zero-impression,maintenance-or-retirement-review,hold,2026-09-08,The site does not yet have enough search volume to justify rollout-period content changes; decide from the Day-30 cohort gate.
expansion757,costume,observe,props-and-animatronics,buying,props-and-animatronics-buying-guide,Props and Animatronics Buying Guide,https://costumes.madabase.com/guides/props-and-animatronics-buying-guide,0,0,0%,,zero-impression,maintenance-or-retirement-review,hold,2026-09-08,The site does not yet have enough search volume to justify rollout-period content changes; decide from the Day-30 cohort gate.
expansion757,costume,observe,props-and-animatronics,comparison,props-and-animatronics-vs-alternatives,Props and Animatronics vs. compact static decorations,https://costumes.madabase.com/guides/props-and-animatronics-vs-alternatives,0,0,0%,,zero-impression,maintenance-or-retirement-review,hold,2026-09-08,The site does not yet have enough search volume to justify rollout-period content changes; decide from the Day-30 cohort gate.
expansion757,costume,observe,props-and-animatronics,fit,props-and-animatronics-compatibility-and-fit-guide,Props and Animatronics: Compatibility and Fit Guide,https://costumes.madabase.com/guides/props-and-animatronics-compatibility-and-fit-guide,0,0,0%,,zero-impression,maintenance-or-retirement-review,hold,2026-09-08,The site does not yet have enough search volume to justify rollout-period content changes; decide from the Day-30 cohort gate.
expansion757,costume,observe,props-and-animatronics,ownership,props-and-animatronics-ownership-cost-and-maintenance,Props and Animatronics: Ownership Cost and Maintenance,https://costumes.madabase.com/guides/props-and-animatronics-ownership-cost-and-maintenance,0,0,0%,,zero-impression,maintenance-or-retirement-review,hold,2026-09-08,The site does not yet have enough search volume to justify rollout-period content changes; decide from the Day-30 cohort gate.
soft151,network,recovery,bulk-ethernet-cable-reels,guide,bulk-ethernet-cable-reels-buying-guide,"trueCABLE Cat6 Riser (CMR), 1000ft, Black, 23AWG 4 Pair Solid Bare Copper, 550MHz, PoE++ (4PPoE), ETL Listed, Unshielded Twisted Pair (UTP), Bulk Ethernet Cable",https://network.madabase.com/guides/bulk-ethernet-cable-reels-buying-guide,0,0,0%,,zero-impression,hold-post-sitemap-observation,hold,2026-08-27,This URL entered sitemap-backed discovery on August 20; rewriting or resubmitting before its first complete seven-day window would destroy the baseline.
soft151,network,recovery,cloud-managed-access-points,guide,cloud-managed-access-points-buying-guide,"Omada EAP773, WiFi 7 BE11000 Tri-Band Wireless Access Point | 10G Port, Business Standard, Seamless Roaming, Easy Setup, 5-Year Warranty, Omada Remote Managed",https://network.madabase.com/guides/cloud-managed-access-points-buying-guide,0,0,0%,,zero-impression,hold-post-sitemap-observation,hold,2026-08-27,This URL entered sitemap-backed discovery on August 20; rewriting or resubmitting before its first complete seven-day window would destroy the baseline.
soft151,network,recovery,coax-cable-testers,guide,coax-cable-testers-buying-guide,"Coax Cable Tester,Coaxial Cable Tester,Tracer,Coax Repair Kit,Signal,Continuity,Coaxial with Voltage Toner (Sound),Coax Cable Toner,RG6, RG59, CATV Wire Tracer(AAA Battery Included)",https://network.madabase.com/guides/coax-cable-testers-buying-guide,0,0,0%,,zero-impression,hold-post-sitemap-observation,hold,2026-08-27,This URL entered sitemap-backed discovery on August 20; rewriting or resubmitting before its first complete seven-day window would destroy the baseline.
soft151,network,recovery,coax-compression-tools,guide,coax-compression-tools-buying-guide,RG6 Compression Tool Coax Cable Crimper Kit RG6 RG11 RG59 F81 with 20PCS F Compression Connectors - BlueYellow,https://network.madabase.com/guides/coax-compression-tools-buying-guide,0,0,0%,,zero-impression,hold-post-sitemap-observation,hold,2026-08-27,This URL entered sitemap-backed discovery on August 20; rewriting or resubmitting before its first complete seven-day window would destroy the baseline.
soft151,network,recovery,ethernet-inline-couplers,guide,ethernet-inline-couplers-buying-guide,"Jadaol [UL Listed] Shielded 10Gbps Inline RJ45 Coupler 3-Pack, Black | Gold-Plated Contacts Aluminum Alloy Ethernet Extender, PoE Supported Female to Female Adapter for Cat8 Cat7 Cat6a Cat6 Cables",https://network.madabase.com/guides/ethernet-inline-couplers-buying-guide,0,0,0%,,zero-impression,hold-post-sitemap-observation,hold,2026-08-27,This URL entered sitemap-backed discovery on August 20; rewriting or resubmitting before its first complete seven-day window would destroy the baseline.
soft151,network,recovery,ethernet-network-taps,guide,ethernet-network-taps-buying-guide,Dualcomm10/100/1000Base-T Gigabit Ethernet Network TAP [ETAP-2003],https://network.madabase.com/guides/ethernet-network-taps-buying-guide,0,0,0%,,zero-impression,hold-post-sitemap-observation,hold,2026-08-27,This URL entered sitemap-backed discovery on August 20; rewriting or resubmitting before its first complete seven-day window would destroy the baseline.
soft151,network,recovery,fiber-cleaning-kits,guide,fiber-cleaning-kits-buying-guide,Optic Fiber Cleaning Inspection Kits Including 400 Times Fiber Connector Microscope for 1.25/2.5mm FC/SC/ST/LC Connector & 1.25mm/2.5mm Cleaner Pens & Cleaning Cassette (MR-200),https://network.madabase.com/guides/fiber-cleaning-kits-buying-guide,0,0,0%,,zero-impression,hold-post-sitemap-observation,hold,2026-08-27,This URL entered sitemap-backed discovery on August 20; rewriting or resubmitting before its first complete seven-day window would destroy the baseline.
soft151,network,recovery,fiber-optic-patch-cables,guide,fiber-optic-patch-cables-buying-guide,"Yonwide Single Mode Fiber Lc to Lc 2m (6.56 ft) 5 Pack, OS2 Single Mode Fiber Patch Cable Duplex, Singlemode Fiber Optic Cable Lc to Lc, LSZH SM Jumper Cord, Yellow SMF 2 Meter",https://network.madabase.com/guides/fiber-optic-patch-cables-buying-guide,0,0,0%,,zero-impression,hold-post-sitemap-observation,hold,2026-08-27,This URL entered sitemap-backed discovery on August 20; rewriting or resubmitting before its first complete seven-day window would destroy the baseline.
soft151,network,recovery,fiber-optic-power-meters,guide,fiber-optic-power-meters-buying-guide,Mini 4 in 1 Portable Optical Power Meter with Visual Fault Locator 2MV with Network Cable Test Optical Fiber Tester Fiber Optic Power Meter,https://network.madabase.com/guides/fiber-optic-power-meters-buying-guide,0,0,0%,,zero-impression,hold-post-sitemap-observation,hold,2026-08-27,This URL entered sitemap-backed discovery on August 20; rewriting or resubmitting before its first complete seven-day window would destroy the baseline.
soft151,network,recovery,fiber-visual-fault-locators,guide,fiber-visual-fault-locators-buying-guide,"VFL Fiber Optic 50km, Visual Fault Locator Red Light Tester CATV | FC to LC adapter, SM 9/125μm & multimode, CW/pulse modes, for telecom & FTTH, laser pen, (M-50km, Red)",https://network.madabase.com/guides/fiber-visual-fault-locators-buying-guide,0,0,0%,,zero-impression,hold-post-sitemap-observation,hold,2026-08-27,This URL entered sitemap-backed discovery on August 20; rewriting or resubmitting before its first complete seven-day window would destroy the baseline.
soft151,network,recovery,industrial-ethernet-switches,guide,industrial-ethernet-switches-buying-guide,STEAMEMO 5-Port Industrial Ethernet Switch | DIN-Rail Mount | 100Mbps Ports + 1Gbps Switching | -40°C to 70°C Operation | Rugged Metal Housing | Lifetime Protection,https://network.madabase.com/guides/industrial-ethernet-switches-buying-guide,0,0,0%,,zero-impression,hold-post-sitemap-observation,hold,2026-08-27,This URL entered sitemap-backed discovery on August 20; rewriting or resubmitting before its first complete seven-day window would destroy the baseline.
soft151,network,recovery,kvm-over-ip-extenders,guide,kvm-over-ip-extenders-buying-guide,"AV Access 4K HDMI USB KVM Extender TCP/IP Over Single Cat5e/6/6a/7 to 390ft | 1080P@120Hz, Plug & Play, Keyboard & Mouse Over Network, Zero Latency, 3 Ports USB Hub, DIP up to 16 Sets",https://network.madabase.com/guides/kvm-over-ip-extenders-buying-guide,0,0,0%,,zero-impression,hold-post-sitemap-observation,hold,2026-08-27,This URL entered sitemap-backed discovery on August 20; rewriting or resubmitting before its first complete seven-day window would destroy the baseline.
soft151,network,recovery,managed-2-5gbe-switches,guide,managed-2-5gbe-switches-buying-guide,"MokerLink 4 Port 2.5G POE Managed Switch with 2 Port 10G SFP+ Slot, IEEE8023af/at PoE 78W, Mini Size Metal Fanless, Easy Web Managed Network Switch",https://network.madabase.com/guides/managed-2-5gbe-switches-buying-guide,0,0,0%,,zero-impression,hold-post-sitemap-observation,hold,2026-08-27,This URL entered sitemap-backed discovery on August 20; rewriting or resubmitting before its first complete seven-day window would destroy the baseline.
soft151,network,recovery,mini-ups-for-routers,guide,mini-ups-for-routers-buying-guide,"Sorandy Mini UPS Battery Backup Power Supply, Gigabit POE Uninterruptible UPS Power with Router, Modem, Security Camera, Input AC Output USB 5V DC 9V/12V DC 24V/48V POE (1000Mbps) (A)",https://network.madabase.com/guides/mini-ups-for-routers-buying-guide,0,0,0%,,zero-impression,hold-post-sitemap-observation,hold,2026-08-27,This URL entered sitemap-backed discovery on August 20; rewriting or resubmitting before its first complete seven-day window would destroy the baseline.
soft151,network,recovery,network-rack-cooling-fans,guide,network-rack-cooling-fans-buying-guide,"Rack Mount Fan - 4 Fans 1U 19"" w/Adjustable Temperature & Digital Display | 4 fan cooling setup for standard rackmount, high performance for server rack cooling - Tupavco TP1701",https://network.madabase.com/guides/network-rack-cooling-fans-buying-guide,0,0,0%,,zero-impression,hold-post-sitemap-observation,hold,2026-08-27,This URL entered sitemap-backed discovery on August 20; rewriting or resubmitting before its first complete seven-day window would destroy the baseline.
soft151,network,recovery,network-rack-shelves,guide,network-rack-shelves-buying-guide,"Vented 1U Rack Shelf - 10in Deep - 1U Rack Mount Shelf | Universal 19in fit, Network rack and cabinet, SPCC cold-rolled steel, Perforated airflow, Front-mounted tray",https://network.madabase.com/guides/network-rack-shelves-buying-guide,0,0,0%,,zero-impression,hold-post-sitemap-observation,hold,2026-08-27,This URL entered sitemap-backed discovery on August 20; rewriting or resubmitting before its first complete seven-day window would destroy the baseline.
soft151,network,recovery,preterminated-fiber-runs,guide,preterminated-fiber-runs-buying-guide,"FLYPROFiber- Outdoor Single Mode LC to LC Fiber Patch Cable 50M/164ft | Armored, OD-5mm, OS2 9/125μm SMF, Duplex, for 10G/40G/100G, Industrial TPU Uniboot with Pulling Eye, Direct Burial",https://network.madabase.com/guides/preterminated-fiber-runs-buying-guide,0,0,0%,,zero-impression,hold-post-sitemap-observation,hold,2026-08-27,This URL entered sitemap-backed discovery on August 20; rewriting or resubmitting before its first complete seven-day window would destroy the baseline.
soft151,network,recovery,rack-blanking-panels,guide,rack-blanking-panels-buying-guide,"1U Blank Panel Rack Mount Spacer Filler Panel 19"" Black Rack Blanking Blind Panel for Server Network Rack Enclosure Or Cabinet-5pcs (1U-5PCs)",https://network.madabase.com/guides/rack-blanking-panels-buying-guide,0,0,0%,,zero-impression,hold-post-sitemap-observation,hold,2026-08-27,This URL entered sitemap-backed discovery on August 20; rewriting or resubmitting before its first complete seven-day window would destroy the baseline.
soft151,network,recovery,rackmount-network-ups,guide,rackmount-network-ups-buying-guide,"Eaton Tripp Lite BC500RT1ULNC 500VA 1U Rackmount Lithium Cloud UPS 400W LCD | Battery Backup, 6 Outlets, 10.5"" Depth, Uninterruptible Power Supply, 5-Year Manufacturer's Warranty & $250,000 Insurance",https://network.madabase.com/guides/rackmount-network-ups-buying-guide,0,0,0%,,zero-impression,hold-post-sitemap-observation,hold,2026-08-27,This URL entered sitemap-backed discovery on August 20; rewriting or resubmitting before its first complete seven-day window would destroy the baseline.
soft151,network,recovery,serial-device-servers,guide,serial-device-servers-buying-guide,"MOXA NPort 5110-1 Port Serial Device Server, 10/100 Ethernet, RS232, DB9 Male",https://network.madabase.com/guides/serial-device-servers-buying-guide,0,0,0%,,zero-impression,hold-post-sitemap-observation,hold,2026-08-27,This URL entered sitemap-backed discovery on August 20; rewriting or resubmitting before its first complete seven-day window would destroy the baseline.
soft151,network,recovery,sfp28-network-switches,guide,sfp28-network-switches-buying-guide,"MikroTik CRS812-8DS-2DQ-2DDQ-RM – 100G Cloud Router Switch with 8X 25G SFP28, 2X 40G QSFP+, 2X 100G QSFP28, Layer 3 Hardware Offloading, Rackmount",https://network.madabase.com/guides/sfp28-network-switches-buying-guide,0,0,0%,,zero-impression,hold-post-sitemap-observation,hold,2026-08-27,This URL entered sitemap-backed discovery on August 20; rewriting or resubmitting before its first complete seven-day window would destroy the baseline.
soft151,network,recovery,sfp28-transceivers,guide,sfp28-transceivers-buying-guide,"Elfcam - 2 Pack 25G SFP28 SR 850nm Transceiver Module, Compatible with Cisco 25GBASE-SR, 850nm, 100m DOM LC/UPC Duplex Multimode MMF, Pack of 2",https://network.madabase.com/guides/sfp28-transceivers-buying-guide,0,0,0%,,zero-impression,hold-post-sitemap-observation,hold,2026-08-27,This URL entered sitemap-backed discovery on August 20; rewriting or resubmitting before its first complete seven-day window would destroy the baseline.
soft151,network,recovery,wall-plate-access-points,guide,wall-plate-access-points-buying-guide,"Omada EAP235-Wall, AC1200 in-Wall Wireless Gigabit Access Point | MU-MIMO & Beamforming, PoE Powered, Quick Installation, SDN Integrated, Cloud Access & Omada app, White",https://network.madabase.com/guides/wall-plate-access-points-buying-guide,0,0,0%,,zero-impression,hold-post-sitemap-observation,hold,2026-08-27,This URL entered sitemap-backed discovery on August 20; rewriting or resubmitting before its first complete seven-day window would destroy the baseline.
soft151,network,recovery,waterproof-rj45-couplers,guide,waterproof-rj45-couplers-buying-guide,"IP68 Waterproof RJ45 Coupler Cat6(3.48in), 1Gbps/250MHz, 5 Pack | Supports POE, Gold-Plated and Shielded Outdoor Ethernet Coupler for CAT6/CAT5E/CAT5 Network Cables",https://network.madabase.com/guides/waterproof-rj45-couplers-buying-guide,0,0,0%,,zero-impression,hold-post-sitemap-observation,hold,2026-08-27,This URL entered sitemap-backed discovery on August 20; rewriting or resubmitting before its first complete seven-day window would destroy the baseline.
soft151,network,recovery,optical-time-domain-reflectometers,guide,optical-time-domain-reflectometers-buying-guide,"OTDR Fiber Tester, WANLUTECH 1310/1550nm 26/24dB 5.55 inches Touchscreen OTDR Tester Built-in VFL OPM LS(Light Source) Event Map OLT (Optical Loss Test) Functions RJ45 Cable Tester Network Tools",https://network.madabase.com/guides/optical-time-domain-reflectometers-buying-guide,0,0,0%,,zero-impression,hold-post-sitemap-observation,hold,2026-08-27,This URL entered sitemap-backed discovery on August 20; rewriting or resubmitting before its first complete seven-day window would destroy the baseline.
soft151,smarthome,recovery,smart-aroma-diffusers,guide,smart-aroma-diffusers-buying-guide,"Waterless Essential Oil Diffuser, Smart App Controlled Scent Diffuser for Large Room, Covers Up to 4000 Sq Ft, Quiet Aroma Diffuser for Home Hotel Office,360° Ambient Light (Silver, Desktop)",https://smarthome.madabase.com/guides/smart-aroma-diffusers-buying-guide,0,0,0%,,zero-impression,hold-post-sitemap-observation,hold,2026-08-27,This URL entered sitemap-backed discovery on August 20; rewriting or resubmitting before its first complete seven-day window would destroy the baseline.
soft151,smarthome,recovery,smart-bathroom-exhaust-fans,guide,smart-bathroom-exhaust-fans-buying-guide,"Smart Bathroom Exhaust Fan with Light & Bluetooth Speaker, Humidity & Odor Sensor, 3 RGB Dynamic Mode, Adjustable Lighting (0-2600lm,3CCT), 1 Sone Quiet, Easy Install (Grey)",https://smarthome.madabase.com/guides/smart-bathroom-exhaust-fans-buying-guide,0,0,0%,,zero-impression,hold-post-sitemap-observation,hold,2026-08-27,This URL entered sitemap-backed discovery on August 20; rewriting or resubmitting before its first complete seven-day window would destroy the baseline.
soft151,smarthome,recovery,smart-countertop-composters,guide,smart-countertop-composters-buying-guide,"4L Electric Composter for Kitchen, Smart Countertop Compost Bin | Odorless, Low Noise, Auto-Cleaning, Turn Food Waste into Fertilizer, Indoor Food Waste Compost Machine, Black",https://smarthome.madabase.com/guides/smart-countertop-composters-buying-guide,0,0,0%,,zero-impression,hold-post-sitemap-observation,hold,2026-08-27,This URL entered sitemap-backed discovery on August 20; rewriting or resubmitting before its first complete seven-day window would destroy the baseline.
soft151,smarthome,recovery,smart-floor-lamps,guide,smart-floor-lamps-buying-guide,"Smart Floor Lamps for Living Room, RGB+WW Ripple Projector Lamp | App & Button Control, RGB+IC Ambient Side Light & Warm White Reading Light, 66.8 Inch LED Standing Floor Light for Bedroom",https://smarthome.madabase.com/guides/smart-floor-lamps-buying-guide,0,0,0%,,zero-impression,hold-post-sitemap-observation,hold,2026-08-27,This URL entered sitemap-backed discovery on August 20; rewriting or resubmitting before its first complete seven-day window would destroy the baseline.
soft151,smarthome,recovery,smart-floor-vents,guide,smart-floor-vents-buying-guide,"Flair Smart Vent 6x10 (White), AC Vent Cover for Floors, Walls and Ceilings.",https://smarthome.madabase.com/guides/smart-floor-vents-buying-guide,0,0,0%,,zero-impression,hold-post-sitemap-observation,hold,2026-08-27,This URL entered sitemap-backed discovery on August 20; rewriting or resubmitting before its first complete seven-day window would destroy the baseline.
soft151,smarthome,recovery,smart-indoor-gardens,guide,smart-indoor-gardens-buying-guide,"Hydroponic Growing System Kit 16 Pods, Smart Herb Garden with Sprout Mode Can Seedling in Advance & 24W Full Spectrum LED Grow Light, Indoor Garden Planter for Home/Office/School (White)",https://smarthome.madabase.com/guides/smart-indoor-gardens-buying-guide,0,0,0%,,zero-impression,hold-post-sitemap-observation,hold,2026-08-27,This URL entered sitemap-backed discovery on August 20; rewriting or resubmitting before its first complete seven-day window would destroy the baseline.
soft151,smarthome,recovery,smart-ir-rf-remotes,guide,smart-ir-rf-remotes-buying-guide,"RM4 Pro IR/RF Universal Remote Control BroadLink, All-in-One Hub, Code Learning Function, TV, STB, Air Conditioning, Curtain Motor(Support Only RF Fixed Code) Compatible with Alexa.(2.4GHz Wi-Fi Only)",https://smarthome.madabase.com/guides/smart-ir-rf-remotes-buying-guide,0,0,0%,,zero-impression,hold-post-sitemap-observation,hold,2026-08-27,This URL entered sitemap-backed discovery on August 20; rewriting or resubmitting before its first complete seven-day window would destroy the baseline.
soft151,smarthome,recovery,smart-landscape-spotlights,guide,smart-landscape-spotlights-buying-guide,"Smart Landscape Spotlights,Solar Low Voltage IP67 Waterproof Outdoor Spot Lights Compatible with APP/Remote Control Color Changing Lights for Yard Garden Pathway Lawn Tree Festival 2pack",https://smarthome.madabase.com/guides/smart-landscape-spotlights-buying-guide,0,0,0%,,zero-impression,hold-post-sitemap-observation,hold,2026-08-27,This URL entered sitemap-backed discovery on August 20; rewriting or resubmitting before its first complete seven-day window would destroy the baseline.
soft151,smarthome,recovery,smart-lever-locks,guide,smart-lever-locks-buying-guide,Keypad Smart Door Lock with Handle: Kucacci Keyless Entry Door Lock - Smart Lock for Front Door - Electronic Door Lock with Keypad for Exterior Door - Deadbolt Lever Alternative - Easy Installation,https://smarthome.madabase.com/guides/smart-lever-locks-buying-guide,0,0,0%,,zero-impression,hold-post-sitemap-observation,hold,2026-08-27,This URL entered sitemap-backed discovery on August 20; rewriting or resubmitting before its first complete seven-day window would destroy the baseline.
soft151,smarthome,recovery,smart-pathway-lights,guide,smart-pathway-lights-buying-guide,"Pathway Lights,RGBCW Walkway Lights with APP Control,4 Pack | IP65 Waterproof,Low Voltage Landscape Lighting 800LM,Color Changing,for Garden, Yard, Patio,Compatible with Alexa",https://smarthome.madabase.com/guides/smart-pathway-lights-buying-guide,0,0,0%,,zero-impression,hold-post-sitemap-observation,hold,2026-08-27,This URL entered sitemap-backed discovery on August 20; rewriting or resubmitting before its first complete seven-day window would destroy the baseline.
soft151,smarthome,recovery,smart-peephole-cameras,guide,smart-peephole-cameras-buying-guide,"Peephole Camera for Apartment Front Door Doorbell with Monitor | 1080P HD Video Calling, PIR Motion Detection, 120° Night Vision, Cloud/TF Storage, UBOX App",https://smarthome.madabase.com/guides/smart-peephole-cameras-buying-guide,0,0,0%,,zero-impression,hold-post-sitemap-observation,hold,2026-08-27,This URL entered sitemap-backed discovery on August 20; rewriting or resubmitting before its first complete seven-day window would destroy the baseline.
soft151,smarthome,recovery,smart-pool-thermometers,guide,smart-pool-thermometers-buying-guide,"Solar Pool Thermometer, Smart Wireless Digital Pool Thermometer Easy Read, IPX8 Waterproof Water Temperature Monitor for Hot Tub, Bath, Swimming, Pond",https://smarthome.madabase.com/guides/smart-pool-thermometers-buying-guide,0,0,0%,,zero-impression,hold-post-sitemap-observation,hold,2026-08-27,This URL entered sitemap-backed discovery on August 20; rewriting or resubmitting before its first complete seven-day window would destroy the baseline.
soft151,smarthome,recovery,smart-radiator-valves,guide,smart-radiator-valves-buying-guide,"Smart Thermostat Radiator Valve: Programmable Thermostatic Valve, Zigbee Thermostat for Temperature Adjustment, App Control, Tuya Zigbee Hub Required, Compatible with Alexa, Google Home (Black)",https://smarthome.madabase.com/guides/smart-radiator-valves-buying-guide,0,0,0%,,zero-impression,hold-post-sitemap-observation,hold,2026-08-27,This URL entered sitemap-backed discovery on August 20; rewriting or resubmitting before its first complete seven-day window would destroy the baseline.
soft151,smarthome,recovery,smart-recessed-lights,guide,smart-recessed-lights-buying-guide,"24Pack Smart Recessed Lighting 4 Inch RGBCW Color Changing 12W LED Downlight with Junction Box,1080 Lumen Recessed Ceiling Light Compatible with Alexa,Dimmable by Bluetooth Control",https://smarthome.madabase.com/guides/smart-recessed-lights-buying-guide,0,0,0%,,zero-impression,hold-post-sitemap-observation,hold,2026-08-27,This URL entered sitemap-backed discovery on August 20; rewriting or resubmitting before its first complete seven-day window would destroy the baseline.
soft151,smarthome,recovery,smart-sous-vide-cookers,guide,smart-sous-vide-cookers-buying-guide,"Wifi Sous Vide Cooker, Ultra Quiet Immersion Circulator with Water Level Alarm, App Control with 14 Preset Recipes, Calibration & Timer Function,Fast/Stable Heating with Shared Control,1000W",https://smarthome.madabase.com/guides/smart-sous-vide-cookers-buying-guide,0,0,0%,,zero-impression,hold-post-sitemap-observation,hold,2026-08-27,This URL entered sitemap-backed discovery on August 20; rewriting or resubmitting before its first complete seven-day window would destroy the baseline.
soft151,smarthome,recovery,smart-space-heaters,guide,smart-space-heaters-buying-guide,"1500W Smart Electric Space Heater for Indoor Spaces - WiFi/App Control, Remote Included, 24H Timer, 5 Modes for Home, Office, Bedroom, Bathroom Use",https://smarthome.madabase.com/guides/smart-space-heaters-buying-guide,0,0,0%,,zero-impression,hold-post-sitemap-observation,hold,2026-08-27,This URL entered sitemap-backed discovery on August 20; rewriting or resubmitting before its first complete seven-day window would destroy the baseline.
soft151,smarthome,recovery,smart-sump-pump-monitors,guide,smart-sump-pump-monitors-buying-guide,"WiFi Sump Pump Monitor & Protector - No Sensors, Real-Time Alerts to Your Mobile Device: Prevent Pump Burnout, Over-Cycling & Flooding from Power Outage, Remote Control & Overload Protection",https://smarthome.madabase.com/guides/smart-sump-pump-monitors-buying-guide,0,0,0%,,zero-impression,hold-post-sitemap-observation,hold,2026-08-27,This URL entered sitemap-backed discovery on August 20; rewriting or resubmitting before its first complete seven-day window would destroy the baseline.
soft151,smarthome,recovery,smart-table-lamps,guide,smart-table-lamps-buying-guide,"Smart Table Lamp, Dimmable Desk Lamp with App/Voice Control, LED RGB Color Changing Touch Lamp, Night Lamp for Bedroom Compatible with Alexa",https://smarthome.madabase.com/guides/smart-table-lamps-buying-guide,0,0,0%,,zero-impression,hold-post-sitemap-observation,hold,2026-08-27,This URL entered sitemap-backed discovery on August 20; rewriting or resubmitting before its first complete seven-day window would destroy the baseline.
soft151,smarthome,recovery,smart-under-cabinet-lights,guide,smart-under-cabinet-lights-buying-guide,"Smart Under Cabinet Lighting Strip Lights White & Color Changing Dimmable Work with Alexa Google Smart Thing Phone App, RGB Multi Colored Lamp for Kitchen Counter Light Fixture (6 Lights Bar Kit)",https://smarthome.madabase.com/guides/smart-under-cabinet-lights-buying-guide,0,0,0%,,zero-impression,hold-post-sitemap-observation,hold,2026-08-27,This URL entered sitemap-backed discovery on August 20; rewriting or resubmitting before its first complete seven-day window would destroy the baseline.
soft151,smarthome,recovery,smart-wall-control-panels,guide,smart-wall-control-panels-buying-guide,"Brilliant Smart Home Control (2-Switch Panel) — Alexa Built-In & Compatible with Ring, Sonos, Hue, Google Nest, Wemo, SmartThings, Apple HomeKit — In-Wall Touchscreen Control for Lights, Music, & More",https://smarthome.madabase.com/guides/smart-wall-control-panels-buying-guide,0,0,0%,,zero-impression,hold-post-sitemap-observation,hold,2026-08-27,This URL entered sitemap-backed discovery on August 20; rewriting or resubmitting before its first complete seven-day window would destroy the baseline.
soft151,smarthome,recovery,smart-coffee-makers,guide,smart-coffee-makers-buying-guide,"Keurig K-Supreme SMART Single Serve Coffee Maker With WiFi Compatibility, 4 Brew Sizes, And 66oz Removable Reservoir, Compatible with Alexa, White",https://smarthome.madabase.com/guides/smart-coffee-makers-buying-guide,0,0,0%,,zero-impression,hold-post-sitemap-observation,hold,2026-08-27,This URL entered sitemap-backed discovery on August 20; rewriting or resubmitting before its first complete seven-day window would destroy the baseline.
soft151,smarthome,recovery,smart-glass-break-sensors,guide,smart-glass-break-sensors-buying-guide,Ring Alarm Glass Break Sensor – 1-pack,https://smarthome.madabase.com/guides/smart-glass-break-sensors-buying-guide,0,0,0%,,zero-impression,hold-post-sitemap-observation,hold,2026-08-27,This URL entered sitemap-backed discovery on August 20; rewriting or resubmitting before its first complete seven-day window would destroy the baseline.
soft151,smarthome,recovery,smart-propane-tank-monitors,guide,smart-propane-tank-monitors-buying-guide,"Mopeka Pro Check Bluetooth Propane Tank Sensor, Magnetic, 250 Gallon Max | Bottom-Mount Unit Fits Steel LPG Cylinders, Includes Spacers for 20, 30 and 40 lb Sizes and Uses a Replaceable CR2032 Cell",https://smarthome.madabase.com/guides/smart-propane-tank-monitors-buying-guide,0,0,0%,,zero-impression,hold-post-sitemap-observation,hold,2026-08-27,This URL entered sitemap-backed discovery on August 20; rewriting or resubmitting before its first complete seven-day window would destroy the baseline.
soft151,smarthome,recovery,smart-slow-cookers,guide,smart-slow-cookers-buying-guide,"Crock-Pot 6 Quart Programmable Slow Cooker and Food Warmer Works with Alexa, Stainless Steel (2139005)",https://smarthome.madabase.com/guides/smart-slow-cookers-buying-guide,0,0,0%,,zero-impression,hold-post-sitemap-observation,hold,2026-08-27,This URL entered sitemap-backed discovery on August 20; rewriting or resubmitting before its first complete seven-day window would destroy the baseline.
soft151,smarthome,recovery,smart-vibration-sensors,guide,smart-vibration-sensors-buying-guide,"Aqara Zigbee Vibration Sensor, Wireless Mini Glass Break Detector | For Alarm System, Home Automation, Requires Aqara Hub (not 3rd-Party), Compatible with HomeKit, Alexa, IFTTT, Home Assistant",https://smarthome.madabase.com/guides/smart-vibration-sensors-buying-guide,0,0,0%,,zero-impression,hold-post-sitemap-observation,hold,2026-08-27,This URL entered sitemap-backed discovery on August 20; rewriting or resubmitting before its first complete seven-day window would destroy the baseline.
soft151,homeoffice,protect,acoustic-desk-dividers,guide,acoustic-desk-dividers-buying-guide,"4 Pack Acoustic Desk Dividers Desk Partition (Dark Gray) | 24"" x 20"" Freestanding Privacy Panels Set, Noise-Reducing Design Cubicle Sound Proof, Ideal for Office, Classroom, and Home",https://homeoffice.madabase.com/guides/acoustic-desk-dividers-buying-guide,0,0,0%,,zero-impression,hold-post-sitemap-observation,hold,2026-08-27,This URL entered sitemap-backed discovery on August 20; rewriting or resubmitting before its first complete seven-day window would destroy the baseline.
soft151,homeoffice,protect,active-sitting-stools,guide,active-sitting-stools-buying-guide,Tervo Model W - Wobble Stool - Ergonomic Standing Desk Chair - Sit Active | Height adjustable sit to stand balance chair for adults. Ergonomic tilting standing desk stool for office active sitting,https://homeoffice.madabase.com/guides/active-sitting-stools-buying-guide,0,0,0%,,zero-impression,hold-post-sitemap-observation,hold,2026-08-27,This URL entered sitemap-backed discovery on August 20; rewriting or resubmitting before its first complete seven-day window would destroy the baseline.
soft151,homeoffice,protect,compact-color-inkjet-printers,guide,compact-color-inkjet-printers-buying-guide,"Canon PIXMA TS6520 Wireless Color Inkjet Printer Duplex Printing, White – Home Printer with Copier/Scanner, 1.42” OLED Display, Intuitive Control Panel, Compact Design | Copier/Scanner, 1.42' OLED Display, Intuitive Control Panel, Compact Design, Duplex Printing",https://homeoffice.madabase.com/guides/compact-color-inkjet-printers-buying-guide,0,0,0%,,zero-impression,hold-post-sitemap-observation,hold,2026-08-27,This URL entered sitemap-backed discovery on August 20; rewriting or resubmitting before its first complete seven-day window would destroy the baseline.
soft151,homeoffice,protect,conference-speakerphones,guide,conference-speakerphones-buying-guide,"EMEET M0 Plus Conference Speaker and Microphone, 4 Mics 360° Voice Pickup | Noise Reduction, USB C&C-to-A Adapter, Bluetooth Speakerphone for 8 People w/Daisy Chain for 16, Works with Leading Software",https://homeoffice.madabase.com/guides/conference-speakerphones-buying-guide,0,0,0%,,zero-impression,hold-post-sitemap-observation,hold,2026-08-27,This URL entered sitemap-backed discovery on August 20; rewriting or resubmitting before its first complete seven-day window would destroy the baseline.
soft151,homeoffice,protect,desk-cable-grommets,guide,desk-cable-grommets-buying-guide,"Desk Grommet 2 Inch (50 mm) 8 Pieces, Desk Hole Cover for Cables Black, ABS Plastic Grommet Hole Cover with Hole Saw for Wires Cables Through the Countertop by XIOGZAXI",https://homeoffice.madabase.com/guides/desk-cable-grommets-buying-guide,0,0,0%,,zero-impression,hold-post-sitemap-observation,hold,2026-08-27,This URL entered sitemap-backed discovery on August 20; rewriting or resubmitting before its first complete seven-day window would destroy the baseline.
soft151,homeoffice,protect,desk-cable-sleeves,guide,desk-cable-sleeves-buying-guide,"Zipper Cable Sleeve by Wrap-It Storage - 24"" x 4"" (4-Pack) Black | Cord Organizer and Cable Protector for Desk, Computer, TV Cord Management to Hide and Cover Wire and Extension Cables",https://homeoffice.madabase.com/guides/desk-cable-sleeves-buying-guide,0,0,0%,,zero-impression,hold-post-sitemap-observation,hold,2026-08-27,This URL entered sitemap-backed discovery on August 20; rewriting or resubmitting before its first complete seven-day window would destroy the baseline.
soft151,homeoffice,protect,desk-pegboard-organizers,guide,desk-pegboard-organizers-buying-guide,"VIVO Black Clamp-on 20 x 24 inch Desk Pegboard, PP-DK24B | Steel Privacy Panel, Magnetic Peg Board, Office Accessory Organizer, Above or Under Desk Placement",https://homeoffice.madabase.com/guides/desk-pegboard-organizers-buying-guide,0,0,0%,,zero-impression,hold-post-sitemap-observation,hold,2026-08-27,This URL entered sitemap-backed discovery on August 20; rewriting or resubmitting before its first complete seven-day window would destroy the baseline.
soft151,homeoffice,protect,desktop-computer-speakers,guide,desktop-computer-speakers-buying-guide,"Tylubio Computer Speakers for Desktop, HiFi Stereo PC Soundbar with Dynamic RGB Lighting, USB & Type-C Plug&Play, Volume Control Knob, Wired Speakers for Gaming, Laptop, Monitor, Office Black",https://homeoffice.madabase.com/guides/desktop-computer-speakers-buying-guide,0,0,0%,,zero-impression,hold-post-sitemap-observation,hold,2026-08-27,This URL entered sitemap-backed discovery on August 20; rewriting or resubmitting before its first complete seven-day window would destroy the baseline.
soft151,homeoffice,protect,desktop-file-organizers,guide,desktop-file-organizers-buying-guide,"MINDEPOT 4-Tier Paper Organizer + 3-Pocket File Holder + Drawer + Pen Holders, Desktop File Organizers Paper Tray for Office Accessories School Classroom Organization (Black)",https://homeoffice.madabase.com/guides/desktop-file-organizers-buying-guide,0,0,0%,,zero-impression,hold-post-sitemap-observation,hold,2026-08-27,This URL entered sitemap-backed discovery on August 20; rewriting or resubmitting before its first complete seven-day window would destroy the baseline.
soft151,homeoffice,protect,desktop-ring-lights,guide,desktop-ring-lights-buying-guide,"NEEWER Basics 2 Pack 7"" Desktop Ring Lights for Video Recording, 10W Dimmable Full Screen Key Lighting with Desk Stands & Phone Holders for iPhone Computer Laptop Vlog Streaming Video Conference, R06",https://homeoffice.madabase.com/guides/desktop-ring-lights-buying-guide,0,0,0%,,zero-impression,hold-post-sitemap-observation,hold,2026-08-27,This URL entered sitemap-backed discovery on August 20; rewriting or resubmitting before its first complete seven-day window would destroy the baseline.
soft151,homeoffice,protect,desktop-shelf-systems,guide,desktop-shelf-systems-buying-guide,"Clamp on Desk Shelf, 44"" Desktop Shelving System, Black | with Pegboard and Accessories, Desktop Organizer with 2-Tier Shelf, Desk Pegboard for Office Home Gaming",https://homeoffice.madabase.com/guides/desktop-shelf-systems-buying-guide,0,0,0%,,zero-impression,hold-post-sitemap-observation,hold,2026-08-27,This URL entered sitemap-backed discovery on August 20; rewriting or resubmitting before its first complete seven-day window would destroy the baseline.
soft151,homeoffice,protect,floor-cable-covers,guide,floor-cable-covers-buying-guide,"D-Line 6ft Floor Cord Cover, Cable Protector, Hide Extension Cords, Protect Cords, Prevent Cable Trips, Heavy Duty Cord Hider - Cable Cavity = 0.63"" (W) x 0.31"" (H) - Beige",https://homeoffice.madabase.com/guides/floor-cable-covers-buying-guide,0,0,0%,,zero-impression,hold-post-sitemap-observation,hold,2026-08-27,This URL entered sitemap-backed discovery on August 20; rewriting or resubmitting before its first complete seven-day window would destroy the baseline.
soft151,homeoffice,protect,four-k-webcams,guide,four-k-webcams-buying-guide,"EasyCam 4K Webcam for PC - Ultra 4K HD, PDAF Autofocus, Dual Mics | Auto Light Correction, 79°FOV, Plug & Play, Privacy Cover, Computer Camera for High-End Business Meetings & Live Streaming",https://homeoffice.madabase.com/guides/four-k-webcams-buying-guide,0,0,0%,,zero-impression,hold-post-sitemap-observation,hold,2026-08-27,This URL entered sitemap-backed discovery on August 20; rewriting or resubmitting before its first complete seven-day window would destroy the baseline.
soft151,homeoffice,protect,ink-tank-printers,guide,ink-tank-printers-buying-guide,"HP Smart Tank 5101 Wireless All-in-One Refillable Printer, Scanner, Copier with 2 Years of Ink Included, Wireless (2.4ghz only) Printer-for-Home use (1F3Y0A)",https://homeoffice.madabase.com/guides/ink-tank-printers-buying-guide,0,0,0%,,zero-impression,hold-post-sitemap-observation,hold,2026-08-27,This URL entered sitemap-backed discovery on August 20; rewriting or resubmitting before its first complete seven-day window would destroy the baseline.
soft151,homeoffice,protect,keyboard-wrist-rests,guide,keyboard-wrist-rests-buying-guide,"Vaydeer Wrist Rest for Keyboard and Mouse, Computer Ergonomic Wrist Support Pad, Soft Memory Foam Arm Cushion for Desk, Palm Hand Office Laptop Typing",https://homeoffice.madabase.com/guides/keyboard-wrist-rests-buying-guide,0,0,0%,,zero-impression,hold-post-sitemap-observation,hold,2026-08-27,This URL entered sitemap-backed discovery on August 20; rewriting or resubmitting before its first complete seven-day window would destroy the baseline.
soft151,homeoffice,protect,laptop-cooling-pads,guide,laptop-cooling-pads-buying-guide,"havit HV-F2056 15.6""-17"" Laptop Cooler Cooling Pad - Slim Portable USB Powered (3 Fans), Black/Blue | Three quiet USB-powered fans circulate air below the laptop, two height settings improve viewing and typing comfort",https://homeoffice.madabase.com/guides/laptop-cooling-pads-buying-guide,0,0,0%,,zero-impression,hold-post-sitemap-observation,hold,2026-08-27,This URL entered sitemap-backed discovery on August 20; rewriting or resubmitting before its first complete seven-day window would destroy the baseline.
soft151,homeoffice,protect,laptop-privacy-screens,guide,laptop-privacy-screens-buying-guide,"SightPro Magnetic Privacy Screen for MacBook Pro 14 Inch (2021-2026, M1-M5, Pro, Max) Patented Removable Laptop Privacy Filter Shield and Protector",https://homeoffice.madabase.com/guides/laptop-privacy-screens-buying-guide,0,0,0%,,zero-impression,hold-post-sitemap-observation,hold,2026-08-27,This URL entered sitemap-backed discovery on August 20; rewriting or resubmitting before its first complete seven-day window would destroy the baseline.
soft151,homeoffice,protect,monitor-light-bars,guide,monitor-light-bars-buying-guide,"Quntis Computer Monitor Lamp, Screen Monitor Light Bar for Eye Caring, USB Reading LED Task Lamp with Auto-Dimming, Dimmable Light Bar, Touch Control, No Glare Space Saving Home Office Desk Lamps",https://homeoffice.madabase.com/guides/monitor-light-bars-buying-guide,0,0,0%,,zero-impression,hold-post-sitemap-observation,hold,2026-08-27,This URL entered sitemap-backed discovery on August 20; rewriting or resubmitting before its first complete seven-day window would destroy the baseline.
soft151,homeoffice,protect,monitor-privacy-screens,guide,monitor-privacy-screens-buying-guide,"Magicmoon 2-Pack 24 Inch Computer Privacy Screen Filter for 16:9 Monitor | Anti-Spy/Glare Protector Film Widescreen 16:9 Aspect Ratio Filter Size: width: 20 15/16"", Height: 11 13/16"" (531mm x 298mm)",https://homeoffice.madabase.com/guides/monitor-privacy-screens-buying-guide,0,0,0%,,zero-impression,hold-post-sitemap-observation,hold,2026-08-27,This URL entered sitemap-backed discovery on August 20; rewriting or resubmitting before its first complete seven-day window would destroy the baseline.
soft151,homeoffice,protect,mouse-wrist-rests,guide,mouse-wrist-rests-buying-guide,"DELTAHUB Carpio 2.0 - Right-Handed Truly Ergonomic Wrist Rest for Mouse, Carpal Tunnel Support, Pain Relief, Anti-Fatigue, Easy Glide, Sleek, Office Computer, Laptop, Gaming - Large, White",https://homeoffice.madabase.com/guides/mouse-wrist-rests-buying-guide,0,0,0%,,zero-impression,hold-post-sitemap-observation,hold,2026-08-27,This URL entered sitemap-backed discovery on August 20; rewriting or resubmitting before its first complete seven-day window would destroy the baseline.
soft151,homeoffice,protect,office-lumbar-cushions,guide,office-lumbar-cushions-buying-guide,"Lumbar Support Pillow for Office Chair,Mothers Day Gifts for Mom, Back Support Pillow for Car, Office Supplies, Chair Cushions, Back Pain Relief Improve Posture, Mesh Cover Double Adjustable Straps",https://homeoffice.madabase.com/guides/office-lumbar-cushions-buying-guide,0,0,0%,,zero-impression,hold-post-sitemap-observation,hold,2026-08-27,This URL entered sitemap-backed discovery on August 20; rewriting or resubmitting before its first complete seven-day window would destroy the baseline.
soft151,homeoffice,protect,office-printer-stands,guide,office-printer-stands-buying-guide,"GYIIYUO 2 Drawer File Cabinet 24''W, Mobile Filing Cabinet, Printer Stand | 24'' Extended Desktop, Rolling, Side Bag, Fits A4/Letter Size, Home Office, Fabric Drawer",https://homeoffice.madabase.com/guides/office-printer-stands-buying-guide,0,0,0%,,zero-impression,hold-post-sitemap-observation,hold,2026-08-27,This URL entered sitemap-backed discovery on August 20; rewriting or resubmitting before its first complete seven-day window would destroy the baseline.
soft151,homeoffice,protect,office-saddle-stools,guide,office-saddle-stools-buying-guide,"FIRAVOE Saddle Stool, Swivel Saddle Stool with Wheels, Adjustable Rolling Stool 18""-26"", Faux Leather Rolling Stool for Salon, Massage, Clinic, Lab, Office (Light Grey, 1PCS (18""-26""))",https://homeoffice.madabase.com/guides/office-saddle-stools-buying-guide,0,0,0%,,zero-impression,hold-post-sitemap-observation,hold,2026-08-27,This URL entered sitemap-backed discovery on August 20; rewriting or resubmitting before its first complete seven-day window would destroy the baseline.
soft151,homeoffice,protect,office-seat-cushions,guide,office-seat-cushions-buying-guide,"Everlasting Comfort Doctor Recommended Memory Foam Seat Cushion for Office Chairs & Car - Ergonomic Office Desk Accessories - Cushions for Tailbone Pain Relief, Sciatica (Black, Large)",https://homeoffice.madabase.com/guides/office-seat-cushions-buying-guide,0,0,0%,,zero-impression,hold-post-sitemap-observation,hold,2026-08-27,This URL entered sitemap-backed discovery on August 20; rewriting or resubmitting before its first complete seven-day window would destroy the baseline.
soft151,homeoffice,protect,overhead-book-scanners,guide,overhead-book-scanners-buying-guide,"VIISAN S48 Duo Overhead Book Scanner - A2/A3 Large Format, Dual 48MP, 600 DPI with OCR & Text-to-Speech for Archiving and Distance Education",https://homeoffice.madabase.com/guides/overhead-book-scanners-buying-guide,0,0,0%,,zero-impression,hold-post-sitemap-observation,hold,2026-08-27,This URL entered sitemap-backed discovery on August 20; rewriting or resubmitting before its first complete seven-day window would destroy the baseline.
soft151,homeoffice,protect,portable-photo-printers,guide,portable-photo-printers-buying-guide,"Nelko PP01 Photo Printer, 2x3 Portable Photo Printer, Mini Printer, White | Instant Color Inkjet Printer for Smartphone, Sticky-Back Photos, Bluetooth Compatible with iOS & Android, AI App Editing",https://homeoffice.madabase.com/guides/portable-photo-printers-buying-guide,0,0,0%,,zero-impression,hold-post-sitemap-observation,hold,2026-08-27,This URL entered sitemap-backed discovery on August 20; rewriting or resubmitting before its first complete seven-day window would destroy the baseline.
soft151,homeoffice,protect,ptz-conference-cameras,guide,ptz-conference-cameras-buying-guide,"TONGVEO Conference Room PTZ Camera System with 20X Optical Zoom, AI Auto Tracking 1080P 60fps HDMI USB Webcam for Church Streaming Online Video Conference,Compatible with Zoom, OBS Easy Setup",https://homeoffice.madabase.com/guides/ptz-conference-cameras-buying-guide,0,0,0%,,zero-impression,hold-post-sitemap-observation,hold,2026-08-27,This URL entered sitemap-backed discovery on August 20; rewriting or resubmitting before its first complete seven-day window would destroy the baseline.
soft151,homeoffice,protect,receipt-scanners,guide,receipt-scanners-buying-guide,Epson RapidReceipt RR-60 Compact Mobile Document Scanner Receipt | Mobile Receipt Scanner for Small Business USB-Powered 10 Pages per Minute PC and Mac Compatible,https://homeoffice.madabase.com/guides/receipt-scanners-buying-guide,0,0,0%,,zero-impression,hold-post-sitemap-observation,hold,2026-08-27,This URL entered sitemap-backed discovery on August 20; rewriting or resubmitting before its first complete seven-day window would destroy the baseline.
soft151,homeoffice,protect,rolling-file-cabinets,guide,rolling-file-cabinets-buying-guide,"Sbanmao Rolling File Cart, Mobile File Cabinet with Wheels Hanging Files, Metal Hanging File Folder Cart File Organizer Fit Letter Size for Home Office, Black (Patent Pending)",https://homeoffice.madabase.com/guides/rolling-file-cabinets-buying-guide,0,0,0%,,zero-impression,hold-post-sitemap-observation,hold,2026-08-27,This URL entered sitemap-backed discovery on August 20; rewriting or resubmitting before its first complete seven-day window would destroy the baseline.
soft151,homeoffice,protect,under-desk-foot-hammocks,guide,under-desk-foot-hammocks-buying-guide,"iMissiu Foot Hammock Under Desk Footrest, Adjustable Office Foot Rest Under Desk Hammock, Portable Desk Feet Hammock with Headphones Holder (Black)",https://homeoffice.madabase.com/guides/under-desk-foot-hammocks-buying-guide,0,0,0%,,zero-impression,hold-post-sitemap-observation,hold,2026-08-27,This URL entered sitemap-backed discovery on August 20; rewriting or resubmitting before its first complete seven-day window would destroy the baseline.
soft151,homeoffice,protect,under-desk-pedal-exercisers,guide,under-desk-pedal-exercisers-buying-guide,"Under Desk Elliptical Machine, Electric Leg Exerciser for Seniors | 100% No Assembly, Portable Quiet Elliptical Exercise Machine, Seated Pedal Exerciser with Remote Control & 12 Speeds",https://homeoffice.madabase.com/guides/under-desk-pedal-exercisers-buying-guide,0,0,0%,,zero-impression,hold-post-sitemap-observation,hold,2026-08-27,This URL entered sitemap-backed discovery on August 20; rewriting or resubmitting before its first complete seven-day window would destroy the baseline.
soft151,homeoffice,protect,vesa-monitor-adapters,guide,vesa-monitor-adapters-buying-guide,suptek Universal VESA Mount Bracket Adapter Monitor Arm Mounting Kit for Screen 17 to 27 inch,https://homeoffice.madabase.com/guides/vesa-monitor-adapters-buying-guide,0,0,0%,,zero-impression,hold-post-sitemap-observation,hold,2026-08-27,This URL entered sitemap-backed discovery on August 20; rewriting or resubmitting before its first complete seven-day window would destroy the baseline.
soft151,homeoffice,protect,webcam-key-lights,guide,webcam-key-lights-buying-guide,2 Pack Streaming Key Light with Desk Stand C-Clamp Stand Dimmable Video Panel Light for Video Recording Conference Webcam Laptop Zoom,https://homeoffice.madabase.com/guides/webcam-key-lights-buying-guide,0,0,0%,,zero-impression,hold-post-sitemap-observation,hold,2026-08-27,This URL entered sitemap-backed discovery on August 20; rewriting or resubmitting before its first complete seven-day window would destroy the baseline.
soft151,baby,protect,baby-bath-thermometers,guide,baby-bath-thermometers-buying-guide,"Baby Bath Thermometer for Infants Otter Baby Water Thermometer for Bathtub | Newborn Bathtime essentials, Odorless, Tub Temperature, Room Temp, Accurately, Hot Cold Color Alert, Safety Floating Toy",https://baby.madabase.com/guides/baby-bath-thermometers-buying-guide,0,0,0%,,zero-impression,hold-post-sitemap-observation,hold,2026-08-27,This URL entered sitemap-backed discovery on August 20; rewriting or resubmitting before its first complete seven-day window would destroy the baseline.
soft151,baby,protect,baby-wipe-dispensers,guide,baby-wipe-dispensers-buying-guide,"Baby Wipes Dispenser, Wipe Holder for Baby & Adult,Keeps Wet Tissue Fresh, Non-Slip Wipes Case, Flushable Wipe Container with Sealing Design Lid",https://baby.madabase.com/guides/baby-wipe-dispensers-buying-guide,0,0,0%,,zero-impression,hold-post-sitemap-observation,hold,2026-08-27,This URL entered sitemap-backed discovery on August 20; rewriting or resubmitting before its first complete seven-day window would destroy the baseline.
soft151,baby,protect,bath-toy-organizers,guide,bath-toy-organizers-buying-guide,"Saddle shape 2 Compartments Bath Toy Organizer, Easy Access for Children, Wide Opening Bath Toy Holder for Drying Toys and Storage, Mesh Shower Toy Holder and Bath Tub Toy Storage Organizer for Tub.",https://baby.madabase.com/guides/bath-toy-organizers-buying-guide,0,0,0%,,zero-impression,hold-post-sitemap-observation,hold,2026-08-27,This URL entered sitemap-backed discovery on August 20; rewriting or resubmitting before its first complete seven-day window would destroy the baseline.
soft151,baby,protect,bathtub-spout-covers,guide,bathtub-spout-covers-buying-guide,"Baby Bathtub Faucet Cover, Baby Safety Protection Silicone Toys, Bath Spout Cover Baby Bathtub, Faucet Cover Baby Bathtub Silicone Whale for Kids, Toddler, Infant, Gifts for Children",https://baby.madabase.com/guides/bathtub-spout-covers-buying-guide,0,0,0%,,zero-impression,hold-post-sitemap-observation,hold,2026-08-27,This URL entered sitemap-backed discovery on August 20; rewriting or resubmitting before its first complete seven-day window would destroy the baseline.
soft151,baby,protect,breast-milk-storage-bags,guide,breast-milk-storage-bags-buying-guide,"Dr. Brown’s Breast Milk Storage Bags, Disposable and Durable Bags for Freezing & Heating Breast Milk, (50ct) 6 oz Bags, BPA free",https://baby.madabase.com/guides/breast-milk-storage-bags-buying-guide,0,0,0%,,zero-impression,hold-post-sitemap-observation,hold,2026-08-27,This URL entered sitemap-backed discovery on August 20; rewriting or resubmitting before its first complete seven-day window would destroy the baseline.
soft151,baby,protect,childproof-corner-guards,guide,childproof-corner-guards-buying-guide,"Baby Safety Table Corner Protectors 12 Pack Clear PVC Edge Guards | Upgraded Spherical T-Shaped Childproof Furniture Corner Covers to Prevent Toddler Bumps for Coffee Table, Crib & Cabinets",https://baby.madabase.com/guides/childproof-corner-guards-buying-guide,0,0,0%,,zero-impression,hold-post-sitemap-observation,hold,2026-08-27,This URL entered sitemap-backed discovery on August 20; rewriting or resubmitting before its first complete seven-day window would destroy the baseline.
soft151,baby,protect,childproof-door-knob-covers,guide,childproof-door-knob-covers-buying-guide,1 Pack Childproof Door Knob Covers Babyproof Child Door Locks Door Handle Baby Proofing Door Safety for Kids,https://baby.madabase.com/guides/childproof-door-knob-covers-buying-guide,0,0,0%,,zero-impression,hold-post-sitemap-observation,hold,2026-08-27,This URL entered sitemap-backed discovery on August 20; rewriting or resubmitting before its first complete seven-day window would destroy the baseline.
soft151,baby,protect,childproof-outlet-covers,guide,childproof-outlet-covers-buying-guide,Outlet Covers Baby Proofing (50 Pack) Safe & Secure Electric Plug Protectors | Sturdy Childproof Socket Covers for Home & Office | Easy Installation | Protect Toddlers & Babies | White,https://baby.madabase.com/guides/childproof-outlet-covers-buying-guide,0,0,0%,,zero-impression,hold-post-sitemap-observation,hold,2026-08-27,This URL entered sitemap-backed discovery on August 20; rewriting or resubmitting before its first complete seven-day window would destroy the baseline.
soft151,baby,protect,childproof-refrigerator-locks,guide,childproof-refrigerator-locks-buying-guide,"5 Pack Child Proof Refrigerator Lock, QYESWHSR Fridge Locks for Kids with Sticky Adhesive Pads, Child Safety Locks for Doors, RV Refrigerator, Oven Lock Child Safety Baby Cabinet Locks - Grey Updated",https://baby.madabase.com/guides/childproof-refrigerator-locks-buying-guide,0,0,0%,,zero-impression,hold-post-sitemap-observation,hold,2026-08-27,This URL entered sitemap-backed discovery on August 20; rewriting or resubmitting before its first complete seven-day window would destroy the baseline.
soft151,baby,protect,childproof-stove-knob-covers,guide,childproof-stove-knob-covers-buying-guide,"Childproof Stove Knob Covers, Oven Knob Covers for Child Safety 5 Pack, Clear Stove Knob Safety Covers & Gas Stove Locks, Heat-Resistant Adhesive,Double-Key Baby Proof Covers for Gas/Electric Burners",https://baby.madabase.com/guides/childproof-stove-knob-covers-buying-guide,0,2,0%,6,top-10,hold-post-sitemap-observation,hold,2026-08-27,This URL entered sitemap-backed discovery on August 20; rewriting or resubmitting before its first complete seven-day window would destroy the baseline.
soft151,baby,protect,childproof-toilet-locks,guide,childproof-toilet-locks-buying-guide,"Toilet Locks Baby Proof, Toilet Flush Locks Baby Proof Child Toddlers, Round Cover Childproof Lock for Bathroom Restroom Washroom Lavatory, Easy Installation Baby Safety Lock with Adhesive(1Pack)",https://baby.madabase.com/guides/childproof-toilet-locks-buying-guide,0,0,0%,,zero-impression,hold-post-sitemap-observation,hold,2026-08-27,This URL entered sitemap-backed discovery on August 20; rewriting or resubmitting before its first complete seven-day window would destroy the baseline.
soft151,baby,protect,crib-mobiles,guide,crib-mobiles-buying-guide,"Crib Mobiles Bassinet Stroller Toy for Baby, Car Seat Toys Hanging for Babies, Baby Arch Arm Bar for Infants 0-6 6-12 Months, Nursery Portable Mobile Hanger Pack and Play Boys Girls Clip On",https://baby.madabase.com/guides/crib-mobiles-buying-guide,0,0,0%,,zero-impression,hold-post-sitemap-observation,hold,2026-08-27,This URL entered sitemap-backed discovery on August 20; rewriting or resubmitting before its first complete seven-day window would destroy the baseline.
soft151,baby,protect,formula-mixing-pitchers,guide,formula-mixing-pitchers-buying-guide,"Dr. Brown's Baby Formula Mixing Pitcher with Adjustable Stopper, Locking Lid & No Drip Spout, Black, BPA Free, 36oz, 1 Pack",https://baby.madabase.com/guides/formula-mixing-pitchers-buying-guide,0,0,0%,,zero-impression,hold-post-sitemap-observation,hold,2026-08-27,This URL entered sitemap-backed discovery on August 20; rewriting or resubmitting before its first complete seven-day window would destroy the baseline.
soft151,baby,protect,furniture-anchor-kits,guide,furniture-anchor-kits-buying-guide,"Furniture Anchors 10 Pack, Anti-Tip Earthquake Straps for Baby Proofing | Detachable Furniture Wall Anchor for Quick Release, Metal Furniture Straps Secure Dresser, Cabinet, Drawer Up to 400 Lbs",https://baby.madabase.com/guides/furniture-anchor-kits-buying-guide,0,2,0%,11,position-11-20,hold-post-sitemap-observation,hold,2026-08-27,This URL entered sitemap-backed discovery on August 20; rewriting or resubmitting before its first complete seven-day window would destroy the baseline.
soft151,baby,protect,high-chair-floor-mats,guide,high-chair-floor-mats-buying-guide,"30 Pack Disposable Splat Mats by Eli with Love - Extra Large 49""x49"" 100% Waterproof Baby Splat Mat for Under High Chair - Plastic Mat Liner for Floor - Protect from Spills (Moon & Stars, 30 Pack)",https://baby.madabase.com/guides/high-chair-floor-mats-buying-guide,0,0,0%,,zero-impression,hold-post-sitemap-observation,hold,2026-08-27,This URL entered sitemap-backed discovery on August 20; rewriting or resubmitting before its first complete seven-day window would destroy the baseline.
soft151,baby,protect,nursery-blackout-curtains,guide,nursery-blackout-curtains-buying-guide,"Nursery Blackout Curtains for Kids Bedroom, Curtains 63 Inch Length 2 Panels Set, Thermal Insulated Room Darkening Drapes with Grommet Top, Cartoon Construction Truck Pattern, 42W x 63L",https://baby.madabase.com/guides/nursery-blackout-curtains-buying-guide,0,0,0%,,zero-impression,hold-post-sitemap-observation,hold,2026-08-27,This URL entered sitemap-backed discovery on August 20; rewriting or resubmitting before its first complete seven-day window would destroy the baseline.
soft151,baby,protect,nursing-covers,guide,nursing-covers-buying-guide,"Breathable Car Seat Cover for Babies – Multi-Purpose Soft Rayon Nursing Cover for Breastfeeding, High Stretchy Infant Carseat Canopy, Stroller Cover (Smooth Rayon, Blush)",https://baby.madabase.com/guides/nursing-covers-buying-guide,0,0,0%,,zero-impression,hold-post-sitemap-observation,hold,2026-08-27,This URL entered sitemap-backed discovery on August 20; rewriting or resubmitting before its first complete seven-day window would destroy the baseline.
soft151,baby,protect,nursing-pillows,guide,nursing-pillows-buying-guide,"My Brest Friend Nursing Pillow - Deluxe - Enhanced Comfort w/ Slipcover - Ergonomic Breastfeeding Pillow For Ultimate Support For Mom & Baby - Adjustable Pillow W/ Handy Side Pocket, Soft Rose",https://baby.madabase.com/guides/nursing-pillows-buying-guide,0,0,0%,,zero-impression,hold-post-sitemap-observation,hold,2026-08-27,This URL entered sitemap-backed discovery on August 20; rewriting or resubmitting before its first complete seven-day window would destroy the baseline.
soft151,baby,protect,portable-changing-mats,guide,portable-changing-mats-buying-guide,"Portable Changing Pad for Baby – Soft, Comfortable Portable Diaper Changing Pad with Wipes Pockets, Waterproof and Easy to Clean – Baby Registry Search, new born baby essentials must haves, baby stuff",https://baby.madabase.com/guides/portable-changing-mats-buying-guide,0,0,0%,,zero-impression,hold-post-sitemap-observation,hold,2026-08-27,This URL entered sitemap-backed discovery on August 20; rewriting or resubmitting before its first complete seven-day window would destroy the baseline.
soft151,baby,protect,potty-training-seats,guide,potty-training-seats-buying-guide,"Potty Training Toilet for Toddlers, 2-in-1 Potty Training seat, Anti-Slip | SKYROKU, Fits Round & Elongated Toilets, 6 Heights, Splash Guard, Foldable, Holds 200+ lbs, Step Stool, Dishwasher Cushion",https://baby.madabase.com/guides/potty-training-seats-buying-guide,0,0,0%,,zero-impression,hold-post-sitemap-observation,hold,2026-08-27,This URL entered sitemap-backed discovery on August 20; rewriting or resubmitting before its first complete seven-day window would destroy the baseline.
soft151,baby,protect,powder-formula-dispensers,guide,powder-formula-dispensers-buying-guide,"Baby Formula Dispenser, Portable Milk Powder Dispenser Container, Baby Feeding Travel Storage Container, Non-Spill Stackable Baby Snack Storage Container, BPA Free, 4 Compartments, 2 Packs",https://baby.madabase.com/guides/powder-formula-dispensers-buying-guide,0,0,0%,,zero-impression,hold-post-sitemap-observation,hold,2026-08-27,This URL entered sitemap-backed discovery on August 20; rewriting or resubmitting before its first complete seven-day window would destroy the baseline.
soft151,baby,protect,reusable-baby-food-pouches,guide,reusable-baby-food-pouches-buying-guide,Hippypotamus Reusable Baby Food Pouches for Toddlers - BPA Free Food Grade - Dishwasher & Freezer Safe - Baby Food Containers - Refillable Squeeze Pouch For Applesauce & Yogurt - 12 Pack (Rainbows),https://baby.madabase.com/guides/reusable-baby-food-pouches-buying-guide,0,0,0%,,zero-impression,hold-post-sitemap-observation,hold,2026-08-27,This URL entered sitemap-backed discovery on August 20; rewriting or resubmitting before its first complete seven-day window would destroy the baseline.
soft151,baby,protect,silicone-feeding-placemats,guide,silicone-feeding-placemats-buying-guide,"Silicone Toddler Placemat with Teething Table Edge Bumper - 2-in-1 Feeding & Teething Mat, BPA-Free Food-Grade Silicone, Non-Slip Waterproof Baby Feeding Mat, Easy Clean Dishwasher Safe (Sage Green)",https://baby.madabase.com/guides/silicone-feeding-placemats-buying-guide,0,0,0%,,zero-impression,hold-post-sitemap-observation,hold,2026-08-27,This URL entered sitemap-backed discovery on August 20; rewriting or resubmitting before its first complete seven-day window would destroy the baseline.
soft151,baby,protect,stroller-cup-holders,guide,stroller-cup-holders-buying-guide,"Pack of 2 Stroller Cup Holders, Universal Drinks Holder for Bikes, Trolleys or Walkers",https://baby.madabase.com/guides/stroller-cup-holders-buying-guide,0,0,0%,,zero-impression,hold-post-sitemap-observation,hold,2026-08-27,This URL entered sitemap-backed discovery on August 20; rewriting or resubmitting before its first complete seven-day window would destroy the baseline.
soft151,baby,protect,stroller-footmuffs,guide,stroller-footmuffs-buying-guide,"7AM Enfant Universal Stroller Footmuff - Water Repellent Winter Bunting Bag for Strollers & Car Seats, Soft Micro-Fleece & Plush Lined Stroller Footmuff for Baby Boy & Girl | BebePOD",https://baby.madabase.com/guides/stroller-footmuffs-buying-guide,0,0,0%,,zero-impression,hold-post-sitemap-observation,hold,2026-08-27,This URL entered sitemap-backed discovery on August 20; rewriting or resubmitting before its first complete seven-day window would destroy the baseline.
soft151,baby,protect,stroller-rain-covers,guide,stroller-rain-covers-buying-guide,"Clear Stroller Rain Cover, Universal Travel Weather Shield Breathable Baby Stroller Rain Cover for Windproof, Waterproof, Protect from Sun Dust Snow",https://baby.madabase.com/guides/stroller-rain-covers-buying-guide,0,0,0%,,zero-impression,hold-post-sitemap-observation,hold,2026-08-27,This URL entered sitemap-backed discovery on August 20; rewriting or resubmitting before its first complete seven-day window would destroy the baseline.
soft151,baby,protect,suction-toddler-bowls,guide,suction-toddler-bowls-buying-guide,Silicone Baby Feeding Set | 9 PCS Baby Led Weaning Supplies Feeding Utensils | Divided Suction Plate Bowl Bib Cup Baby Spoons Forks | Toddler Eating Essentials-6+ Months (Beige),https://baby.madabase.com/guides/suction-toddler-bowls-buying-guide,0,0,0%,,zero-impression,hold-post-sitemap-observation,hold,2026-08-27,This URL entered sitemap-backed discovery on August 20; rewriting or resubmitting before its first complete seven-day window would destroy the baseline.
soft151,baby,protect,toddler-snack-containers,guide,toddler-snack-containers-buying-guide,"Silicone Snack Cups for Toddlers, Toddler Snack Containers, Baby Treat Catcher with DustProof Lid 2 Pack Dishwasher Safe and BPA Free 9 Oz | Silicone Baby Snack Cups, Baby Food Catcher Spill Proof, Kid Snacks Holder with DustProof Lid, Dishwasher Safe",https://baby.madabase.com/guides/toddler-snack-containers-buying-guide,0,0,0%,,zero-impression,hold-post-sitemap-observation,hold,2026-08-27,This URL entered sitemap-backed discovery on August 20; rewriting or resubmitting before its first complete seven-day window would destroy the baseline.
soft151,baby,protect,toddler-step-stools,guide,toddler-step-stools-buying-guide,"2 Step Stools for Kids,Toddler Step Stool for Bathroom Sink,No-Slip Double up Stepping for Toddlers, Multifunctional Toilet Potty Stool for Kids,Toilet Potty Training(2 Packs)",https://baby.madabase.com/guides/toddler-step-stools-buying-guide,0,0,0%,,zero-impression,hold-post-sitemap-observation,hold,2026-08-27,This URL entered sitemap-backed discovery on August 20; rewriting or resubmitting before its first complete seven-day window would destroy the baseline.
soft151,baby,protect,toddler-straw-cups,guide,toddler-straw-cups-buying-guide,100% Silicone Toddler Tumbler Baby Sippy Cup See-through 12OZ Large Capacity Straw Drinking Cups for Kids (Beige),https://baby.madabase.com/guides/toddler-straw-cups-buying-guide,0,0,0%,,zero-impression,hold-post-sitemap-observation,hold,2026-08-27,This URL entered sitemap-backed discovery on August 20; rewriting or resubmitting before its first complete seven-day window would destroy the baseline.
soft151,baby,protect,toddler-training-utensils,guide,toddler-training-utensils-buying-guide,Baby Fork and Spoon Set with Carry Case Baby Training Utensils Self Feeding Toddler Silverware Silicone and Stainless Steel Kids and Toddler Utensil Set-Dinosaur,https://baby.madabase.com/guides/toddler-training-utensils-buying-guide,0,0,0%,,zero-impression,hold-post-sitemap-observation,hold,2026-08-27,This URL entered sitemap-backed discovery on August 20; rewriting or resubmitting before its first complete seven-day window would destroy the baseline.
soft151,pet,recovery,dog-backpacks,guide,dog-backpacks-buying-guide,"ONETIGRIS Dog Backpack for Medium & Large Dogs, Mammoth Nylon Dog Pack Tactical Backpack Harness with Side Pockets for Hiking Walking Training Running (Pink, Large)",https://pets.madabase.com/guides/dog-backpacks-buying-guide,0,0,0%,,zero-impression,hold-post-sitemap-observation,hold,2026-08-27,This URL entered sitemap-backed discovery on August 20; rewriting or resubmitting before its first complete seven-day window would destroy the baseline.
soft151,pet,recovery,dog-bicycle-baskets,guide,dog-bicycle-baskets-buying-guide,"K&H Dog Bike Basket, Travel Bicycle Basket for Pets, Front Mount, 16x12x10 | Cat & Small Dog Carrier for Bike, Bicycle Basket with Safety Leash, Soft Fleece Washable Liner, Heavy Duty Metal Frame",https://pets.madabase.com/guides/dog-bicycle-baskets-buying-guide,0,0,0%,,zero-impression,hold-post-sitemap-observation,hold,2026-08-27,This URL entered sitemap-backed discovery on August 20; rewriting or resubmitting before its first complete seven-day window would destroy the baseline.
soft151,pet,recovery,dog-bike-trailers,guide,dog-bike-trailers-buying-guide,"Burley Tail Wagon | Lightweight Dog Bike Trailer with Mesh Windows, Removable Floor & Low-Clearance Entry",https://pets.madabase.com/guides/dog-bike-trailers-buying-guide,0,0,0%,,zero-impression,hold-post-sitemap-observation,hold,2026-08-27,This URL entered sitemap-backed discovery on August 20; rewriting or resubmitting before its first complete seven-day window would destroy the baseline.
soft151,pet,recovery,hands-free-dog-leashes,guide,hands-free-dog-leashes-buying-guide,"Hands Free Dog Leash with Pouch,Waist Leash, Dog Walking,25-120 lbs | Retractable Leashes with Dual Padded Handles, Adjustable Reflective Belt for Small, Medium, Large Dogs, Running, Jogging",https://pets.madabase.com/guides/hands-free-dog-leashes-buying-guide,0,0,0%,,zero-impression,hold-post-sitemap-observation,hold,2026-08-27,This URL entered sitemap-backed discovery on August 20; rewriting or resubmitting before its first complete seven-day window would destroy the baseline.
soft151,pet,recovery,pet-stairs,guide,pet-stairs-buying-guide,"Pet Gear Easy Step II Pet Stairs, Wheat, 2 Step | For Cats/Dogs up to 75 Pounds, Portable, Removable Washable Carpet Tread, No Tools Required",https://pets.madabase.com/guides/pet-stairs-buying-guide,0,0,0%,,zero-impression,hold-post-sitemap-observation,hold,2026-08-27,This URL entered sitemap-backed discovery on August 20; rewriting or resubmitting before its first complete seven-day window would destroy the baseline.
soft151,pet,recovery,reflective-dog-harnesses,guide,reflective-dog-harnesses-buying-guide,"Ruffwear, Front Range Dog Harness and Leash, Reflective and Padded, No Pull Harness and 5-ft Leash with Padded Handle for Walking, Blue Pool & Reef Fish",https://pets.madabase.com/guides/reflective-dog-harnesses-buying-guide,0,0,0%,,zero-impression,hold-post-sitemap-observation,hold,2026-08-27,This URL entered sitemap-backed discovery on August 20; rewriting or resubmitting before its first complete seven-day window would destroy the baseline.
soft151,pet,recovery,cat-litter-disposal-systems,guide,cat-litter-disposal-systems-buying-guide,"Litter Genie XL+ Pail with 24 ft Jumbo Refill, Ideal for Multi-Cat Homes",https://pets.madabase.com/guides/cat-litter-disposal-systems-buying-guide,0,0,0%,,zero-impression,hold-post-sitemap-observation,hold,2026-08-27,This URL entered sitemap-backed discovery on August 20; rewriting or resubmitting before its first complete seven-day window would destroy the baseline.
soft151,pet,recovery,ceramic-pet-fountains,guide,ceramic-pet-fountains-buying-guide,"PetSafe Creekside Ceramic Pet Fountain, 60 Oz, Extra Filters",https://pets.madabase.com/guides/ceramic-pet-fountains-buying-guide,0,0,0%,,zero-impression,hold-post-sitemap-observation,hold,2026-08-27,This URL entered sitemap-backed discovery on August 20; rewriting or resubmitting before its first complete seven-day window would destroy the baseline.
soft151,pet,recovery,collapsible-travel-pet-bowls,guide,collapsible-travel-pet-bowls-buying-guide,"Dog Bowl Pet Collapsible Bowls, 2 Pack for Cats Dogs, Portable Pet Feeding Watering Dish for Walking Parking Traveling with 2 Carabiners (Small, Blue+Green)",https://pets.madabase.com/guides/collapsible-travel-pet-bowls-buying-guide,0,0,0%,,zero-impression,hold-post-sitemap-observation,hold,2026-08-27,This URL entered sitemap-backed discovery on August 20; rewriting or resubmitting before its first complete seven-day window would destroy the baseline.
soft151,pet,recovery,covered-self-cleaning-litter-boxes,guide,covered-self-cleaning-litter-boxes-buying-guide,"Automatic Litter Box, FEELNEEDY Self Cleaning Litter Box, Odor Control Robot, Cat Ears Design, 65L APP Real-Time Monitor, Cat Litter-Boxs for Multiple Cats, Safety Sensors, with 1 Trash Bag",https://pets.madabase.com/guides/covered-self-cleaning-litter-boxes-buying-guide,0,0,0%,,zero-impression,hold-post-sitemap-observation,hold,2026-08-27,This URL entered sitemap-backed discovery on August 20; rewriting or resubmitting before its first complete seven-day window would destroy the baseline.
soft151,pet,recovery,dog-boots,guide,dog-boots-buying-guide,"Dog Shoes for Hot Pavement - Comfortable Paw Protection for Medium & Large Dogs, Adjustable Strap & Non-Slip, Easy-Clean, Outdoor Sports Boots, Dog Booties for Summer Rain (Green, M)",https://pets.madabase.com/guides/dog-boots-buying-guide,0,0,0%,,zero-impression,hold-post-sitemap-observation,hold,2026-08-27,This URL entered sitemap-backed discovery on August 20; rewriting or resubmitting before its first complete seven-day window would destroy the baseline.
soft151,pet,recovery,dog-cooling-bandanas,guide,dog-cooling-bandanas-buying-guide,Back on Track Cool on Track Cooling Dog Bandana (X-Large),https://pets.madabase.com/guides/dog-cooling-bandanas-buying-guide,0,0,0%,,zero-impression,hold-post-sitemap-observation,hold,2026-08-27,This URL entered sitemap-backed discovery on August 20; rewriting or resubmitting before its first complete seven-day window would destroy the baseline.
soft151,pet,recovery,dog-paw-washers,guide,dog-paw-washers-buying-guide,Electric Dog Paw Cleaner for Dogs，2 Speeds Automatic Dog Foot Paw Washer for Medium Large Cat Dog Pet,https://pets.madabase.com/guides/dog-paw-washers-buying-guide,0,0,0%,,zero-impression,hold-post-sitemap-observation,hold,2026-08-27,This URL entered sitemap-backed discovery on August 20; rewriting or resubmitting before its first complete seven-day window would destroy the baseline.
soft151,pet,recovery,dog-raincoats,guide,dog-raincoats-buying-guide,"Spark Paws Dog Raincoat - Waterproof Rain Jacket w/Hood, Full Coverage",https://pets.madabase.com/guides/dog-raincoats-buying-guide,0,0,0%,,zero-impression,hold-post-sitemap-observation,hold,2026-08-27,This URL entered sitemap-backed discovery on August 20; rewriting or resubmitting before its first complete seven-day window would destroy the baseline.
soft151,pet,recovery,elevated-dog-bowls,guide,elevated-dog-bowls-buying-guide,"Neater Feeder Deluxe Mess-Proof Elevated Dog Bowls for Large Dogs (40+ lbs), 2 Height Adjustable (14.5” & 17.5”) No-Spill Raised Dog Bowl Stand, Stainless Steel Food Bowl Set, Made in USA, Black",https://pets.madabase.com/guides/elevated-dog-bowls-buying-guide,0,0,0%,,zero-impression,hold-post-sitemap-observation,hold,2026-08-27,This URL entered sitemap-backed discovery on August 20; rewriting or resubmitting before its first complete seven-day window would destroy the baseline.
soft151,pet,recovery,gravity-pet-waterers,guide,gravity-pet-waterers-buying-guide,"Petmate Replendish Gravity Dog Waterer, 0.5 Gal, Microban, 2 Filters",https://pets.madabase.com/guides/gravity-pet-waterers-buying-guide,0,0,0%,,zero-impression,hold-post-sitemap-observation,hold,2026-08-27,This URL entered sitemap-backed discovery on August 20; rewriting or resubmitting before its first complete seven-day window would destroy the baseline.
soft151,pet,recovery,no-pull-dog-harnesses,guide,no-pull-dog-harnesses-buying-guide,"2 Hounds Design Freedom No Pull Dog Harness, 1 inch XL, Rose",https://pets.madabase.com/guides/no-pull-dog-harnesses-buying-guide,0,0,0%,,zero-impression,hold-post-sitemap-observation,hold,2026-08-27,This URL entered sitemap-backed discovery on August 20; rewriting or resubmitting before its first complete seven-day window would destroy the baseline.
soft151,pet,recovery,stainless-steel-pet-fountains,guide,stainless-steel-pet-fountains-buying-guide,Cat Water Fountain Stainless Steel: 108oz/3.2L Cat Fountain for Drinking,https://pets.madabase.com/guides/stainless-steel-pet-fountains-buying-guide,0,0,0%,,zero-impression,hold-post-sitemap-observation,hold,2026-08-27,This URL entered sitemap-backed discovery on August 20; rewriting or resubmitting before its first complete seven-day window would destroy the baseline.
soft151,pet,recovery,cat-litter-enclosures,guide,cat-litter-enclosures-buying-guide,"Halitaa Cat Litter Box Enclosure, Hidden Litter Box with Scratch Pad",https://pets.madabase.com/guides/cat-litter-enclosures-buying-guide,0,0,0%,,zero-impression,hold-post-sitemap-observation,hold,2026-08-27,This URL entered sitemap-backed discovery on August 20; rewriting or resubmitting before its first complete seven-day window would destroy the baseline.
soft151,pet,recovery,cat-window-perches,guide,cat-window-perches-buying-guide,"K&H Cat Window Perch, Unheated Kitty Sill, 24x14in, Gray Fleece",https://pets.madabase.com/guides/cat-window-perches-buying-guide,0,0,0%,,zero-impression,hold-post-sitemap-observation,hold,2026-08-27,This URL entered sitemap-backed discovery on August 20; rewriting or resubmitting before its first complete seven-day window would destroy the baseline.
soft151,pet,recovery,cat-wall-shelves,guide,cat-wall-shelves-buying-guide,"TRIXIE Wall Mounted Cat Lounge Set with Hammock & Condo – Climbing Shelve with Plush Condo & Sisal Step – Wall-Mounted Cat Furniture for Scratching & Lounging – Gray-Brown, 18.75 x 11 x 11.25 in",https://pets.madabase.com/guides/cat-wall-shelves-buying-guide,0,0,0%,,zero-impression,hold-post-sitemap-observation,hold,2026-08-27,This URL entered sitemap-backed discovery on August 20; rewriting or resubmitting before its first complete seven-day window would destroy the baseline.
soft151,pet,recovery,cat-exercise-wheels,guide,cat-exercise-wheels-buying-guide,"Homegroove Cat Exercise Wheel for Indoor Cats, 46 Inch",https://pets.madabase.com/guides/cat-exercise-wheels-buying-guide,0,0,0%,,zero-impression,hold-post-sitemap-observation,hold,2026-08-27,This URL entered sitemap-backed discovery on August 20; rewriting or resubmitting before its first complete seven-day window would destroy the baseline.
soft151,pet,recovery,cat-play-tunnels,guide,cat-play-tunnels-buying-guide,"Potaroma Spiral Tunnel Cat Toy, Self Play Collapsible Spring Kitten Tunnel",https://pets.madabase.com/guides/cat-play-tunnels-buying-guide,0,0,0%,,zero-impression,hold-post-sitemap-observation,hold,2026-08-27,This URL entered sitemap-backed discovery on August 20; rewriting or resubmitting before its first complete seven-day window would destroy the baseline.
soft151,pet,recovery,pet-monitoring-cameras,guide,pet-monitoring-cameras-buying-guide,"ZUMIMALL Pet Camera with Laser Toy, 2K WiFi Dog Cat Camera with Phone App",https://pets.madabase.com/guides/pet-monitoring-cameras-buying-guide,0,0,0%,,zero-impression,hold-post-sitemap-observation,hold,2026-08-27,This URL entered sitemap-backed discovery on August 20; rewriting or resubmitting before its first complete seven-day window would destroy the baseline.
soft151,pet,recovery,wireless-dog-doorbells,guide,wireless-dog-doorbells-buying-guide,"Mighty Paw Smart Bell 2.0 Wireless Dog Door Bell & Doorbell, 2 Button Pack",https://pets.madabase.com/guides/wireless-dog-doorbells-buying-guide,0,0,0%,,zero-impression,hold-post-sitemap-observation,hold,2026-08-27,This URL entered sitemap-backed discovery on August 20; rewriting or resubmitting before its first complete seven-day window would destroy the baseline.
soft151,pet,recovery,pet-food-storage-containers,guide,pet-food-storage-containers-buying-guide,"Vittles Vault Vittles Vault Junior Pet Food Storage Container, 4 Pounds",https://pets.madabase.com/guides/pet-food-storage-containers-buying-guide,0,0,0%,,zero-impression,hold-post-sitemap-observation,hold,2026-08-27,This URL entered sitemap-backed discovery on August 20; rewriting or resubmitting before its first complete seven-day window would destroy the baseline.
soft151,pet,recovery,hard-sided-pet-carriers,guide,hard-sided-pet-carriers-buying-guide,"Amazon Basics Sturdy Portable 2-Door Top-Load Hard-Sided Pet Travel Carrier with Secure Ventilation, Handle, Front & Top Entry for Dogs, Cats, 22.8""L x 15""W x 13""H, Gray & Blue",https://pets.madabase.com/guides/hard-sided-pet-carriers-buying-guide,0,0,0%,,zero-impression,hold-post-sitemap-observation,hold,2026-08-27,This URL entered sitemap-backed discovery on August 20; rewriting or resubmitting before its first complete seven-day window would destroy the baseline.
soft151,pet,recovery,quick-dry-dog-towels,guide,quick-dry-dog-towels-buying-guide,"Bone Dry Pet Grooming Microfiber Towel, Embroidered Collection, X-Large,41x23.5"", Blue",https://pets.madabase.com/guides/quick-dry-dog-towels-buying-guide,0,0,0%,,zero-impression,hold-post-sitemap-observation,hold,2026-08-27,This URL entered sitemap-backed discovery on August 20; rewriting or resubmitting before its first complete seven-day window would destroy the baseline.
soft151,pet,recovery,aquarium-canister-filters,guide,aquarium-canister-filters-buying-guide,Fluval 307 Perfomance Canister Filter for Aquariums up to 70 Gallons,https://pets.madabase.com/guides/aquarium-canister-filters-buying-guide,0,0,0%,,zero-impression,hold-post-sitemap-observation,hold,2026-08-27,This URL entered sitemap-backed discovery on August 20; rewriting or resubmitting before its first complete seven-day window would destroy the baseline.
soft151,pet,recovery,aquarium-air-pumps,guide,aquarium-air-pumps-buying-guide,"Tetra Whisper Air Pump for Aquariums Up to 60 Gallons, Non-UL",https://pets.madabase.com/guides/aquarium-air-pumps-buying-guide,0,0,0%,,zero-impression,hold-post-sitemap-observation,hold,2026-08-27,This URL entered sitemap-backed discovery on August 20; rewriting or resubmitting before its first complete seven-day window would destroy the baseline.
soft151,pet,recovery,aquarium-heaters,guide,aquarium-heaters-buying-guide,EHEIM Jager Aquarium Thermostat Heater 150W,https://pets.madabase.com/guides/aquarium-heaters-buying-guide,0,0,0%,,zero-impression,hold-post-sitemap-observation,hold,2026-08-27,This URL entered sitemap-backed discovery on August 20; rewriting or resubmitting before its first complete seven-day window would destroy the baseline.
soft151,pet,recovery,reptile-thermostat-controllers,guide,reptile-thermostat-controllers-buying-guide,Exo Terra Dimming and Pulse Proportional Thermostat for Reptile Terrariums,https://pets.madabase.com/guides/reptile-thermostat-controllers-buying-guide,0,0,0%,,zero-impression,hold-post-sitemap-observation,hold,2026-08-27,This URL entered sitemap-backed discovery on August 20; rewriting or resubmitting before its first complete seven-day window would destroy the baseline.
soft151,pet,recovery,airline-dog-crates,guide,airline-dog-crates-buying-guide,"SportPet Airline Compliant LARGE 31.5"" Travel Dog Kennel-Durable Plastic Airline Pet Carrier w/ Removable Wheels & Food Bowls, Collapsible Indoor/Outdoor Dog Kennel, Dogs up to 28""L & 20""H-Cream/Gray",https://pets.madabase.com/guides/airline-dog-crates-buying-guide,0,0,0%,,zero-impression,hold-post-sitemap-observation,hold,2026-08-27,This URL entered sitemap-backed discovery on August 20; rewriting or resubmitting before its first complete seven-day window would destroy the baseline.
soft151,pet,recovery,cat-grooming-gloves,guide,cat-grooming-gloves-buying-guide,"Pet Grooming Gloves - Patented #1 Ranked, Award Winning Shedding, Bathing, & Hair Remover Gloves - Gentle Brush for Cats, Dogs, and Horses (Grey, Medium)",https://pets.madabase.com/guides/cat-grooming-gloves-buying-guide,0,0,0%,,zero-impression,hold-post-sitemap-observation,hold,2026-08-27,This URL entered sitemap-backed discovery on August 20; rewriting or resubmitting before its first complete seven-day window would destroy the baseline.
soft151,pet,recovery,aquarium-led-lights,guide,aquarium-led-lights-buying-guide,"15 inches LED Aquarium Light, 2.5W Fish Tank Light Underwater Light Submersible Crystal Glass Lights, 21 LED Beads 12 Colors 19 Modes Brightness Adjustable Memory Function IP68 Waterproof",https://pets.madabase.com/guides/aquarium-led-lights-buying-guide,0,0,0%,,zero-impression,hold-post-sitemap-observation,hold,2026-08-27,This URL entered sitemap-backed discovery on August 20; rewriting or resubmitting before its first complete seven-day window would destroy the baseline.
soft151,pet,recovery,portable-dog-water-bottles,guide,portable-dog-water-bottles-buying-guide,"MalsiPree Dog Water Bottle Dispenser - 12 oz Blue, Leak-Proof",https://pets.madabase.com/guides/portable-dog-water-bottles-buying-guide,0,0,0%,,zero-impression,hold-post-sitemap-observation,hold,2026-08-27,This URL entered sitemap-backed discovery on August 20; rewriting or resubmitting before its first complete seven-day window would destroy the baseline.
soft151,pet,recovery,dog-bath-sprayers,guide,dog-bath-sprayers-buying-guide,Dog Shower Sprayer with 8ft Hose – High Pressure Dog Shower Attachment for Bathing & Grooming – Pet Shower Hose Sprayer with Indoor/Outdoor Adapters,https://pets.madabase.com/guides/dog-bath-sprayers-buying-guide,0,0,0%,,zero-impression,hold-post-sitemap-observation,hold,2026-08-27,This URL entered sitemap-backed discovery on August 20; rewriting or resubmitting before its first complete seven-day window would destroy the baseline.
